ISSN	Titulo	Estrato	Classificação
0953-7198	A & E LETTER (LONDON)	C	
2965-7822	A BARCA (ONLINE)	B4	
1548-7083	A CONTRACORRIENTE (RALEIGH, N.C.)	C	
2594-9675	A COR DAS LETRAS	A3	
1415-8973	A COR DAS LETRAS (UEFS)	A3	
0011-7641	A DEFESA NACIONAL	B2	
1983-6430	A FÍSICA NA ESCOLA (ONLINE)	A4	
2763-9908	A FORTIORI	C	
2764-4669	A LUZ EM CENA	A4	
2175-2516	A MARGEM: REVISTA ELETRÔNICA DE CIÊNCIAS HUMANAS, LETRAS E ARTES	B4	
1053-1238	A QUARTERLY BULLETIN OF THE COMPUTER SOCIETY OF THE IEEE TECHNICAL COMMITTEE ON DATA ENGINEERING	B1	
1982-5560	A REVISTA CRONOS	B3	
2319-037X	A REVISTA EM FOCO	C	
2764-6335	AAAI ARQUIVOS DE ASMA, ALERGIA E IMUNOLOGIA	B3	
1232-1966	AAEM. ANNALS OF AGRICULTURAL AND ENVIRONMENTAL MEDICINE	A4	
1530-9932	AAPS PHARMSCITECH	A2	
0213-6252	ABACO (GIJÓN)	B4	
2316-9451	ABAKÓS	B3	
2675-6781	ABATIRÁ	A4	
2764-3107	ABC HEART FAILURE & CARDIOMYOPATHY	B4	
2318-8219	ABC: IMAGEM CARDIOVASCULAR	B4	
2675-312X	ABC IMAGEM CARDIOVASCULAR	B4	
0102-6720	ABCD. ARQUIVOS BRASILEIROS DE CIRURGIA DIGESTIVA	A3	
2318-4965	ABCS HEALTH SCIENCES	B2	
2357-8114	ABCS HEALTH SCIENCES	B2	
1980-4814	ABCUSTOS (SÃO LEOPOLDO, RS)	B2	
2596-0873	ABEÁFRICA	B1	
2238-3026	ABEHACHE	B2	
2595-8127	ABEI JOURNAL	B1	
1518-0581	ABEI JOURNAL (SÃO PAULO)	B1	
2662-1738	ABIOTECH	A1	
1984-2090	ABRIL (NITERÓI)	A2	
2526-6675	ABYA-YALA: REVISTA SOBRE ACESSO À JUSTIÇA E DIREITOS NAS AMÉRICAS	A4	
1516-3210	A&C. REVISTA DE DIREITO ADMINISTRATIVO & CONSTITUCIONAL (IMPRESSO)	A1	
2315-7712	ACADEMIA JOURNAL OF SCIENTIFIC RESEARCH	B3	
2771-9359	ACADEMIA LETTERS	A3	
1069-6563	ACADEMIC EMERGENCY MEDICINE	A1	
2281-3993	ACADEMIC JOURNAL OF INTERDISCIPLINARY STUDIES	A3	
1040-2446	ACADEMIC MEDICINE	A1	
2335-4194	ACADEMICA TURISTICA	A4	
1806-9495	ACADEMUS: REVISTA CIENTÍFICA DA SAÚDE	B4	
0001-4273	ACADEMY OF MANAGEMENT JOURNAL	A1	
2965-7318	AÇÃO ERGONÔMICA (ONLINE)	C	
2238-0701	AÇÃO MIDIÁTICA - ESTUDOS EM COMUNICAÇÃO, SOCIEDADE E CULTURA	B1	
2107-7207	ACAROLOGIA	A4	
2516-8290	ACCESS MICROBIOLOGY	B2	
0001-4575	ACCIDENT ANALYSIS AND PREVENTION	A1	
0963-9284	ACCOUNTING EDUCATION	A1	
0949-1775	ACCREDITATION AND QUALITY ASSURANCE	B1	
2972-4570	ACCSCIENCE PUBLISHING (ONLINE)	B4	
2358-5587	ACENO - REVISTA DE ANTROPOLOGIA DO CENTRO-OESTE	A3	
2237-8723	ACERVO: REVISTA DO ARQUIVO NACIONAL	A1	
0889-325X	ACI MATERIALS JOURNAL	A3	
2763-7395	ACINNET JOURNAL - RESEARCH, ACADEMIC MOBILITY AND INNOVATION	B4	
0360-0300	ACM COMPUTING SURVEYS	A1	
0097-8418	ACM SIGCSE BULLETIN	B3	
1946-6226	ACM TRANSACTIONS ON COMPUTING EDUCATION	A1	
1539-9087	ACM TRANSACTIONS ON EMBEDDED COMPUTING SYSTEMS	A3	
2157-6904	ACM TRANSACTIONS ON INTELLIGENT SYSTEMS AND TECHNOLOGY	A1	
1556-4681	ACM TRANSACTIONS ON KNOWLEDGE DISCOVERY FROM DATA	A2	
1551-6857	ACM TRANSACTIONS ON MULTIMEDIA COMPUTING COMMUNICATIONS AND APPLICATIONS	A1	
2770-6699	ACM TRANSACTIONS ON RECOMMENDER SYSTEMS (ONLINE)	B2	
2574-0970	ACS  APPLIED NANO MATERIALS	A2	
2692-1952	ACS AGRICULTURAL SCIENCE & TECHNOLOGY	A2	
2576-6422	ACS APPLIED BIO MATERIALS	A2	
2637-6113	ACS APPLIED ELECTRONIC MATERIALS	A2	
2574-0962	ACS APPLIED ENERGY MATERIALS	A1	
2771-9545	ACS APPLIED ENGINEERING MATERIALS	B1	
1944-8244	ACS APPLIED MATERIALS & INTERFACES (PRINT)	A1	
2637-6105	ACS APPLIED POLYMER MATERIALS	A2	
2373-9878	ACS BIOMATERIALS SCIENCE & ENGINNERING	A2	
2155-5435	ACS CATALYSIS	A1	
1554-8937	ACS CHEMICAL BIOLOGY	A3	
1948-7193	ACS CHEMICAL NEUROSCIENCE	A2	
2472-3452	ACS EARTH AND SPACE CHEMISTRY	A3	
2690-0637	ACS ES&T WATER	A1	
2692-1944	ACS FOOD SCIENCE & TECHNOLOGY	A4	
2373-8227	ACS INFECTIOUS DISEASES	A2	
2694-250X	ACS MEASUREMENT SCIENCE AU	A2	
1948-5875	ACS MED CHEM LETT	A2	
1936-0851	ACS NANO	A1	
2470-1343	ACS OMEGA	A2	
2575-9108	ACS PHARMACOLOGY & TRANSLATIONAL SCIENCE	A1	
2330-4022	ACS PHOTONICS	A1	
2379-3694	ACS SENSORS	A1	
2168-0485	ACS SUSTAINABLE CHEMISTRY & ENGINEERING	A1	
2837-1445	ACS SUSTAINABLE RESOURCE MANAGEMENT (ONLINE)	B2	
2161-5063	ACS SYNTHETIC BIOLOGY	A1	
0120-2812	ACTA AGRONOMICA	B3	
1588-2535	ACTA ALIMENTARIA	B1	
1809-4392	ACTA AMAZONICA	B1	
0044-5967	ACTA AMAZONICA (IMPRESSO)	B1	
2175-1552	ACTA AMBIENTAL CATARINENSE	B1	
2358-2375	ACTA APICOLA BRASILICA	B3	
0167-8019	ACTA APPLICANDAE MATHEMATICAE	A3	
0094-5765	ACTA ASTRONAUTICA	A2	
2596-0016	ACTA BIOLOGICA BRASILIENSIA	B3	
2358-3363	ACTA BIOLÓGICA CATARINENSE	B3	
0120-548X	ACTA BIOLOGICA COLOMBIANA	B1	
1588-385X	ACTA BIOLOGICA SZEGEDIENSIS (PRINT)	B2	
1742-7061	ACTA BIOMATERIALIA	A1	
2236-0867	ACTA BIOMEDICA BRASILIENSIA	B3	
0392-4203	ACTA BIO-MEDICA DELL&APOS;ATENEO PARMENSE	A2	
1677-941X	ACTA BOTANICA BRASILICA	B1	
0102-3306	ACTA BOTANICA BRASÍLICA (IMPRESSO)	B1	
2526-4338	ACTA BRASILIENSIS	B4	
2526-432X	ACTA BRASILIENSIS	B4	
0102-8650	ACTA CIRÚRGICA BRASILEIRA (IMPRESSO)	A3	
1678-2674	ACTA CIRÚRGICA BRASILEIRA (ONLINE)	A3	
1909-9711	ACTA COLOMBIANA DE PSICOLOGIA	A1	
0123-9155	ACTA COLOMBIANA DE PSICOLOGIA	A1	
0188-8145	ACTA COMPORTAMENTALIA	A2	
2053-2296	ACTA CRYSTALLOGRAPHICA SECTION C: STRUCTURAL CHEMISTRY	B2	
2059-7983	ACTA CRYSTALLOGRAPHICA SECTION D	A2	
2178-2105	ACTA DE CIÊNCIAS E SAÚDE	B4	
2675-1208	ACTA ELIT SALUTIS	B4	
1843-066X	ACTA ENDOCRINOLOGICA (ONLINE)	B3	
0104-7795	ACTA FISIATRICA	B2	
2317-0190	ACTA FISIÁTRICA	B2	
2177-4307	ACTA GEOGRAFICA	A2	
1980-5772	ACTA GEOGRÁFICA (UFRR)	A2	
1895-6572	ACTA GEOPHYSICA	A3	
0065-1281	ACTA HISTOCHEMICA (PRINT)	A4	
0567-7572	ACTA HORTICULTURAE	B2	
2316-4093	ACTA IGUAZU	B4	
2179-975X	ACTA LIMNOLOGICA BRASILIENSIA (ONLINE)	B1	
1359-6454	ACTA MATERIALIA (OXFORD)	A1	
0001-5970	ACTA MECHANICA	A3	
2525-9350	ACTA MECHANÌCA ET MOBILITATEM (ONLINE)	C	
0044-6025	ACTA MEDICA IRANICA	B2	
1728-5917	ACTA MEDICA PERUANA	A3	
1689-0035	ACTA NEUROBIOLOGIAE EXPERIMENTALIS (ONLINE)	B2	
0300-9009	ACTA NEUROLOGICA BELGICA	A4	
0001-6314	ACTA NEUROLOGICA SCANDINAVICA	A2	
0001-6322	ACTA NEUROPATHOLOGICA	A1	
1601-5215	ACTA NEUROPSYCHIATRICA	A1	
1852-4834	ACTA ODONTOLOGICA LATINOAMERICANA	B3	
0001-6357	ACTA ODONTOLOGICA SCANDINAVICA (TRYKT UTG.)	A3	
1146-609X	ACTA OECOLOGICA (MONTROUGE)	A3	
1509-409X	ACTA OF BIOENGINEERING AND BIOMECHANICS	B2	
0001-6454	ACTA ORNITHOLOGICA	A4	
1809-4406	ACTA ORTOPÉDICA BRASILEIRA	B2	
1413-7852	ACTA ORTOPÉDICA BRASILEIRA (IMPRESSO)	B2	
0001-6489	ACTA OTO-LARYNGOLOGICA	A4	
0001-6519	ACTA OTORRINOLARINGOLÓGICA ESPAÑOLA	B1	
1230-2821	ACTA PARASITOLOGICA	A4	
1982-0194	ACTA PAUL DE ENFERM	A2	
0103-2100	ACTA PAULISTA DE ENFERMAGEM	A2	
1861-1664	ACTA PHYSIOLOGIAE PLANTARUM	A2	
0137-5881	ACTA PHYSIOLOGIAE PLANTARUM	A2	
1748-1716	ACTA PHYSIOLOGICA (ONLINE)	A1	
2183-5985	ACTA PORTUGUESA DE NUTRIÇÃO	B3	
0001-6896	ACTA PSIQUIÁTRICA Y PSICOLÓGICA DE AMÉRICA LATINA	B1	
0001-690X	ACTA PSYCHIATRICA SCANDINAVICA	A1	
0001-6918	ACTA PSYCHOLOGICA	A2	
0284-1851	ACTA RADIOLOGICA (1987)	B1	
2317-8957	ACTA SCIENTIAE ET TECHNICAE	B3	
1679-9216	ACTA SCIENTIAE VETERINARIAE (ONLINE)	B4	
1807-8621	ACTA SCIENTIARUM. AGRONOMY (ONLINE)	A4	
1806-2636	ACTA SCIENTIARUM. ANIMAL SCIENCES	A4	
1807-8672	ACTA SCIENTIARUM. ANIMAL SCIENCES	A4	
1679-9283	ACTA SCIENTIARUM. BIOLOGICAL SCIENCES (IMPRESSO)	B2	
1807-863X	ACTA SCIENTIARUM. BIOLOGICAL SCIENCES (ONLINE)	B2	
2178-5201	ACTA SCIENTIARUM. EDUCATION (ONLINE)	A1	
1679-9291	ACTA SCIENTIARUM. HEALTH SCIENCES (IMPRESSO)	B2	
1807-8648	ACTA SCIENTIARUM. HEALTH SCIENCES (ONLINE)	B2	
1807-8656	ACTA SCIENTIARUM. HUMAN AND SOCIAL SCIENCES	A2	
1679-7361	ACTA SCIENTIARUM. HUMAN AND SOCIAL SCIENCES (IMPRESSO)	A2	
1983-4683	ACTA SCIENTIARUM. LANGUAGE AND CULTURE (ONLINE)	A2	
1644-0730	ACTA SCIENTIARUM POLONORUM TECHNOLOGIA ALIMENTARIA	B1	
1806-2563	ACTA SCIENTIARUM. TECHNOLOGY (IMPRESSO)	A4	
1807-8664	ACTA SCIENTIARUM. TECHNOLOGY (ONLINE)	A4	
2581-365X	ACTA SCIENTIFIC AGRICULTURE	B3	
2581-4893	ACTA SCIENTIFIC DENTAL SCIENCES	B3	
2581-3226	ACTA SCIENTIFIC MICROBIOLOGY	B1	
2582-1423	ACTA SCIENTIFIC NUTRITIONAL HEALTH	B2	
2581-8635	ACTA SCIENTIFIC ORTHOPAEDICS	B3	
2582-5550	ACTA SCIENTIFIC OTOLARYNGOLOGY	B3	
2581-5423	ACTA SCIENTIFIC PHARMACEUTICAL SCIENCES	B2	
2582-3205	ACTA SCIENTIFIC WOMEN’S HEALTH	B3	
0102-4264	ACTA SEMIÓTICA ET LINGUÍSTICA	B2	
2446-7006	ACTA SEMIÓTICA ET LINGVISTICA	B2	
0186-6028	ACTA SOCIOLOGICA	A1	
2792-047X	ACTA STOMATOLOGICA CAPPADOCIA (ONLINE)	B4	
1982-422X	ACTA TECNOLÓGICA	B4	
0001-706X	ACTA TROPICA	A2	
2353-4850	ACTA UNIVERSITATIS LODZIENSIS. FOLIA SOCIOLOGICA (ONLINE)	A4	
1981-5484	ACTA VETERINARIA BRASILICA	B4	
1751-0147	ACTA VETERINARIA SCANDINAVICA (ONLINE)	A2	
0001-723X	ACTA VIROLOGICA (ENGLISH ED.)	B1	
1463-6395	ACTA ZOOLOGICA ONLINE	A3	
0001-7272	ACTA ZOOLOGICA (STOCKHOLM)	A3	
2357-8068	ACTAPESCA	B4	
1850-2032	ACTAS DE DISEÑO	A2	
2525-8923	ACTIO: DOCÊNCIA EM CIÊNCIAS	A1	
2447-0384	ACTIO: REVISTA DE ESTUDOS JURÍDICOS	C	
1698-4277	ACTUALIDAD EN FARMACOLOGÍA Y TERAPÉUTICA	B2	
2215-3535	ACTUALIDADES EN PSICOLOGÍA	A2	
0120-1700	ACTUALIDADES PEDAGÓGICAS	A3	
2076-0825	ACTUATORS	B1	
0964-5284	ACUPUNCTURE IN MEDICINE	A3	
2184-8033	AD AETERNUM	B1	
1570-8705	AD HOC NETWORKS	A1	
1808-8902	ADAPTA (RIO CLARO)	B1	
1059-7123	ADAPTIVE BEHAVIOR	A3	
1058-6989	ADDICTION RESEARCH	B4	
0306-4603	ADDICTIVE BEHAVIORS	A1	
2214-8604	ADDITIVE MANUFACTURING	A1	
1518-9929	ADM. MADE (UNIVERSIDADE ESTÁCIO DE SÁ)	B2	
2316-7548	ADMINISTRAÇÃO DE EMPRESAS EM REVISTA	B2	
2177-6083	ADMINISTRAÇÃO: ENSINO E PESQUISA	A3	
2358-0917	ADMINISTRAÇÃO: ENSINO E PESQUISA (RAEP)	A3	
2175-5787	ADMINISTRAÇÃO PÚBLICA E GESTÃO SOCIAL	A3	
2500-5227	ADMINISTRACIÓN Y DESARROLLO (VERSÃO DIGITAL)	A4	
1015-4833	ADMINISTRATIO PUBLICA	B2	
0095-3997	ADMINISTRATION & SOCIETY	A1	
2076-3387	ADMINISTRATIVE SCIENCES	C	
2237-5139	ADM.MADE	B2	
0929-5607	ADSORPTION (BOSTON)	A1	
2689-8209	ADVANCE RESEARCH ON ENDOCRINOLOGY & METABOLISM	B4	
2701-0198	ADVANCED BIOLOGY	A3	
0169-409X	ADVANCED DRUG DELIVERY REVIEWS	A1	
2119-0275	ADVANCED ELECTROMAGNETICS	B1	
2199-160X	ADVANCED ELECTRONIC MATERIALS	A2	
2699-9412	ADVANCED ENERGY AND SUSTAINABILITY RESEARCH	A1	
1614-6832	ADVANCED ENERGY MATERIALS	A1	
1527-2648	ADVANCED ENGINEERING MATERIALS	A3	
1616-301X	ADVANCED FUNCTIONAL MATERIALS (PRINT)	A1	
2192-2659	ADVANCED HEALTHCARE MATERIALS	A1	
2196-7350	ADVANCED MATERIALS INTERFACES	A1	
0976-3961	ADVANCED MATERIALS LETTERS	B1	
2002-4428	ADVANCED MATERIALS PROCEEDINGS	B2	
1662-8985	ADVANCED MATERIALS RESEARCH (ONLINE)	B4	
0935-9648	ADVANCED MATERIALS (WEINHEIM PRINT)	A1	
2699-9307	ADVANCED NANOBIOMED RESEARCH	A2	
0921-8831	ADVANCED POWDER TECHNOLOGY (PRINT)	A1	
2751-1219	ADVANCED SENSOR RESEARCH (ONLINE)	B3	
1313-1311	ADVANCED STUDIES IN THEORETICAL PHYSICS	A4	
0065-2113	ADVANCES IN AGRONOMY	A1	
2307-8316	ADVANCES IN ANIMAL AND VETERINARY SCIENCES	B1	
2163-9353	ADVANCES IN ANTHROPOLOGY	C	
2156-8502	ADVANCES IN BIOSCIENCE AND BIOTECHNOLOGY	C	
2156-8456	ADVANCES IN BIOSCIENCE AND BIOTECHNOLOGY (IMPRESSO)	C	
2474-7637	ADVANCES IN BIOTECHNOLOGY & MICROBIOLOGY	B4	
0951-7197	ADVANCES IN CEMENT RESEARCH	A3	
2160-0392	ADVANCES IN CHEMICAL ENGINEERING AND SCIENCE	C	
0001-8686	ADVANCES IN COLLOID AND INTERFACE SCIENCE (PRINT)	A1	
2466-0523	ADVANCES IN COMPUTATIONAL DESIGN (ONLINE)	A4	
2730-7794	ADVANCES IN COMPUTATIONAL INTELLIGENCE	B3	
1019-7168	ADVANCES IN COMPUTATIONAL MATHEMATICS	A2	
0098-9258	ADVANCES IN CONSUMER RESEARCH	A4	
2331-1991	ADVANCES IN ENTOMOLOGY	B2	
2766-6190	ADVANCES IN ENVIRONMENTAL AND ENGINEERING RESEARCH	B2	
2357-8181	ADVANCES IN FORESTRY SCIENCE	B2	
1687-7357	ADVANCES IN HIGH ENERGY PHYSICS	B1	
0394-6169	ADVANCES IN HORTICULTURAL SCIENCE	B2	
1592-1573	ADVANCES IN HORTICULTURAL SCIENCE	B2	
2666-9129	ADVANCES IN INDUSTRIAL AND MANUFACTURING ENGINEERING	A3	
2212-9588	ADVANCES IN INTEGRATIVE MEDICINE	B1	
3006-2365	ADVANCES IN LANGUAGE, HIGHER EDUCATION AND METHODOLOGY (PRINT)	C	
2374-068X	ADVANCES IN MATERIALS AND PROCESSING TECHNOLOGIES	A3	
1343-4373	ADVANCES IN MATHEMATICAL SCIENCES AND APPLICATIONS	B4	
2515-2459	ADVANCES IN METHODS AND PRACTICES IN PSYCHOLOGICAL SCIENCE	A1	
2165-3410	ADVANCES IN MICROBIOLOGY	C	
2675-1798	ADVANCES IN NURSING AND HEALTH	B3	
2981-8060	ADVANCES IN OBSTETRICS AND GYNECOLOGY RESEARCH	C	
2474-9214	ADVANCES IN PHARMACOLOGY & CLINICAL TRIALS (ONLINE)	B3	
1043-4046	ADVANCES IN PHYSIOLOGY EDUCATION	A2	
0972-9917	ADVANCES IN PLANT PHYSIOLOGY	C	
2972-4392	ADVANCES IN RADIOTHERAPY & NUCLEAR MEDICINE (ONLINE)	C	
2667-1379	ADVANCES IN REDOX RESEARCH (ONLINE)	B1	
2169-2688	ADVANCES IN REMOTE SENSING	B3	
2348-0394	ADVANCES IN RESEARCH	B4	
2523-3106	ADVANCES IN RHEUMATOLOGY	A2	
2299-8624	ADVANCES IN SCIENCE AND TECHNOLOGY RESEARCH JOURNAL (ASTRJ) (ONLINE)	B1	
1983-8611	ADVANCES IN SCIENTIFIC & APPLIED ACCOUNTING	A3	
1538-8654	ADVANCES IN SKIN & WOUND CARE	A2	
2055-0286	ADVANCES IN SOCIAL SCIENCES RESEARCH JOURNAL	A2	
0273-1177	ADVANCES IN SPACE RESEARCH	A2	
0741-238X	ADVANCES IN THERAPY	A2	
2662-4052	ADVANCES IN TRADITIONAL MEDICINE	A3	
0309-1708	ADVANCES IN WATER RESOURCES	A1	
2675-9462	ADVANCES IN WEED SCIENCE	A4	
1518-3769	ADVIR (ASDUERJ)	B1	
2675-424X	AEC&D - ARTE, EDUCAÇÃO, COMUNICAÇÃO & DESIGN	A4	
1984-5634	AEDOS: REVISTA DO CORPO DISCENTE DO PROGRAMA DE PÓS-GRADUAÇÃO EM HISTÓRIA DA UFRGS (ONLINE)	A1	
0393-5965	AEROBIOLOGIA (BOLOGNA)	A3	
2510-3768	AEROSOL SCIENCE AND ENGINEERING (ONLINE)	B1	
2375-6314	AEROSPACE MEDICINE AND HUMAN PERFORMANCE	B1	
2226-4310	AEROSPACE (ONLINE)	C	
1270-9638	AEROSPACE SCIENCE AND TECHNOLOGY (IMPRIMÉ)	A1	
1724-2118	AESTIMUM	A3	
1434-8411	AEU - INTERNATIONAL JOURNAL OF ELECTRONICS AND COMMUNICATIONS	A2	
2525-3441	AFLUENTE - REVISTA DE LETRAS E LINGUÍSTICA	A4	
1991-637X	AFRICAN JOURNAL OF AGRICULTURAL RESEARCH	A4	
1996-0786	AFRICAN JOURNAL OF ENVIRONMENTAL SCIENCE AND TECHNOLOGY	B1	
1684-5374	AFRICAN JOURNAL OF FOOD, AGRICULTURE, NUTRITION AND DEVELOPMENT	B3	
1996-0794	AFRICAN JOURNAL OF FOOD SCIENCE	C	
1996-0808	AFRICAN JOURNAL OF MICROBIOLOGY RESEARCH	B1	
1118-4841	AFRICAN JOURNAL OF REPRODUCTIVE HEALTH	B2	
2042-1338	AFRICAN JOURNAL OF SCIENCE, TECHNOLOGY, INNOVATION & DEVELOPMENT (AJSTID)	A2	
2374-3670	AFRICAN JOURNALISM STUDIES	A4	
0874-2375	AFRICANA STUDIA	A4	
2446-7375	ÁFRICA(S)	A3	
1981-1411	AFROASIA	A1	
0002-0591	AFRO-ÁSIA (UFBA. IMPRESSO)	A1	
2675-6862	AFROS & AMAZÔNICOS	B3	
0002-0729	AGE AND AGEING	A1	
1468-2834	AGE AND AGEING (ONLINE)	A1	
0163-5158	AGEING INTERNATIONAL	A4	
1568-1637	AGEING RESEARCH REVIEWS (PRINT)	A1	
2311-5718	AGENDA INTERNACIONAL	A2	
2318-8499	AGENDA POLÍTICA	A2	
1981-9862	AGENDA SOCIAL (UENF)	B3	
1360-7863	AGING & MENTAL HEALTH (PRINT)	A1	
1945-4589	AGING (ALBANY)	C	
2152-5250	AGING AND DISEASE	A1	
1720-8319	AGING CLINICAL AND EXPERIMENTAL RESEARCH	A2	
2447-8377	ÁGOR@ - REVISTA ACADÊMICA DE FORMAÇÃO DE PROFESSORES	B3	
2237-9010	ÁGORA : REVISTA DE DIVULGAÇÃO CIENTÍFICA	B3	
0103-3557	ÁGORA: ARQUIVOLOGIA EM DEBATE	A3	
2763-9045	ÁGORA: ARQUIVOLOGIA EM DEBATE	A3	
0874-5498	ÁGORA (AVEIRO)	A3	
1809-4414	ÁGORA: ESTUDOS EM TEORIA PSICANALÍTICA (ONLINE)	A2	
1982-999X	ÁGORA FILOSÓFICA	A3	
1989-7200	AGORA PARA LA EDUCACION FISICA Y EL DEPORTE	B1	
1982-6737	ÁGORA (UNISC. ONLINE)	A4	
2357-9951	AGRARIAN ACADEMY	B4	
1984-2538	AGRARIAN (DOURADOS. ONLINE)	B1	
2277-9760	AGRARIAN SOUTH: JOURNAL OF POLITICAL ECONOMY	A2	
1520-6297	AGRIBUSINESS	A2	
1414-0810	AGRICULTURA FAMILIAR (UFPA)	A3	
2959-9784	AGRICULTURAL & RURAL STUDIES (ONLINE)	B4	
1461-9563	AGRICULTURAL AND FOREST ENTOMOLOGY (ONLINE)	A3	
1461-9555	AGRICULTURAL AND FOREST ENTOMOLOGY (PRINT)	A3	
0168-1923	AGRICULTURAL AND FOREST METEOROLOGY (PRINT)	A1	
2249-720X	AGRICULTURAL RESEARCH	A3	
0308-521X	AGRICULTURAL SYSTEMS	A1	
0378-3774	AGRICULTURAL WATER MANAGEMENT (PRINT)	A1	
2077-0472	AGRICULTURE	A2	
0889-048X	AGRICULTURE AND HUMAN VALUES	A1	
0167-8809	AGRICULTURE, ECOSYSTEMS & ENVIRONMENT (PRINT)	A1	
1166-7699	AGRICULTURES (MONTROUGE) / CAHIERS D'ÉTUDES ET DE RECHERCHES FRANCOPHONES	A2	
2624-7402	AGRIENGINEERING	A2	
1804-1930	AGRIS ON-LINE PAPERS IN ECONOMICS AND INFORMATICS	A4	
2751-6172	AGRIVOLTAICS CONFERENCE PROCEEDINGS (ONLINE)	C	
2594-5866	AGRO EM QUESTÃO	B3	
1316-0354	AGROALIMENTARIA (CARACAS)	B2	
1405-3195	AGROCIENCIA (MONTECILLO)	B2	
2730-5066	AGROCIENCIA URUGUAY	B3	
2168-3565	AGROECOLOGY AND SUSTAINABLE FOOD SYSTEMS (PRINT)	A2	
2168-3573	AGROECOLOGY AND SUSTENTAINABLE FOOD SYSTEMS	A2	
1572-9680	AGROFORESTRY SYSTEMS	A2	
0167-4366	AGROFORESTRY SYSTEMS (PRINT)	A2	
1982-8470	AGRO@MBIENTE ON-LINE	B2	
2591-4383	AGROMENSAJES (ONLINE)	B3	
2526-7043	AGROMETEOROS	B2	
0002-192X	AGRONOMÍA TROPICAL (MARACAY)	B2	
2073-4395	AGRONOMY	A2	
1774-0746	AGRONOMY FOR SUSTAINABLE DEVELOPMENT	A1	
1435-0645	AGRONOMY JOURNAL (ONLINE)	A3	
1406-894X	AGRONOMY RESEARCH	B1	
2359-1455	AGRONOMY SCIENCE AND BIOTECHNOLOGY	B1	
2525-877X	AGROPAMPA: REVISTA DE GESTÃO DO AGRONEGÓCIO	B2	
0103-0779	AGROPECUÁRIA CATARINENSE	B2	
1808-6845	AGROPECUÁRIA CIENTÍFICA NO SEMI-ÁRIDO	B3	
1690-4141	AGROPOLIS	C	
2639-6696	AGROSYSTEMS, GEOSCIENCES & ENVIRONMENT	A3	
0103-3816	AGROTRÓPICA (ITABUNA)	B2	
2076-5401	AGUA (HUANCAYO)	C	
1678-7471	ÁGUA VIVA (UNB)	B1	
2340-8472	AGUA Y TERRITORIO	A4	
2340-7743	AGUA Y TERRITORIO	A4	
1980-7767	AGUARRÁS	B4	
2179-9784	ÁGUAS SUBTERRÂNEAS	B2	
2673-2688	AI	C	
0951-5666	AI & SOCIETY	A1	
0921-7126	AI COMMUNICATIONS	B2	
0001-1541	AICHE JOURNAL	A1	
1090-7165	AIDS AND BEHAVIOR	A1	
1573-3254	AIDS AND BEHAVIOR (DORDRECHT. ONLINE)	A1	
0269-9370	AIDS (LONDON)	A3	
0889-2229	AIDS RESEARCH AND HUMAN RETROVIRUSES	B1	
1742-6405	AIDS RESEARCH AND THERAPY	A4	
1139-6121	AIDS REVIEWS	B1	
2796-7506	AIKEN. REVISTA DE CIENCIAS SOCIALES Y DE LA SALUD (ONLINE)	A4	
2471-2086	AIMS AGRICULTURE AND FOOD	A2	
2375-1495	AIMS BIOENGINEERING (ONLINE)	B4	
2471-2132	AIMS GEOSCIENCES	B3	
2473-6988	AIMS MATHEMATICS	A3	
1128-7209	AION: ANNALI DELL'UNIVERSITÀ DEGLI STUDI DI NAPOLI «L'ORIENTALE»	A4	
2996-9905	AION: JOURNAL OF PHILOSOFY AND SCIENCE (ONLINE)	C	
2158-3226	AIP ADVANCES	A4	
1067-991X	AIR MEDICAL JOURNAL	B1	
2813-4168	AIR (ONLINE)	C	
1873-9318	AIR QUALITY, ATMOSPHERE AND HEALTH	A2	
0718-7181	AISTHESIS	A2	
3006-2470	ALBA – ISFIC RESEARCH AND SCIENCE JOURNAL (ONLINE)	B2	
1983-9472	ALBUQUERQUE: REVISTA DE HISTÓRIA	A2	
2526-7280	ALBUQUERQUE: REVISTA DE HISTÓRIA	A2	
2175-7402	ALCEU (ONLINE)	A3	
1518-8728	ALCEU (PUCRJ)	A3	
0741-8329	ALCOHOL (FAYETTEVILLE, N.Y.)	A2	
1316-6727	ALDEA MUNDO. REVISTA SOBRE FRONTERAS Y INTEGRACIÓN	A4	
1807-0299	ALEA : ESTUDOS NEOLATINOS (ONLINE)	A1	
1517-106X	ALEA. ESTUDOS NEOLATINOS	A1	
1981-1330	ALETHEIA	A4	
1413-0394	ALETHEIA (ULBRA)	A4	
2317-2096	ALETRIA: REVISTA DE ESTUDOS DE LITERATURA	A3	
1679-3749	ALETRIA (UFMG)	A3	
1110-0168	ALEXANDRIA ENGINEERING JOURNAL	A1	
1982-5153	ALEXANDRIA (UFSC)	A1	
1981-5794	ALFA: REVISTA DE LINGUÍSTICA (SÃO JOSÉ DO RIO PRETO)	A1	
2211-9264	ALGAL RESEARCH	A1	
0178-4617	ALGORITHMICA	A4	
1999-4893	ALGORITHMS	C	
1748-7188	ALGORITHMS FOR MOLECULAR BIOLOGY	A4	
0971-4693	ALLELOPATHY JOURNAL	B2	
2313-5786	ALLERGIES	C	
1710-1492	ALLERGY, ASTHMA, AND CLINICAL IMMUNOLOGY (ONLINE)	A4	
2236-4633	ALMANACK	A1	
2526-8066	ALMANAQUE DE CIÊNCIA POLÍTICA	B2	
2359-6651	ALMANAQUE MULTIDISCIPLINAR DE PESQUISA	B2	
0100-1655	ALTER: REVISTA DE ESTUDOS PSICANALÍTICOS	B3	
2447-9837	ÁLTERA REVISTA DE ANTROPOLOGIA	A4	
1078-6791	ALTERNATIVE THERAPIES IN HEALTH AND MEDICINE	A4	
1923-919X	ALTERSTICE - REVUE INTERNATIONALE DE LA RECHERCHE INTERCULTURELLE	B3	
2318-4817	ALTUS CIÊNCIAS	B1	
0893-0341	ALZHEIMER DISEASE AND ASSOCIATED DISORDERS	A4	
1552-5260	ALZHEIMER'S & DEMENTIA	A1	
2352-8729	ALZHEIMER'S & DEMENTIA: DIAGNOSIS, ASSESSMENT & DISEASE MONITORING	A2	
1552-5279	ALZHEIMER'S & DEMENTIA (ONLINE)	A1	
2352-8737	ALZHEIMER'S & DEMENTIA: TRANSLATIONAL RESEARCH & CLINICAL INTERVENTIONS	A1	
1758-9193	ALZHEIMER'S RESEARCH & THERAPY	A1	
2406-1654	AM JOURNAL OF ART AND MEDIA STUDIES (ONLINE)	A2	
2525-8281	AMADEUS INTERNATIONAL MULTIDISCIPLINARY JOURNAL	B4	
2317-5125	AMAZÔNIA - REVISTA DE EDUCAÇÃO EM CIÊNCIAS E MATEMÁTICAS (ONLINE)	A1	
2322-6307	AMAZONIA INVESTIGA	B2	
2177-8760	AMAZONIAN JOURNAL OF AGRICULTURAL AND ENVIRONMENTAL SCIENCES / REVISTA DE CIÊNCIAS AGRÁRIAS	B1	
2594-5092	AMAZONIAN JOURNAL OF PLANT RESEARCH	B3	
1984-6215	AMAZÔNICA: REVISTA DE ANTROPOLOGIA (IMPRESSO)	A2	
2176-0675	AMAZÔNICA: REVISTA DE ANTROPOLOGIA (ONLINE)	A2	
1517-3127	AMAZÔNIDA (UFAM)	A4	
2191-0855	AMB EXPRESS	A2	
2175-9405	AMBIÊNCIA (ONLINE)	B4	
1413-8638	AMBIENTE & EDUCAÇÃO	A3	
2238-5533	AMBIENTE & EDUCAÇÃO: REVISTA DE EDUCAÇÃO AMBIENTAL	A3	
1809-4422	AMBIENTE & SOCIEDADE (ONLINE)	A2	
1415-8876	AMBIENTE CONSTRUÍDO	A3	
1678-8621	AMBIENTE CONSTRUÍDO (ONLINE)	A3	
1414-753X	AMBIENTE E SOCIEDADE	A2	
2674-6816	AMBIENTES	A1	
2764-3034	AMBIENTES EM MOVIMENTO	B3	
1654-7209	AMBIO A JOURNAL OF ENVIRONMENT AND SOCIETY	A1	
1988-5733	ÁMBITOS	A1	
1139-1979	AMBITOS - REVISTA INTERNACIONAL DE COMUNICACIÓN	A1	
2318-3888	AMBIVALÊNCIAS	B2	
2007-3496	AMÉRICA LATINA EN LA HISTORIA ECONÓMICA	A3	
1130-2887	AMÉRICA LATINA HOY	A1	
1982-1212	AMÉRICA (SÃO PAULO)	B1	
0002-7294	AMERICAN ANTHROPOLOGIST	A1	
1548-1433	AMERICAN ANTHROPOLOGIST (ONLINE)	A1	
2249-0205	AMERICAN CHEMICAL SCIENCE JOURNAL	A4	
1945-7782	AMERICAN ECONOMIC JOURNAL: APPLIED ECONOMICS	A1	
1557-4989	AMERICAN JOURNAL OF AGRICULTURAL AND BIOLOGICAL SCIENCES	B4	
1533-3175	AMERICAN JOURNAL OF ALZHEIMER'S DISEASE AND OTHER DEMENTIAS	A2	
1557-4555	AMERICAN JOURNAL OF ANIMAL AND VETERINARY SCIENCES	A4	
1059-0889	AMERICAN JOURNAL OF AUDIOLOGY (PRINT)	A4	
1526-5161	AMERICAN JOURNAL OF BIOETHICS	A1	
2162-965X	AMERICAN JOURNAL OF BIOMASS AND BIOENERGY	B4	
0002-9122	AMERICAN JOURNAL OF BOTANY	A2	
1537-2197	AMERICAN JOURNAL OF BOTANY (ELETRONIC VERSION)	A2	
2156-6976	AMERICAN JOURNAL OF CANCER RESEARCH	A3	
2637-4935	AMERICAN JOURNAL OF CARDIOLOGY RESEARCH AND REVIEWS	C	
2330-8613	AMERICAN JOURNAL OF CHEMICAL ENGINEERING	B1	
2330-1910	AMERICAN JOURNAL OF CLINICAL AND EXPERIMENTAL UROLOGY	B1	
0894-8275	AMERICAN JOURNAL OF DENTISTRY	B1	
1932-149X	AMERICAN JOURNAL OF DISASTER MEDICINE	B1	
2320-0847	AMERICAN JOURNAL OF ENGINEERING RESEARCH	C	
0002-9262	AMERICAN JOURNAL OF EPIDEMIOLOGY	A1	
2321-9114	AMERICAN JOURNAL OF ESSENTIAL OILS AND NATURAL PRODUCTS	C	
2348-9502	AMERICAN JOURNAL OF ETHNOMEDICINE	C	
1049-9091	AMERICAN JOURNAL OF HOSPICE AND PALLIATIVE MEDICINE	A2	
1520-6300	AMERICAN JOURNAL OF HUMAN BIOLOGY (ONLINE)	A1	
0895-7061	AMERICAN JOURNAL OF HYPERTENSION	A2	
0271-3586	AMERICAN JOURNAL OF INDUSTRIAL MEDICINE (PRINT)	A2	
0196-6553	AMERICAN JOURNAL OF INFECTION CONTROL	A1	
1553-6203	AMERICAN JOURNAL OF INFECTIOUS DISEASES	B4	
0272-6386	AMERICAN JOURNAL OF KIDNEY DISEASES	A1	
1552-4833	AMERICAN JOURNAL OF MEDICAL GENETICS - PART A	B2	
1552-4825	AMERICAN JOURNAL OF MEDICAL GENETICS. PART A	B2	
1552-4841	AMERICAN JOURNAL OF MEDICAL GENETICS. PART B, NEUROPSYCHIATRIC GENETICS	A3	
1552-4868	AMERICAN JOURNAL OF MEDICAL GENETICS. PART C, SEMINARS IN MEDICAL GENETICS	A2	
0195-6108	AMERICAN JOURNAL OF NEURORADIOLOGY	A2	
0002-9378	AMERICAN JOURNAL OF OBSTETRICS AND GYNECOLOGY (PRINT)	A1	
2160-8830	AMERICAN JOURNAL OF OPERATIONS RESEARCH	C	
0002-9394	AMERICAN JOURNAL OF OPHTHALMOLOGY	A1	
0889-5406	AMERICAN JOURNAL OF ORTHODONTICS AND DENTOFACIAL ORTHOPEDICS	A1	
0196-0709	AMERICAN JOURNAL OF OTOLARYNGOLOGY (PRINT)	A2	
0894-9115	AMERICAN JOURNAL OF PHYSICAL MEDICINE & REHABILITATION	A2	
1537-7385	AMERICAN JOURNAL OF PHYSICAL MEDICINE AND REHABILITATION	A2	
2163-5773	AMERICAN JOURNAL OF PHYSIOLOGY	B4	
0193-1849	AMERICAN JOURNAL OF PHYSIOLOGY: ENDOCRINOLOGY AND METABOLISM	A2	
1522-1539	AMERICAN JOURNAL OF PHYSIOLOGY. HEART AND CIRCULATORY PHYSIOLOGY	A1	
1522-1490	AMERICAN JOURNAL OF PHYSIOLOGY. REGULATORY, INTEGRATIVE AND COMPARATIVE PHYSIOLOGY	A3	
1522-1563	AMERICAN JOURNAL OF PHYSIOLOGY-CELL PHYSIOLOGY	A1	
2158-2750	AMERICAN JOURNAL OF PLANT SCIENCES	B1	
0749-3797	AMERICAN JOURNAL OF PREVENTIVE MEDICINE	A1	
1098-2345	AMERICAN JOURNAL OF PRIMATOLOGY	A2	
0090-0036	AMERICAN JOURNAL OF PUBLIC HEALTH (1971)	A1	
8755-8920	AMERICAN JOURNAL OF REPRODUCTIVE IMMUNOLOGY AND MICROBIOLOGY (CESSOU EM 1988. CONT. 1046-7408 AMERICAN JOURNAL OF REPRODUCTIVE IMMUNOLOGY)	A3	
1073-449X	AMERICAN JOURNAL OF RESPIRATORY AND CRITICAL CARE MEDICINE	A1	
1058-0360	AMERICAN JOURNAL OF SPEECH-LANGUAGE PATHOLOGY	A1	
2330-8559	AMERICAN JOURNAL OF SPORTS SCIENCE	C	
1075-2765	AMERICAN JOURNAL OF THERAPEUTICS (PRINT)	A3	
1476-1645	AMERICAN JOURNAL OF TROPICAL MEDICINE AND HYGINE	A2	
2313-4410	AMERICAN SCIENTIFIC RESEARCH JOURNAL FOR ENGINEERING, TECHNOLOGY, AND SCIENCES	C	
2313-4402	AMERICAN SCIENTIFIC RESEARCH JOURNAL FOR ENGINEERING, TECHNOLOGY, AND SCIENCES (ASRJETS)	C	
0939-4451	AMINO ACIDS (WIEN. PRINT)	A3	
0173-5373	AMPHIBIA-REPTILIA	A3	
2146-0957	AN INTERNATIONAL JOURNAL OF OPTIMIZATION AND CONTROL: THEORIES & APPLICATIONS (PRINT)	A2	
1075-9964	ANAEROBE (LONDON. PRINT)	A4	
0003-2409	ANAESTHESIA (LONDON. PRINT)	A1	
0365-0596	ANAIS BRASILEIROS DE DERMATOLOGIA (IMPRESSO)	A2	
2238-2925	ANAIS BRASILEIROS DE ESTUDOS TURÍSTICOS	A4	
0001-3765	ANAIS DA ACADEMIA BRASILEIRA DE CIÊNCIAS (IMPRESSO)	A3	
1678-2690	ANAIS DA ACADEMIA BRASILEIRA DE CIÊNCIAS (ONLINE)	A3	
0100-1922	ANAIS DA BIBLIOTECA NACIONAL	B4	
1982-5323	ANAIS DE FILOSOFIA CLÁSSICA (ONLINE)	A2	
2238-3743	ANAIS DE RESUMOS EXPANDIDOS DO 12ª SAU UEG (SEMANA DE CINEMA E AUDIOVISUAL DA UNIVERSIDADE ESTADUAL DE GOIÁS) E 2ºEECABC (ONLINE)	B4	
2176-6940	ANAIS DO ... ENCONTRO NACIONAL DE PESQUISADORES EM EDUCAÇÃO EM CIÊNCIAS	C	
2175-6975	ANAIS DO EVENTO - ALCAR NACIONAL 2021	C	
2674-7022	ANAIS DO MUSEU HISTÓRICO NACIONAL	A4	
1982-0267	ANAIS DO MUSEU PAULISTA	A1	
0101-4714	ANAIS DO MUSEU PAULISTA: HISTÓRIA, CULTURA E MATERIAL (IMPRESSO)	A1	
2965-5102	ANAIS DO SEMINÁRIO DE EDUCAÇÃO, DIVERSIDADE E DIREITOS HUMANOS (ONLINE)	C	
2176-0950	ANAIS DO SEMINÁRIO DE PÓS-GRADUAÇÃO (CENTRO UNIVERSITÁRIO FEEVALE)	B4	
2237-7158	ANAIS DO SEMINÁRIO DO PROGRAMA DE PÓS-GRADUAÇÃO EM DESENHO CULTURA E INTERATIVIDADE	B4	
1678-1546	ANAIS KMBRASIL	B4	
2810-6490	ANALES DE ARQUITECTURA UC (ONLINE)	B1	
1138-3399	ANALES DE BIOLOGIA	B4	
1697-7904	ANALES DE DOCUMENTACIÓN (INTERNET)	A2	
2304-0106	ANALES DE LA ACADEMIA DE CIENCIAS DE CUBA  (AACC)	A4	
1669-4627	ANALES DE LA EDUCACIÓN COMÚN	B2	
1609-9419	ANALES DE LA FACULTAD DE MEDICINA PERÚ ( ELETRONIC)	B2	
1695-2294	ANALES DE PSICOLOGÍA	A1	
0102-9924	ANÁLISE ECONÔMICA (UFRGS)	A4	
1646-6020	ANÁLISE PSICOLÓGICA	A2	
0003-2573	ANÁLISE SOCIAL	A2	
2182-2999	ANÁLISE SOCIAL - REVISTA DO INSTITUTO DE CIÊNCIAS SOCIAIS DA UNIVERSIDADE DE LISBOA	A2	
1980-0711	ANÁLISES E INDICADORES DO AGRONEGÓCIO	B3	
2695-4362	ANÁLISIS CAROLINA	A1	
1696-3466	ANÁLISIS DEL REAL INSTITUTO ELCANO	A1	
0003-2654	ANALYST (LONDON. 1877. PRINT)	A2	
0003-2670	ANALYTICA CHIMICA ACTA (PRINT)	A1	
2673-4532	ANALYTICA (ONLINE)	B1	
2316-5197	ANALYTICA: REVISTA DE PSICANÁLISE	B1	
1677-3055	ANALYTICA (SÃO PAULO)	C	
1618-2642	ANALYTICAL AND BIOANALYTICAL CHEMISTRY (PRINT)	A1	
0003-2697	ANALYTICAL BIOCHEMISTRY (PRINT)	A3	
0003-2700	ANALYTICAL CHEMISTRY (WASHINGTON)	A1	
0003-2719	ANALYTICAL LETTERS	A3	
1759-9679	ANALYTICAL METHODS	A1	
0910-6340	ANALYTICAL SCIENCES	A4	
1774-9751	ANAMNÈSE	C	
2446-8088	ANAMORPHOSIS - REVISTA INTERNACIONAL DE DIREITO E LITERATURA	A2	
2675-8385	ANÃNSI	A4	
0340-2096	ANATOMIA, HISTOLOGIA, EMBRYOLOGIA	A3	
1935-9772	ANATOMICAL SCIENCES EDUCATION	A1	
2359-375X	ÂNCORA - REVISTA LATINO-AMERICANA DE JORNALISMO	A3	
2953-6782	ANDARES: REVISTA DE DERECHOS HUMANOS Y DE LA NATURALEZA (ONLINE)	B2	
2452-6053	ANDES PEDIATRICA	B2	
0354-5415	ANDRAGOGICAL STUDIES	B1	
1439-0272	ANDROLOGIA	A2	
2047-2927	ANDROLOGY	A1	
2047-2919	ANDROLOGY-US	A1	
2446-9343	ANESTESIA EM REVISTA	B4	
1433-7851	ANGEWANDTE CHEMIE (INTERNATIONAL ED. PRINT)	A1	
1695-2987	ANGIOLOGÍA (BARCELONA. INTERNET)	B4	
0003-3197	ANGIOLOGY (ROSLYN, N.Y.)	A3	
1984-7947	ÂNGULO	B2	
2530-9986	ANIAV - REVISTA DE INVESTIGACIÓN EN ARTES VISUALES	A3	
2183-1750	ANIKI: REVISTA PORTUGUESA DA IMAGEM EM MOVIMENTO	A2	
2526-1940	ANIMA TERRA (ONLINE)	B4	
2772-6940	ANIMAL - OPEN SPACE	B4	
2772-283X	ANIMAL - SCIENCE PROCEEDINGS	B4	
1049-5398	ANIMAL BIOTECHNOLOGY	A3	
1751-732X	ANIMAL (CAMBRIDGE. ONLINE)	A1	
1751-7311	ANIMAL (CAMBRIDGE. PRINT)	A1	
1873-2216	ANIMAL FEED SCIENCE AND TECHNOLOGY	A1	
0377-8401	ANIMAL FEED SCIENCE AND TECHNOLOGY (PRINT)	A1	
2160-6056	ANIMAL FRONTIERS	A1	
1365-2052	ANIMAL GENETICS	A1	
2405-6545	ANIMAL NUTRITION	A1	
1836-0939	ANIMAL PRODUCTION SCIENCE (PRINT)	A2	
1984-3143	ANIMAL REPRODUCTION	A2	
0378-4320	ANIMAL REPRODUCTION SCIENCE (PRINT)	A2	
1740-0929	ANIMAL SCIENCE JOURNAL	A2	
2300-8342	ANIMAL SCIENCE PAPERS AND REPORTS (ONLINE)	A4	
0860-4037	ANIMAL SCIENCE PAPERS AND REPORTS OPEN ACCESS	A4	
2183-265X	ANIMALIA VEGETALIA MINERALIA	B4	
2076-2615	ANIMALS	A1	
2175-4977	ANIMUS: REVISTA INTERAMERICANA DE COMUNICAÇÃO MIDIÁTICA	A4	
1677-907X	ANIMUS (SANTA MARIA)	A4	
1308-2817	ANKARA ÜNIVERSITESI VETERINER FAKÜLTESI DERGISI (ONLINE)	B2	
0003-4347	ANNALES DES TELECOMMUNICATIONS	A3	
2526-0782	ANNALES FAJE (ONLINE)	A4	
0940-9602	ANNALS OF ANATOMY	A2	
0003-4746	ANNALS OF APPLIED BIOLOGY	A2	
2691-5774	ANNALS OF BIOETHICS & CLINICAL APPLICATIONS	B1	
0090-6964	ANNALS OF BIOMEDICAL ENGINEERING	A2	
1095-8290	ANNALS OF BOTANY	A1	
0305-7364	ANNALS OF BOTANY (PRINT)	A1	
2688-1241	ANNALS OF CLINICAL CASE STUDIES	C	
1092-9134	ANNALS OF DIAGNOSTIC PATHOLOGY (PRINT)	A3	
0196-0644	ANNALS OF EMERGENCY MEDICINE	A1	
1047-2797	ANNALS OF EPIDEMIOLOGY	A2	
1544-1709	ANNALS OF FAMILY MEDICINE	A4	
1844-8135	ANNALS OF FOREST RESEARCH	A4	
1108-7471	ANNALS OF GASTROENTEROLOGY	A4	
1665-2681	ANNALS OF HEPATOLOGY	A2	
0301-4460	ANNALS OF HUMAN BIOLOGY	A3	
0972-2327	ANNALS OF INDIAN ACADEMY OF NEUROLOGY	B2	
2110-5820	ANNALS OF INTENSIVE CARE	A1	
2159-6816	ANNALS OF LEISURE RESEARCH (ONLINE)	A1	
2231-0746	ANNALS OF MAXILLOFACIAL SURGERY	B1	
2049-0801	ANNALS OF MEDICINE AND SURGERY	A3	
0785-3890	ANNALS OF MEDICINE (HELSINKI)	A1	
0364-5134	ANNALS OF NEUROLOGY	A1	
0306-4549	ANNALS OF NUCLEAR ENERGY	A1	
0914-7187	ANNALS OF NUCLEAR MEDICINE	A3	
0250-6807	ANNALS OF NUTRITION & METABOLISM	A2	
0254-5330	ANNALS OF OPERATION RESEARCH	A2	
1572-9338	ANNALS OF OPERATIONS RESEARCH (DORDRECHT. ONLINE)	A2	
2224-5820	ANNALS OF PALLIATIVE MEDICINE	A3	
2299-0631	ANNALS OF PARASITOLOGY	B3	
2373-9312	ANNALS OF PEDIATRICS & CHILD HEALTH	B4	
1440-1754	ANNALS OF PEDIATRICS AND CHILD HEALTH	A4	
1877-0657	ANNALS OF PHYSICAL AND REHABILITATION MEDICINE	A1	
0003-4916	ANNALS OF PHYSICS (PRINT)	A2	
2640-2734	ANNALS OF PHYSIOTHERAPY & OCCUPATIONAL THERAPY	B3	
0148-7043	ANNALS OF PLASTIC SURGERY (PRINT)	A4	
2475-1812	ANNALS OF SCIENCE AND TECHNOLOGY POLICY	B1	
2379-0571	ANNALS OF SPORTS MEDICINE AND RESEARCH	B4	
1068-9265	ANNALS OF SURGICAL ONCOLOGY	A1	
0013-8746	ANNALS OF THE ENTOMOLOGICAL SOCIETY OF AMERICA	A1	
0077-8923	ANNALS OF THE NEW YORK ACADEMY OF SCIENCES	A1	
0003-4967	ANNALS OF THE RHEUMATIC DISEASES	A1	
2305-5847	ANNALS OF TRANSLATIONAL MEDICINE	A1	
0890-5096	ANNALS OF VASCULAR SURGERY (PRINT)	A3	
2347-565X	ANNUAL RESEARCH & REVIEW IN BIOLOGY	B2	
1746-739X	ANNUAL REVIEW OF CRITICAL PSYCHOLOGY (ONLINE)	B4	
1543-5938	ANNUAL REVIEW OF ENVIRONMENT AND RESOURCES	A1	
2333-9691	ANNUAL REVIEW OF LINGUISTICS	A1	
0066-4286	ANNUAL REVIEW OF PHYTOPATHOLOGY (PRINT)	A1	
2327-0578	ANNUAL REVIEW OF VIROLOGY	A1	
2674-4200	ANÔMOLAS	B2	
1983-201X	ANOS 90 (ONLINE) (PORTO ALEGRE)	A1	
1984-4921	ANTARES: LETRAS E HUMANIDADES	A2	
2213-3054	ANTHROPOCENE	A2	
2292-3586	ANTHROPOLOGICA	A3	
2224-6428	ANTHROPOLÓGICA	A1	
0254-9212	ANTHROPOLOGICA (LIMA)	A1	
1755-2923	ANTHROPOLOGICAL JOURNAL OF EUROPEAN CULTURES	A4	
2526-3781	ANTHROPOLÓGICAS VISUAL	B3	
2639-2119	ANTHROPOLOGY AND ETHNOLOGY OPEN ACCESS JOURNAL	B3	
1609-9168	ANTHROPOLOGY OF FOOD	A3	
1120-2874	ANTHROPOTES (ROMA)	B3	
2079-6382	ANTIBIOTICS-BASEL	A1	
1871-5206	ANTI-CANCER AGENTS IN MEDICINAL CHEMISTRY	A4	
0250-7005	ANTICANCER RESEARCH	B1	
0003-5599	ANTI-CORROSION METHODS AND MATERIALS	A3	
1871-5230	ANTI-INFLAMMATORY & ANTI-ALLERGY AGENTS IN MEDICINAL CHEMISTRY	B2	
1098-6596	ANTIMICROBIAL AGENTS AND CHEMOTHERAPY (ONLINE)	A1	
2047-2994	ANTIMICROBIAL RESISTANCE AND INFECTION CONTROL	A1	
2732-494X	ANTIMICROBIAL STEWARDSHIP & HEALTHCARE EPIDEMIOLOGY	B3	
2076-3921	ANTIOXIDANTS	A1	
1523-0864	ANTIOXIDANTS & REDOX SIGNALLING	A1	
1984-3356	ANTÍTESES (LONDRINA)	A1	
2792-436X	ANTÍTESIS - REVISTA IBEROAMERICANA DE ESTUDIOS HEGELIANOS	B1	
0003-6072	ANTONIE VAN LEEUWENHOEK (GEDRUKT)	A4	
2448-5241	ANTRÓPICA - REVISTA DE CIENCIAS SOCIALES Y HUMANIDADES (ONLINE)	B3	
1414-7378	ANTROPOLÍTICA	A2	
2179-7331	ANTROPOLÍTICA: REVISTA CONTEMPORÂNEA DE ANTROPOLOGIA	A2	
2965-176X	ANTROPOLOGIA & SOCIEDADE (ONLINE)	C	
0870-0990	ANTROPOLOGIA PORTUGUESA	B1	
2953-3848	ANTROPOLOGÍA Y DERECHO (ONLINE)	C	
0873-819X	ANTROPOLÓGICAS (PORTO)	B4	
2182-2913	ANTROPOLÓGICAS (PORTO. EM LINHA)	B4	
2239-625X	ANUAC. JOURNAL OF THE ITALIAN SOCIETY OF CULTURAL ANTHROPOLOGY (SIAC)	A3	
0102-4302	ANUÁRIO ANTROPOLÓGICO	A1	
2357-738X	ANUÁRIO ANTROPOLÓGICO	A1	
1852-5784	ANUARIO CEEED - CENTRO DE ESTUDIOS ECONÓMICOS DE LA EMPRESA Y EL DESARROLLO	A4	
1852-8554	ANUARIO DE ARQUEOLOGÍA	B2	
2215-4175	ANUARIO DE ESTUDIOS CENTROAMERICANOS (ONLINE)	A3	
0518-0872	ANUARIO DE FILOSOFÍA DEL DERECHO	B1	
0122-2066	ANUARIO DE HISTORIA REGIONAL Y DE LAS FRONTERAS	A2	
2175-7917	ANUÁRIO DE LITERATURA	A3	
2674-6697	ANUÁRIO DE PESQUISAS PECUÁRIA	C	
1982-3908	ANUÁRIO DO INSTITUTO DE GEOCIÊNCIAS (ONLINE)	B1	
0101-9759	ANUÁRIO DO INSTITUTO DE GEOCIÊNCIAS (UFRJ. IMPRESSO)	B1	
2525-300X	ANUÁRIO DO INSTITUTO DE NATUREZA E CULTURA	B1	
0103-2593	ANUÁRIO DO MUSEU IMPERIAL	B4	
2255-2243	ANUÁRIO INTERNACIONAL DE COMUNICAÇÃO LUSÓFONA	B1	
2392-0343	ANUARIO LATINOAMERICANO	A2	
1518-8833	ANUÁRIO UNESCO/UMESP DE COMUNICAÇÃO REGIONAL	B3	
2965-1522	AONDÊ: REVISTA DE PESQUISA EM EDUCAÇÃO EM CIÊNCIAS E MATEMÁTICA	B2	
2526-592X	AORISTO - INTERNATIONAL JOURNAL OF PHENOMENOLOGY, HERMENEUTICS AND METAPHYSICS	A3	
2171-6315	AP: ONLINE JOURNAL IN PUBLIC ARCHAEOLOGY	B2	
2184-7436	APEDUC REVISTA - INVESTIGAÇÃO E PRÁTICAS EM EDUCAÇÃO EM CIÊNCIAS, MATEMÁTICA E TECNOLOGIA	B1	
0268-7038	APHASIOLOGY (LONDON)	A1	
0044-8435	APIDOLOGIE (CELLE)	A2	
1297-9678	APIDOLOGIE (ONLINE)	A2	
0718-9788	APORÍA REVISTA INTERNACIONAL DE INVESTIGACIONES FILOSÓFICAS	A4	
2468-9912	APORTES PARA LA INTEGRACIÓN LATINOAMERICANA	A4	
1696-7348	APOSTA: REVISTA DE CIENCIAS SOCIALES	A2	
0003-6811	APPLICABLE ANALYSIS	A3	
1233-7234	APPLICATIONES MATHEMATICAE	B4	
0003-682X	APPLIED ACOUSTICS	A2	
1098-5336	APPLIED AND ENVIRONMENTAL MICROBIOLOGY (ONLINE)	A1	
0168-1591	APPLIED ANIMAL BEHAVIOUR SCIENCE (PRINT)	A2	
0273-2289	APPLIED BIOCHEMISTRY AND BIOTECHNOLOGY	A4	
1559-0291	APPLIED BIOCHEMISTRY AND BIOTECHNOLOGY (ONLINE)	A4	
0003-6838	APPLIED BIOCHEMISTRY AND MICROBIOLOGY	B3	
1176-2322	APPLIED BIONICS AND BIOMECHANICS	B1	
1535-6760	APPLIED BIOSAFETY	B1	
0926-860X	APPLIED CATALYSIS. A, GENERAL (PRINT)	A2	
0926-3373	APPLIED CATALYSIS. B, ENVIRONMENTAL (PRINT)	A1	
0169-1317	APPLIED CLAY SCIENCE (PRINT)	A1	
1869-0327	APPLIED CLINICAL INFORMATICS	A4	
0929-189X	APPLIED COMPOSITE MATERIALS	A4	
1054-4887	APPLIED COMPUTATIONAL ELECTROMAGNETICS SOCIETY JOURNAL	B2	
2590-1974	APPLIED COMPUTING AND GEOSCIENCES	A2	
1785-0037	APPLIED ECOLOGY AND ENVIRONMENTAL RESEARCH	B2	
1589-1623	APPLIED ECOLOGY AND ENVIRONMENTAL RESEARCH (PRINT)	B2	
0003-6846	APPLIED ECONOMICS (PRINT)	A1	
0306-2619	APPLIED ENERGY	A1	
0003-6870	APPLIED ERGONOMICS	A1	
2772-5022	APPLIED FOOD RESEARCH	A2	
0143-6228	APPLIED GEOGRAPHY (SEVENOAKS)	A1	
1866-9298	APPLIED GEOMATICS	A2	
1541-2016	APPLIED IMMUNOHISTOCHEMISTRY & MOLECULAR MORPHOLOGY (PRINT)	A4	
0924-669X	APPLIED INTELLIGENCE (BOSTON)	A3	
1573-7497	APPLIED INTELLIGENCE (DORDRECHT. ONLINE)	A3	
0937-9347	APPLIED MAGNETIC RESONANCE	B2	
2352-9407	APPLIED MATERIALS TODAY	A1	
0307-904X	APPLIED MATHEMATICAL MODELLING	A1	
0095-4616	APPLIED MATHEMATICS & OPTIMIZATION	A2	
2325-0399	APPLIED MATHEMATICS &AMP; INFORMATION SCIENCES	B1	
0096-3003	APPLIED MATHEMATICS AND COMPUTATION	A1	
0253-4827	APPLIED MATHEMATICS AND MECHANICS	A1	
0893-9659	APPLIED MATHEMATICS LETTERS	A1	
2673-8007	APPLIED MICROBIOLOGY	C	
0175-7598	APPLIED MICROBIOLOGY AND BIOTECHNOLOGY	A2	
1432-0614	APPLIED MICROBIOLOGY AND BIOTECHNOLOGY	A2	
2673-3501	APPLIED NANO (ONLINE)	C	
2190-5509	APPLIED NANOSCIENCE	A2	
2190-5517	APPLIED NANOSCIENCE	A2	
2327-9095	APPLIED NEUROPSYCHOLOGY. ADULT	A2	
2162-2973	APPLIED NEUROPSYCHOLOGY: CHILD	A4	
2327-9109	APPLIED NEUROPSYCHOLOGY-ADULT (ONLINE)	A2	
0168-9274	APPLIED NUMERICAL MATHEMATICS	A1	
0141-1187	APPLIED OCEAN RESEARCH	A1	
1559-128X	APPLIED OPTICS	A3	
0003-6935	APPLIED OPTICS	A3	
0947-8396	APPLIED PHYSICS. A, MATERIALS SCIENCE & PROCESSING (PRINT)	A4	
1077-3118	APPLIED PHYSICS LETTERS	A2	
0003-6951	APPLIED PHYSICS LETTERS	A2	
1931-9401	APPLIED PHYSICS REVIEWS (APR)	A1	
1715-5312	APPLIED PHYSIOLOGY, NUTRITION AND METABOLISM (PRINT)	A3	
0969-8043	APPLIED RADIATION AND ISOTOPES	A2	
2702-4288	APPLIED RESEARCH	B2	
2076-3417	APPLIED SCIENCES	C	
1568-4946	APPLIED SOFT COMPUTING (PRINT)	A1	
0929-1393	APPLIED SOIL ECOLOGY (PRINT)	A1	
0003-7028	APPLIED SPECTROSCOPY	A2	
0570-4928	APPLIED SPECTROSCOPY REVIEWS (SOFTCOVER ED.)	A1	
0035-9254	APPLIED STATISTICS (PRINT)	A2	
1524-1904	APPLIED STOCHASTIC MODELS IN BUSINESS AND INDUSTRY (PRINT)	A4	
0169-4332	APPLIED SURFACE SCIENCE	A1	
2666-5239	APPLIED SURFACE SCIENCE ADVANCES	A1	
2571-5577	APPLIED SYSTEM INNOVATION	C	
1359-4311	APPLIED THERMAL ENGINEERING	A1	
2448-3524	APPLIED TOURISM	B3	
2673-9623	APPLIEDCHEM (ONLINE)	C	
2673-9909	APPLIEDMATH	C	
2359-246X	APRENDER – CADERNO DE FILOSOFIA E PSICOLOGIA DA EDUCAÇÃO (ONLINE)	A4	
0871-1267	APRENDER (PORTALEGRE)	B2	
1678-7846	APRENDER (VITÓRIA DA CONQUISTA)	A4	
2238-3905	APRENDIZAGEM SIGNIFICATIVA EM REVISTA	C	
2596-3317	APS EM REVISTA	B2	
0252-1865	APUNTES, REVISTA DE CIENCIAS SOCIALES	A2	
2014-0983	APUNTS. EDUCACIÓ FÍSICA I ESPORTS (INTERNET)	A1	
0144-8609	AQUACULTURAL ENGINEERING	A1	
0044-8486	AQUACULTURE (AMSTERDAM)	A1	
2468-550X	AQUACULTURE AND FISHERIES	A1	
2693-8847	AQUACULTURE, FISH AND FISHERIES	B2	
0967-6120	AQUACULTURE INTERNATIONAL	A1	
1573-143X	AQUACULTURE INTERNATIONAL	A1	
2673-9496	AQUACULTURE JOURNAL (ONLINE)	B4	
1365-2095	AQUACULTURE NUTRITION (ONLINE)	A1	
1355-557X	AQUACULTURE RESEARCH	A3	
1365-2109	AQUACULTURE RESEARCH (ONLINE)	A3	
0304-3770	AQUATIC BOTANY	A3	
1099-0755	AQUATIC CONSERVATION (ONLINE)	A2	
1573-5125	AQUATIC ECOLOGY (DORDRECHT. ONLINE)	A3	
1386-2588	AQUATIC ECOLOGY (PRINT)	A3	
0167-5427	AQUATIC MAMMALS	B1	
2168-9148	AQUATIC SCIENCE AND TECHNOLOGY	B4	
2602-473X	AQUATIC SCIENCES AND ENGINEERING (ONLINE)	B2	
1015-1621	AQUATIC SCIENCES (PRINTED ED.)	A3	
0166-445X	AQUATIC TOXICOLOGY	A1	
2027-5374	AQUICHAN	A4	
1657-5997	AQUICHAN	A4	
2317-6474	AQUILA	B1	
1414-8846	AQUILA (RIO DE JANEIRO)	B1	
2193-567X	ARABIAN JOURNAL FOR SCIENCE AND ENGINEERING (IMPRESSO)	A1	
1878-5352	ARABIAN JOURNAL OF CHEMISTRY	A1	
1866-7511	ARABIAN JOURNAL OF GEOSCIENCES (PRINT)	A1	
2358-2472	ARACÊ - DIREITOS HUMANOS EM REVISTA	B1	
1575-6823	ARAUCARIA (MADRID)	A1	
2340-2199	ARAUCARIA: REVISTA IBEROAMERICANA DE FILOSOFÍA, POLÍTICA Y HUMANIDADES	A1	
0719-9805	ARBOLES Y RIZOMAS	A3	
0003-813X	ARCHAEOMETRY (OXFORD)	A1	
2179-4960	ARCHAI - REVISTA DE ESTUDOS SOBRE AS ORIGENS DO PENSAMENTO	A1	
2318-6186	ARCHEION ONLINE	B1	
2236-6849	ARCHITECTON	B3	
1745-2007	ARCHITECTURAL ENGINEERING AND DESIGN MANAGEMENT	A1	
2730-9894	ARCHITECTURE, STRUCTURES AND CONSTRUCTION	A3	
1521-4184	ARCHIV DER PHARMAZIE	A2	
2690-0807	ARCHIVE OF GERONTOLOGY AND GERIATRICS RESEARCH	B3	
2363-9822	ARCHIVES ANIMAL BREEDING	A4	
2687-8100	ARCHIVES IN BIOMEDICAL ENGINEERING & BIOTECHNOLOGY	B2	
1432-072X	ARCHIVES IN MICROBIOLOGY	A3	
0365-0340	ARCHIVES OF AGRONOMY AND SOIL SCIENCE	A2	
2640-7957	ARCHIVES OF ANATOMY AND PHYSIOLOGY	B4	
1745-039X	ARCHIVES OF ANIMAL NUTRITION (PRINT)	A1	
0003-9861	ARCHIVES OF BIOCHEMISTRY AND BIOPHYSICS (PRINT)	A2	
2383-0433	ARCHIVES OF BREAST CANCER	A4	
2054-7404	ARCHIVES OF BUSINESS RESEARCH	B1	
2583-6374	ARCHIVES OF CLINICAL & EXPERIMENTAL DERMATOLOGY (ONLINE)	B4	
2572-5017	ARCHIVES OF CLINICAL AND BIOMEDICAL RESEARCH	B2	
1873-5843	ARCHIVES OF CLINICAL NEUROPSYCHOLOGY	A3	
1806-938X	ARCHIVES OF CLINICAL PSYCHIATRY (SÃO PAULO)	B4	
1134-3060	ARCHIVES OF COMPUTATIONAL METHODS IN ENGINEERING	A1	
2454-7077	ARCHIVES OF CURRENT RESEARCH INTERNATIONAL	B2	
0340-3696	ARCHIVES OF DERMATOLOGICAL RESEARCH (PRINT)	A3	
0003-9888	ARCHIVES OF DISEASE IN CHILDHOOD	A1	
2359-3997	ARCHIVES OF ENDOCRINOLOGY AND METABOLISM	B2	
2359-4292	ARCHIVES OF ENDOCRINOLOGY AND METABOLISM	B2	
1933-8244	ARCHIVES OF ENVIRONMENTAL & OCCUPATIONAL HEALTH	A4	
1432-0703	ARCHIVES OF ENVIRONMENTAL CONTAMINATION AND TOXICOLOGY	A2	
0090-4341	ARCHIVES OF ENVIRONMENTAL CONTAMINATION AND TOXICOLOGY (PRINT)	A2	
2299-2944	ARCHIVES OF FOUNDRY ENGINEERING (ONLINE)	B2	
1872-6976	ARCHIVES OF GERONTOLOGY AND GERIATRICS	A1	
0167-4943	ARCHIVES OF GERONTOLOGY AND GERIATRICS	A1	
1432-0711	ARCHIVES OF GYNECOLOGY AND OBSTETRICS (ON LINE)	A3	
2675-4711	ARCHIVES OF HEALTH	B3	
2317-3009	ARCHIVES OF HEALTH INVESTIGATION	B3	
1029-2977	ARCHIVES OF IRANIAN MEDICINE	A4	
1897-2764	ARCHIVES OF MATERIALS SCIENCE AND ENGINEERING	B1	
0302-8933	ARCHIVES OF MICROBIOLOGY	A3	
2689-8772	ARCHIVES OF ORAL AND MAXILLOFACIAL SURGERY	C	
0003-9969	ARCHIVES OF ORAL BIOLOGY	A1	
2675-3626	ARCHIVES OF PEDIATRIC NEUROSURGERY	B4	
2639-992X	ARCHIVES OF PHARMACY AND PHARMACEUTICAL SCIENCES	C	
0003-9993	ARCHIVES OF PHYSICAL MEDICINE AND REHABILITATION (PRINT)	A1	
1381-3455	ARCHIVES OF PHYSIOLOGY AND BIOCHEMISTRY	A2	
0883-9417	ARCHIVES OF PSYCHIATRIC NURSING	A1	
2049-3258	ARCHIVES OF PUBLIC HEALTH	A2	
2590-1095	ARCHIVES OF REHABILITATION RESEARCH AND CLINICAL TRANSLATION	A3	
0004-0002	ARCHIVES OF SEXUAL BEHAVIOR	A1	
1381-1118	ARCHIVES OF SUICIDE RESEARCH	A3	
0340-5761	ARCHIVES OF TOXICOLOGY	A1	
1517-784X	ARCHIVES OF VETERINARY SCIENCE	B3	
2317-6822	ARCHIVES OF VETERINARY SCIENCE	B3	
0304-8608	ARCHIVES OF VIROLOGY	B1	
1432-8798	ARCHIVES OF VIROLOGY	B1	
1434-1816	ARCHIVES OF WOMEN'S MENTAL HEALTH	A1	
1068-2341	ARCHIVOS ANALÍTICOS DE POLÍTICAS EDUCATIVAS / EDUCATION POLICY ANALYSIS ARCHIVES	A1	
1405-9940	ARCHIVOS DE CARDIOLOGIA DO MÉXICO	B3	
1885-4494	ARCHIVOS DE ZOOTECNIA	B3	
1578-0007	AR@CNE (BARCELONA)	B1	
1984-5596	ARCOS DESIGN (ONLINE)	A2	
1516-0874	ARCOS (RIO DE JANEIRO) : DESIGN, CULTURA, MATERIAL E VISUALIDADE	A2	
0373-2266	ARDEA (ARNHEM)	A4	
1645-6947	AREA DOMENIU	B3	
0004-0894	AREA (LONDON 1969)	A2	
2317-8442	AREL FAAR - AMAZON'S RESEARCH AND ENVIRONMENTAL LAW	A4	
1016-913X	ARETÉ (LIMA)	A2	
2443-4566	ARETÉ. REVISTA DIGITAL DEL DOCTORADO EN EDUCACIÓN DE LA UNIVERSIDAD CENTRAL DE VENEZUELA	A3	
2317-3882	ARGUMENTA	A2	
1676-2800	ARGUMENTA (FUNDINOPI)	A2	
0187-5795	ARGUMENTOS (MÉXICO)	A3	
1666-8979	ARGUMENTOS. REVISTA DE CRÍTICA SOCIAL	A4	
1984-4255	ARGUMENTOS: REVISTA DE FILOSOFIA (ONLINE)	A2	
2527-2551	ARGUMENTOS- REVISTA DO DEPARTAMENTO DE CIÊNCIAS SOCIAIS DA UNIMONTES	B1	
1806-5627	ARGUMENTOS (UNIMONTES)	B1	
1677-809X	ARGUMENTUM	A2	
2176-9575	ARGUMENTUM (VITÓRIA)	A1	
2530-7843	ARIES	A3	
0873-593X	ARKEOS PERSPECTIVAS EM DIÁLOGO	A4	
0095-327X	ARMED FORCES AND SOCIETY	A4	
1989-4104	ARQUEOLOGÍA IBEROAMERICANA.	A2	
0716-2677	ARQUITECTURAS DEL SUR	A1	
1808-5741	ARQUITETURAREVISTA (UNISINOS)	A3	
1809-6298	ARQUITEXTOS (SÃO PAULO)	A2	
0102-0935	ARQUIVO BRASILEIRO DE MEDICINA VETERINÁRIA E ZOOTECNIA	B1	
1678-4162	ARQUIVO BRASILEIRO DE MEDICINA VETERINÁRIA E ZOOTECNIA (ONLINE)	B1	
1808-2998	ARQUIVO BRASILEIRO DE ODONTOLOGIA (ARQ. BRAS. ODONTOL.)	B4	
2447-4177	ARQUIVO EM CARTAZ	B4	
2317-918X	ARQUIVO JURÍDICO – REVISTA JURÍDICA ELETRÔNICA DA UNIVERSIDADE FEDERAL DO PIAUÍ	A3	
1982-3053	ARQUIVO MAARAVI (UFMG)	A4	
1678-4170	ARQUIVOS BRASILEIROS DE CARDIOLOGIA	A2	
0066-782X	ARQUIVOS BRASILEIROS DE CARDIOLOGIA (IMPRESSO)	A2	
1983-2451	ARQUIVOS BRASILEIROS DE CIÊNCIAS DA SAÚDE	B2	
2595-0096	ARQUIVOS BRASILEIROS DE EDUCAÇÃO FÍSICA	B4	
0004-2730	ARQUIVOS BRASILEIROS DE ENDOCRINOLOGIA E METABOLOGIA (IMPRESSO)	B2	
0103-5355	ARQUIVOS BRASILEIROS DE NEUROCIRURGIA	B4	
0004-2749	ARQUIVOS BRASILEIROS DE OFTALMOLOGIA (IMPRESSO)	A4	
1809-5267	ARQUIVOS BRASILEIROS DE PSICOLOGIA (ONLINE)	A2	
0004-2773	ARQUIVOS CATARINENSES DE MEDICINA (IMPRESSO)	B1	
1806-4280	ARQUIVOS CATARINENSES DE MEDICINA (ONLINE)	B1	
2526-7639	ARQUIVOS CIÊNCIAS DO MAR (ONLINE)	B4	
2526-5393	ARQUIVOS DE ASMA, ALERGIA E IMUNOLOGIA	B3	
2318-3691	ARQUIVOS DE CIÊNCIAS DA SAÚDE	B1	
1415-076X	ARQUIVOS DE CIÊNCIAS DA SAÚDE DA UNIPAR	B1	
1982-114X	ARQUIVOS DE CIÊNCIAS DA SAÚDE DA UNIPAR	B1	
2317-7136	ARQUIVOS DE CIÊNCIAS DO ESPORTE	B4	
0374-5686	ARQUIVOS DE CIÊNCIAS DO MAR	B4	
0004-2803	ARQUIVOS DE GASTROENTEROLOGIA (IMPRESSO)	A4	
1678-4219	ARQUIVOS DE GASTROENTEROLOGIA (ONLINE)	A4	
1678-4227	ARQUIVOS DE NEURO-PSIQUIATRIA	B2	
0004-282X	ARQUIVOS DE NEURO-PSIQUIATRIA (IMPRESSO)	B2	
2318-5422	ARQUIVOS DO CMD	B1	
0104-7620	ARQUIVOS DO CONSELHO REGIONAL DE MEDICINA DO PARANA	C	
0020-3653	ARQUIVOS DO INSTITUTO BIOLÓGICO (IMPRESSO)	A4	
1808-1657	ARQUIVOS DO INSTITUTO BIOLÓGICO (ONLINE)	A4	
1980-959X	ARQUIVOS DO MUDI	B1	
2525-6084	ARQUIVOS DO MUSEU DE HISTÓRIA NATURAL E JARDIM BOTÂNICO DA UFMG	B2	
1809-9556	ARQUIVOS EM MOVIMENTO	B2	
1808-0901	ARQUIVOS EM MOVIMENTO (UFRJ)	B2	
2178-1990	ARQUIVOS EM ODONTOLOGIA	B2	
0101-6067	ARQUIVOS MÉDICOS DOS HOSPITAIS E DA FACULDADE DE CIÊNCIAS MÉDICAS DA SANTA CASA DE SÃO PAULO (IMPRESSO)	B3	
1984-5766	ARQ.URB	A3	
2340-5155	ARS IURIS SALMANTICENSIS	A1	
2178-0447	ARS (ONLINE)	A1	
0004-2927	ARS PHARMACEUTICA	B4	
1678-5320	ARS (SÃO PAULO)	A1	
0102-6380	ARS VETERINÁRIA (IMPRESSO)	B2	
2175-0106	ARS VETERINÁRIA (ONLINE)	B2	
2178-244X	ARSHISTÓRICA	B1	
2332-2004	ART AND DESIGN REVIEW	C	
0122-1744	ART NEXUS INTERNACIONAL	B2	
2357-9978	ART RESEARCH JOURNAL	A2	
2596-1810	ART STYLE	B2	
2178-3845	ARTCULTURA	A3	
1516-1692	ARTE & ENSAIO (UFRJ)	A1	
2448-3338	ARTE & ENSAIOS	A1	
2318-5538	ARTE CONTEXTO	B1	
1131-5598	ARTE, INDIVIDUO Y SOCIEDAD	A2	
1889-979X	ARTE Y POLÍTICAS DE IDENTIDAD (ED. IMPRESA)	A3	
2530-4119	ARTEFACTO VISUAL	A2	
1984-3852	ARTEFACTUM (RIO DE JANEIRO)	A3	
1809-8274	ARTEFILOSOFIA (UFOP)	A2	
2115-6395	ARTELOGIE (ONLINE)	A4	
2446-5356	ARTERIAIS	A3	
2810-773X	ARTEXÉGESIS: REVISTA DE PRÁCTICAS ARTÍSTICAS E INVESTIGACIÓN (ONLINE)	C	
1872-8855	ARTHROPOD-PLANT INTERACTIONS (PRINT)	A3	
2525-8303	ARTICULANDO E CONSTRUINDO SABERES	A4	
2169-141X	ARTIFICIAL CELLS, NANOMEDICINE, AND BIOTECHNOLOGY	A1	
0924-8463	ARTIFICIAL INTELLIGENCE AND LAW	A1	
2644-3228	ARTIFICIAL INTELLIGENCE IN CANCER	B3	
2644-3236	ARTIFICIAL INTELLIGENCE IN GASTROENTEROLOGY (ONLINE)	B4	
3029-2387	ARTIFICIAL INTELLIGENCE IN HEALTH (ONLINE)	C	
0933-3657	ARTIFICIAL INTELLIGENCE IN MEDICINE (PRINT)	A1	
2667-3185	ARTIFICIAL INTELLIGENCE IN THE LIFE SCIENCES	A4	
0269-2821	ARTIFICIAL INTELLIGENCE REVIEW	A1	
2674-8061	ARTIGOS GIFE	B4	
2577-8250	ARTS & HUMANITIES OPEN ACCESS JOURNAL	B3	
2764-1929	ARTS, LINGUISTICS, LITERATURE AND LANGUAGE RESEARCH JOURNAL	B3	
2014-3885	ARXIU D'ETNOGRAFIA DE CATALUNYA.	B3	
1415-7950	ASAS DA PALAVRA (UNAMA)	B1	
2332-9017	ASCE-ASME JOURNAL OF RISK AND UNCERTAINTY IN ENGINEERING SYSTEMS, PART B: MECHANICAL ENGINEERING	A2	
0210-4466	ASCLEPIO (MADRID)	A1	
2582-3698	ASIAN JOURNAL OF BIOCHEMISTRY, GENETICS AND MOLECULAR BIOLOGY	C	
2456-7124	ASIAN JOURNAL OF BIOLOGY	B2	
1561-8625	ASIAN JOURNAL OF CONTROL	A3	
2154-4611	ASIAN JOURNAL OF LAW AND ECONOMICS (ONLINE)	B1	
0972-3005	ASIAN JOURNAL OF MICROBIOLOGY, BIOTECHNOLOGY AND ENVIRONMENTAL SCIENCE	B2	
2193-5815	ASIAN JOURNAL OF ORGANIC CHEMISTRY	A2	
2455-3891	ASIAN JOURNAL OF PHARMACEUTICAL AND CLINICAL RESEARCH	C	
2456-9682	ASIAN JOURNAL OF SOIL SCIENCE AND PLANT NUTRITION	A4	
2008-000X	ASIAN JOURNAL OF SPORTS MEDICINE	B1	
2476-762X	ASIAN PACIFIC JOURNAL OF CANCER PREVENTION	B1	
1995-7645	ASIAN PACIFIC JOURNAL OF TROPICAL MEDICINE	A4	
1932-2135	ASIA-PACIFIC JOURNAL OF CHEMICAL ENGINEERING	B1	
2238-3069	ÁSKESIS	B2	
2763-8960	ASKLEPION: INFORMAÇÃO EM SAÚDE	B1	
2832-8469	ASME JOURNAL OF HEAT AND MASS TRANSFER (ONLINE)	A3	
2689-6117	ASME LETTERS IN DYNAMIC SYSTEMS AND CONTROL (PRINT)	A4	
1759-0914	ASN NEURO	A2	
1540-658X	ASSAY AND DRUG DEVELOPMENT TECHNOLOGIES	B2	
1040-0435	ASSISTIVE TECHNOLOGY	A1	
2177-9333	ASSOBRAFIR CIÊNCIA	B2	
2659-3998	ASTARTÉ. ESTUDIOS DEL ORIENTE PRÓXIMO Y EL MEDITERRÁNEO	B1	
1531-1074	ASTROBIOLOGY (LARCHMONT)	A1	
0004-6337	ASTRONOMISCHE NACHRICHTEN (PRINT)	B1	
1432-0746	ASTRONOMY AND ASTROPHYSICS	A1	
2213-1337	ASTRONOMY AND COMPUTING	A4	
0927-6505	ASTROPARTICLE PHYSICS (PRINT)	A2	
0571-7132	ASTROPHYSICS (PRINT)	B1	
0921-7134	ASYMPTOTIC ANALYSIS	A3	
2448-3753	ATAS DE CIÊNCIAS DA SAÚDE (ACIS)	B2	
2675-9292	ATÂTÔT	B3	
2594-8407	ATELIÊ DO TURISMO	B2	
1982-1956	ATELIÊ GEOGRÁFICO (UFG)	A2	
1980-0452	ATENA (IESB. IMPRESSO)	B3	
1682-2749	ATENAS	B4	
2316-1833	ATHENAS - REVISTA DE DIREITO, POLÍTICA E FILOSOFIA	B2	
1578-8946	ATHENEA DIGITAL	A2	
2241-7702	ATHENS JOURNAL OF HUMANITIES & ARTS	B1	
2241-8466	ATHENS JOURNAL OF SCIENCES	B3	
2241-8148	ATHENS JOURNAL OF TOURISM	B1	
0021-9150	ATHEROSCLEROSIS (AMSTERDAM)	A1	
0261-1929	ATLA. ALTERNATIVES TO LABORATORY ANIMALS	A3	
0187-6236	ATMÓSFERA (MÉXICO)	B2	
2395-8812	ATMÓSFERA (ONLIINE)	B2	
2073-4433	ATMOSPHERE	A3	
1680-7367	ATMOSPHERIC CHEMISTRY AND PHYSICS DISCUSSION (PRINT)	B1	
1680-7324	ATMOSPHERIC CHEMISTRY AND PHYSICS (ONLINE)	A1	
1352-2310	ATMOSPHERIC ENVIRONMENT	A1	
1867-8548	ATMOSPHERIC MEASUREMENT TECHNIQUES	A2	
1309-1042	ATMOSPHERIC POLLUTION RESEARCH	A2	
0169-8095	ATMOSPHERIC RESEARCH (PRINT)	A1	
1809-0354	ATOS DE PESQUISA EM EDUCAÇÃO (FURB)	A3	
2237-826X	ATOZ: NOVAS PRÁTICAS EM INFORMAÇÃO E CONHECIMENTO	A2	
1943-3921	ATTENTION, PERCEPTION & PSYCHOPHYSICS (PRINT)	A1	
0065-0757	ATTI DELLA ACCADEMIA NAZIONALE ITALIANA DI ENTOMOLOGIA	B3	
2237-115X	ATUALIDADE TEOLÓGICA	A2	
2526-8031	ATURÁ - REVISTA PAN-AMAZÔNICA DE COMUNICAÇÃO	B1	
2317-6431	AUDIOLOGY - COMMUNICATION RESEARCH (ACR)	B1	
1421-9700	AUDIOLOGY AND NEUROTOLOGY	A3	
2318-9428	AUFKLÄRUNG: REVISTA DE FILOSOFIA	A2	
0214-3402	AULA (SALAMANCA)	A3	
0385-8146	AURIS, NASUS, LARYNX	A3	
1982-6672	AURORA (PUCSP. ONLINE)	B2	
2525-4006	AURORA. REVISTA DA SEMANA DO PATRIMÔNIO CULTURAL DE PERNAMBUCO	B4	
1982-8004	AURORA (UNESP. MARÍLIA)	B2	
2340-8510	AUSART ALDIZKARIA	A4	
2377-357X	AUSTIN ALZHEIMER'S AND PARKINSON'S DISEASE	B4	
2381-9014	AUSTIN JOURNAL OF PUBLIC HEALTH AND EPIDEMIOLOGY	B3	
2238-6912	AUSTRAL - BRAZILIAN JOURNAL OF STRATEGY & INTERNATIONAL RELATIONS	A2	
1442-9993	AUSTRAL ECOLOGY	A4	
2052-1758	AUSTRAL ENTOMOLOGY	A3	
1440-6381	AUSTRALASIAN JOURNAL ON AGEING	A3	
2207-7472	AUSTRALASIAN ORTHODONTIC JOURNAL	B1	
1833-928X	AUSTRALASIAN PLANT DISEASE NOTES	B1	
0004-8674	AUSTRALIAN AND NEW ZEALAND JOURNAL OF PSYCHIATRY (PRINT)	A2	
1036-7314	AUSTRALIAN CRITICAL CARE	A1	
1747-4477	AUSTRALIAN ENDODONTIC JOURNAL	A3	
1447-4328	AUSTRALIAN JOURNAL OF ADVANCED NURSING (ONLINE)	A2	
1991-8178	AUSTRALIAN JOURNAL OF BASIC AND APPLIED SCIENCES	B3	
0067-1924	AUSTRALIAN JOURNAL OF BOTANY (PRINT)	B1	
1448-8353	AUSTRALIAN JOURNAL OF CIVIL ENGINEERING	A4	
1835-2693	AUSTRALIAN JOURNAL OF CROP SCIENCE	B1	
1835-2707	AUSTRALIAN JOURNAL OF CROP SCIENCE (ONLINE)	B1	
1940-4166	AUSTRALIAN JOURNAL OF LEARNING DIFFICULTIES (ONLINE)	B3	
1033-8330	AUSTRALIAN JOURNAL OF MEDICAL HERBALISM	C	
1440-1630	AUSTRALIAN OCCUPATIONAL THERAPY	A2	
1026-597X	AUSTRIAN JOURNAL OF STATISTICS	B2	
2300-0929	AUTEX RESEARCH JOURNAL	A4	
2396-9415	AUTISM & DEVELOPMENTAL LANGUAGE IMPAIRMENTS (ONLINE)	B1	
1362-3613	AUTISM (LONDON)	A1	
1461-7005	AUTISM (ONLINE)	A1	
1939-3806	AUTISM RESEARCH	A1	
0719-8213	AUTOCTONÍA	A4	
1568-9972	AUTOIMMUNITY REVIEWS	A1	
1566-0702	AUTONOMIC NEUROSCIENCE: BASIC & CLINICAL	A3	
1554-8627	AUTOPHAGY (GEORGETOWN, TX)	A1	
1515-2413	AVÁ (POSADAS)	A3	
2175-3431	AVALIAÇÃO PSICOLÓGICA	A1	
1414-4077	AVALIAÇÃO: REVISTA DA AVALIAÇÃO DA EDUCAÇÃO SUPERIOR	A1	
1982-5765	AVALIAÇÃO: REVISTA DA AVALIAÇÃO DA EDUCAÇÃO SUPERIOR	A1	
0121-4500	AVANCES EN ENFERMERIA	A4	
2346-0261	AVANCES EN ENFERMERÍA	A4	
1794-4724	AVANCES EN PSICOLOGIA LATINOAMERICANA	A1	
2145-4515	AVANCES EN PSICOLOGÍA LATINOAMERICANA	A1	
1794-4953	AVANCES INVESTIGACIÓN EN INGENIERÍA	B3	
1853-5925	AVATARES DE LA COMUNICATION Y LA CULTURA	A4	
0307-9457	AVIAN PATHOLOGY	A2	
2228-7949	AVICENNA JOURNAL OF PHYTOMEDICINE	A3	
2675-522X	AWARI	A4	
2550-6684	AXIOMA - REVISTA INFORMATIVA DE DOCENCIA, INVESTIGACIÓN Y PROYECCIÓN SOCIAL (ONLINE)	A4	
2075-1680	AXIOMS	C	
2718-6717	AYANA	B2	
2674-6360	AYÉ	A3	
2446-6085	AYVU - REVISTA DE PSICOLOGIA	B2	
2316-6185	BAGOAS - ESTUDOS GAYS: GÊNEROS E SEXUALIDADES	A4	
0103-8117	BAHIA ANALISE & DADOS	B3	
8170-5642	BAJO EL VOLCAN	A2	
1576-3935	BAJO PALABRA: REVISTA DE FILOSOLFIA	A1	
2176-4573	BAKHTINIANA: REVISTA DE ESTUDOS DO DISCURSO	A1	
1808-2688	BALDUINIA (UFSM)	B3	
2080-9999	BALTIC JOURNAL OF HEALTH AND PHYSICAL ACTIVITY	A3	
1807-7692	BAR. BRAZILIAN ADMINISTRATION REVIEW	A2	
2965-3053	BARAÚNAS	B3	
0104-6578	BARBARÓI (UNISC. IMPRESSO)	B1	
1982-2022	BARBARÓI (UNISC. ONLINE)	B1	
2168-023X	BARIATRIC SURGICAL PRACTICE AND PATIENT CARE	B2	
1984-8196	BASE - REVISTA DE ADMINISTRAÇÃO E CONTABILIDADE DA UNISINOS	B1	
1807-054X	BASE (UNISINOS)	B1	
1742-7843	BASIC & CLINICAL PHARMACOLOGY & TOXICOLOGY ONLINE	A3	
1439-1791	BASIC AND APPLIED ECOLOGY (PRINT)	A2	
0950-091X	BASIN RESEARCH (PRINT)	A1	
2965-9655	BATE-PRONTO (ONLINE)	C	
2313-0105	BATTERIES	B1	
2566-6223	BATTERIES & SUPERCAPS	A2	
1931-6690	BAYESIAN ANALYSIS (ONLINE)	A1	
2667-1603	BBA ADVANCES	B1	
1808-2386	BBR. BRAZILIAN BUSINESS REVIEW	A2	
1807-734X	BBR. BRAZILIAN BUSINESS REVIEW (EDIÇÃO EM PORTUGUÊS. ONLINE)	A2	
2372-9414	BEHAVIOR ANALYSIS: RESEARCH AND PRACTICE	B1	
1554-3528	BEHAVIOR RESEARCH METHODS	A1	
0340-5443	BEHAVIORAL ECOLOGY AND SOCIOBIOLOGY (PRINT)	A2	
1099-078X	BEHAVIORAL INTERVENTIONS	A3	
0896-4289	BEHAVIORAL MEDICINE (WASHINGTON, D.C.)	A3	
0735-7044	BEHAVIORAL NEUROSCIENCE	B1	
1132-9483	BEHAVIORAL PSYCHOLOGY/PSICOLOGÍA CONDUCTUAL	A3	
2076-328X	BEHAVIORAL SCIENCES (ONLINE)	A3	
1540-2002	BEHAVIORAL SLEEP MEDICINE	A1	
0144-929X	BEHAVIOUR & INFORMATION TECHNOLOGY	A1	
0005-7959	BEHAVIOUR (LEIDEN. PRINT)	A4	
0005-7967	BEHAVIOUR RESEARCH AND THERAPY	A1	
0166-4328	BEHAVIOURAL BRAIN RESEARCH	A3	
0953-4180	BEHAVIOURAL NEUROLOGY	C	
1875-8584	BEHAVIOURAL NEUROLOGY	C	
0955-8810	BEHAVIOURAL PHARMACOLOGY	A4	
0376-6357	BEHAVIOURAL PROCESSES (PRINT)	A3	
2159-4627	BEIJING LAW  REVIEW	C	
2159-4635	BEIJING LAW REVIEW	C	
2190-4286	BEILSTEIN JOURNAL OF NANOTECHNOLOGY	A2	
1860-5397	BEILSTEIN JOURNAL OF ORGANIC CHEMISTRY	A3	
2294-9135	BELGEO	A4	
2013-6196	BELLATERRA JOURNAL OF TEACHING & LEARNING LANGUAGE & LIERATURE	B2	
2178-3640	BELT - BRAZILIAN ENGLISH LANGUAGE TEACHING JOURNAL	A3	
1463-5771	BENCHMARKING: AN INTERNATIONAL JOURNAL	A1	
1876-2891	BENEFICIAL MICROBES	A2	
2314-8543	BENI-SUEF UNIVERSITY JOURNAL OF BASIC AND APPLIED SCIENCES (ONLINE)	A2	
1984-6061	BENJAMIN CONSTANT (ONLINE)	A3	
2212-7984	BENTHAM SCIENCE PUBLISHERS LTD.	A3	
1933-1045	BERKELEY JOURNAL OF GENDER, LAW & JUSTICE	B1	
2648-2770	BÉROSE	B2	
1521-6942	BEST PRACTICE & RESEARCH IN CLINICAL RHEUMATOLOGY	A2	
2306-5710	BEVERAGES	A3	
2612-5110	BEYOND RHEUMATOLOGY (ONLINE)	B4	
1516-8085	BIB. REVISTA BRASILEIRA DE INFORMAÇÃO BIBLIOGRÁFICA EM CIÊNCIAS SOCIAIS	A2	
1138-9796	BIBLIO 3W (BARCELONA)	B1	
2447-7842	BIBLIOCANTO	B1	
1809-4775	BIBLIONLINE (JOÃO PESSOA)	A4	
1562-4730	BIBLIOS (LIMA)	A3	
2238-5894	BIBLIOTECA ESCOLAR EM REVISTA	A4	
1646-3137	BIBLIOTECA ONLINE DE CIÊNCIAS DA COMUNICAÇÃO - BOCC	B2	
1683-8947	BIBLIOTECAS. ANALES DE INVESTIGACIÓN	A1	
2236-7594	BIBLOS - REVISTA DO INSTITUTO DE CIÊNCIAS HUMANAS E DA INFORMAÇÃO	A3	
0102-4388	BIBLOS (RIO GRANDE)	A3	
1575-5886	BID. TEXTOS UNIVERSITARIS DE BIBLIOTECONOMIA I DOCUMENTACIÓ	B2	
2053-9517	BIG DATA & SOCIETY	A1	
2504-2289	BIG DATA AND COGNITIVE COMPUTING	C	
1843-5637	BIHAREAN BIOLOGIST	B3	
2117-4458	BIO WEB OF CONFERENCES	A3	
0952-4622	BIOACOUSTICS (BERKHAMSTED)	A3	
2212-6198	BIOACTIVE CARBOHYDRATES AND DIETARY FIBRE	A2	
2452-199X	BIOACTIVE MATERIALS	A1	
1316-3361	BIOAGRO	B1	
1757-6180	BIOANALYSIS (PRINT)	A3	
1809-8460	BIOASSAY (PIRACICABA)	C	
1312-451X	BIOAUTOMATION	B4	
1878-8181	BIOCATALYSIS AND AGRICULTURAL BIOTECHNOLOGY	A1	
1024-2422	BIOCATALYSIS AND BIOTRANSFORMATION (PRINT)	A4	
1667-5746	BIOCELL	B2	
2673-6411	BIOCHEM	C	
0006-291X	BIOCHEMICAL AND BIOPHYSICAL RESEARCH COMMUNICATIONS (PRINT)	A3	
1369-703X	BIOCHEMICAL ENGINEERING JOURNAL	A2	
0006-2928	BIOCHEMICAL GENETICS	A3	
0006-2952	BIOCHEMICAL PHARMACOLOGY	A1	
0305-1978	BIOCHEMICAL SYSTEMATICS AND ECOLOGY	A4	
2405-5808	BIOCHEMISTRY AND BIOPHYSICS REPORTS	A4	
0829-8211	BIOCHEMISTRY AND CELL BIOLOGY (PRINT)	A4	
0006-2960	BIOCHEMISTRY (EASTON)	A4	
2090-2247	BIOCHEMISTRY RESEARCH INTERNATIONAL	A2	
0005-2728	BIOCHIMICA ET BIOPHYSICA ACTA. BIOENERGETICS	A1	
0005-2736	BIOCHIMICA ET BIOPHYSICA ACTA. BIOMEMBRANES	A1	
0304-4165	BIOCHIMICA ET BIOPHYSICA ACTA. G, GENERAL SUBJECTS (PRINT)	A2	
0925-4439	BIOCHIMICA ET BIOPHYSICA ACTA. MOLECULAR BASIS OF DISEASE	A1	
1570-9639	BIOCHIMICA ET BIOPHYSICA ACTA. PROTEINS AND PROTEOMICS	A2	
1879-260X	BIOCHIMICA ET BIOPHYSICA ACTA-MOLECULAR BASIS OF DISEASE (ONLINE)	A1	
0300-9084	BIOCHIMIE (PARIS. PRINT)	A3	
1386-6141	BIOCONTROL (DORDRECHT)	A2	
0958-3157	BIOCONTROL SCIENCE AND TECHNOLOGY (PRINT)	A3	
0923-9820	BIODEGRADATION (DORDRECHT)	A3	
2096-5524	BIO-DESIGN AND MANUFACTURING	A1	
2177-1332	BIODIVERSIDADE	B2	
2236-2886	BIODIVERSIDADE BRASILEIRA	B4	
1677-874X	BIODIVERSIDADE (UFMT. IMPRESSO)	B2	
1412-033X	BIODIVERSITAS: JOURNAL OF BIOLOGICAL DIVERSITY.	A3	
0960-3115	BIODIVERSITY AND CONSERVATION	A2	
1572-9710	BIODIVERSITY AND CONSERVATION (DORDRECHT. ONLINE)	A2	
1314-2828	BIODIVERSITY DATA JOURNAL	A4	
1546-9735	BIODIVERSITY INFORMATICS	A3	
1567-5394	BIOELECTROCHEMISTRY (AMSTERDAM)	A1	
1939-1234	BIOENERGY RESEARCH	A2	
1939-1242	BIOENERGY RESEARCH (ONLINE)	A2	
2165-5979	BIOENGINEERED	A2	
2306-5354	BIOENGINEERING	B1	
2965-839X	BIOENS@IOS (ONLINE)	C	
2395-938X	BIOETHICS UPDATE	B3	
1122-2344	BIOETICA	B4	
1872-8081	BIOFACTORS	A1	
1983-4209	BIOFAR: REVISTA DE BIOLOGIA E FARMÁCIA	C	
2525-9725	BIOFIX SCIENTIFIC JOURNAL (ONLINE)	B2	
0892-7014	BIOFOULING (NEW YORK. PRINT)	A1	
2292-8782	BIOFUEL RESEARCH JOURNAL	A1	
1759-7269	BIOFUELS	A3	
1932-104X	BIOFUELS, BIOPRODUCTS & BIOREFINING	A3	
1932-1031	BIOFUELS, BIOPRODUCTS AND BIOREFINING	A3	
0168-2563	BIOGEOCHEMISTRY (DORDRECHT)	A1	
1389-5729	BIOGERONTOLOGY (DORDRECHT)	A1	
2619-3531	BIO-GRAFÍA	A3	
2027-1034	BIO-GRAFIA: ESCRITOS SOBRE LA BIOLOGIA Y SU ENSENANZA	A3	
2764-8273	BIOINFO	B4	
2635-0041	BIOINFORMATICS ADVANCES (ONLINE)	A3	
1687-479X	BIOINORGANIC CHEMISTRY AND APPLICATIONS	A1	
2069-5837	BIOINTERFACE RESEARCH IN APPLIED CHEMISTRY	C	
1336-9563	BIOLOGIA	A3	
0006-3088	BIOLOGIA (BRATISLAVA)	A3	
0144-8765	BIOLOGICAL AGRICULTURE & HORTICULTURE	A3	
1431-6730	BIOLOGICAL CHEMISTRY (PRINT)	A3	
0006-3207	BIOLOGICAL CONSERVATION	A1	
1049-9644	BIOLOGICAL CONTROL (PRINT)	A1	
0340-1200	BIOLOGICAL CYBERNETICS	A4	
1387-3547	BIOLOGICAL INVASIONS	A2	
1573-1464	BIOLOGICAL INVASIONS (DORDRECHT. ONLINE)	A2	
0024-4066	BIOLOGICAL JOURNAL OF THE LINNEAN SOCIETY	A3	
1095-8312	BIOLOGICAL JOURNAL OF THE LINNEAN SOCIETY	A3	
0301-0511	BIOLOGICAL PSYCHOLOGY	A2	
1099-8004	BIOLOGICAL RESEARCH FOR NURSING	A1	
1469-185X	BIOLOGICAL REVIEWS OF THE CAMBRIDGE PHILOSOPHICAL SOCIETY (ONLINE)	A1	
0929-1016	BIOLOGICAL RHYTHM RESEARCH	A4	
0163-4984	BIOLOGICAL TRACE ELEMENT RESEARCH	A1	
1559-0720	BIOLOGICAL TRACE ELEMENT RESEARCH (ONLINE)	A1	
2673-8449	BIOLOGICS	C	
2079-7737	BIOLOGY	A2	
2673-9976	BIOLOGY AND LIFE SCIENCES FORUM	C	
1744-957X	BIOLOGY LETTERS (ONLINE)	A1	
1744-9561	BIOLOGY LETTERS (PRINT)	A1	
2396-8923	BIOLOGY METHODS AND PROTOCOLS	A3	
0006-3363	BIOLOGY OF REPRODUCTION	A1	
2042-6410	BIOLOGY OF SEX DIFFERENCES	A1	
0860-021X	BIOLOGY OF SPORT	A1	
2046-6390	BIOLOGY OPEN	A3	
1525-7797	BIOMACROMOLECULES	A1	
1354-750X	BIOMARKERS (LONDON. PRINT)	A4	
2673-8783	BIOMASS	A4	
0961-9534	BIOMASS & BIOENERGY	A1	
2190-6815	BIOMASS CONVERSION AND BIOREFINERY	A3	
2190-6823	BIOMASS CONVERSION AND BIOREFINERY	A3	
2772-9508	BIOMATERIALS ADVANCES	A1	
2666-5344	BIOMATERIALS AND BIOSYSTEMS (ONLINE)	B1	
0142-9612	BIOMATERIALS (GUILDFORD)	A1	
2047-4849	BIOMATERIALS SCIENCE	A1	
1314-7218	BIOMATH	B1	
2673-7078	BIOMECHANICS	B1	
1617-7959	BIOMECHANICS AND MODELING IN MECHANOBIOLOGY (PRINT)	A1	
2673-8430	BIOMED	C	
2314-6141	BIOMED RESEARCH INTERNATIONAL	A2	
2314-6133	BIOMED RESEARCH INTERNATIONAL	A2	
2590-7379	BIOMÉDICA	A4	
0120-4157	BIOMÉDICA (BOGOTÁ)	A4	
1099-0801	BIOMEDICAL CHROMATOGRAPHY	B1	
1475-925X	BIOMEDICAL ENGINEERING ONLINE (ONLINE)	A2	
2080-2234	BIOMEDICAL HUMAN KINETICS	B1	
2574-1241	BIOMEDICAL JOURNAL OF SCIENTIFIC & TECHNICAL RESEARCH	C	
2057-1976	BIOMEDICAL PHYSICS & ENGINEERING EXPRESS	B1	
0970-938X	BIOMEDICAL RESEARCH (ALIGARH)	B1	
2835-7914	BIOMEDICAL SCIENCE AND CLINICAL RESEARCH	B3	
1746-8094	BIOMEDICAL SIGNAL PROCESSING AND CONTROL (PRINT)	A1	
0753-3322	BIOMEDICINE & PHARMACOTHERAPY	A1	
1950-6007	BIOMEDICINE & PHARMACOTHERAPY (ONLINE)	A1	
2227-9059	BIOMEDICINES	A2	
0966-0844	BIOMETALS (OXFORD)	A2	
0323-3847	BIOMETRICAL JOURNAL (1977)	A2	
2313-7673	BIOMIMETICS	A4	
1874-2718	BIOMOLECULAR NMR ASSIGNMENTS (PRINT)	B3	
2218-273X	BIOMOLECULES	A2	
1679-8074	BIOMOTRIZ (UNICRUZ)	B2	
2191-1630	BIONANOSCIENCE	A4	
3020-7886	BIONATURA JOURNAL (ONLINE)	B4	
0960-894X	BIOORGANIC & MEDICINAL CHEMISTRY LETTERS (PRINT)	A3	
0968-0896	BIOORGANIC & MEDICINAL CHEMISTRY (PRINT)	A2	
0045-2068	BIOORGANIC CHEMISTRY (PRINT)	A1	
0142-2782	BIOPHARMACEUTICS & DRUG DISPOSITION	A4	
2673-4125	BIOPHYSICA	B3	
0301-4622	BIOPHYSICAL CHEMISTRY (PRINT)	A2	
2730-7190	BIOPHYSICAL ECONOMICS AND SUSTAINABILITY	A4	
0006-3495	BIOPHYSICAL JOURNAL (PRINT)	A2	
1867-2450	BIOPHYSICAL REVIEWS	A1	
1097-0282	BIOPOLYMERS PEPTIDE SCIENCE	A3	
1947-5535	BIOPRESERVATION AND BIOBANKING	A4	
2405-8866	BIOPRINTING	A1	
1615-7605	BIOPROCESS AND BIOSYSTEMS ENGINEERING (INTERNET)	A2	
1615-7591	BIOPROCESS AND BIOSYSTEMS ENGINEERING (PRINT)	A2	
0960-8524	BIORESOURCE TECHNOLOGY	A1	
2589-014X	BIORESOURCE TECHNOLOGY REPORTS	A3	
2197-4365	BIORESOURCES AND BIOPROCESSING.	A2	
1930-2126	BIORESOURCES (RALEIGH, N.C)	A3	
2692-8205	BIORXIV	C	
2805-8267	BIOS PAPERS	B4	
1525-3244	BIOSCIENCE	A1	
1981-3163	BIOSCIENCE JOURNAL (ONLINE)	B2	
1516-3725	BIOSCIENCE JOURNAL (UFU. IMPRESSO)	B2	
1573-4935	BIOSCIENCE REPORTS	A2	
2965-758X	BIOSCIENCES AND HEALTH (BIOSCHEALTH) (ONLINE)	C	
0973-1245	BIOSCIENCES BIOTECHNOLOGY RESEARCH ASIA	C	
1875-1342	BIOSEMIOTICS	A1	
2079-6374	BIOSENSORS	A2	
0956-5663	BIOSENSORS & BIOELECTRONICS	A1	
2590-1370	BIOSENSORS AND BIOELECTRONICS: X	A4	
1745-8552	BIOSOCIETIES (PRINT)	B2	
0303-2647	BIOSYSTEMS (AMSTERDAM. PRINT)	A2	
1537-5110	BIOSYSTEMS ENGINEERING	A1	
2179-5746	BIOTA AMAZÔNIA	B4	
1676-0603	BIOTA NEOTROPICA (EDIÇÃO EM PORTUGUÊS. ONLINE)	A4	
1676-0611	BIOTA NEOTROPICA (ONLINE. EDIÇÃO EM INGLÊS)	A4	
2673-6284	BIOTECH	B2	
0736-6205	BIOTECHNIQUES	A4	
1780-4507	BIOTECHNOLOGY, AGRONOMY AND SOCIETY AND ENVIRONMENT	B1	
0885-4513	BIOTECHNOLOGY AND APPLIED BIOCHEMISTRY	A3	
1470-8744	BIOTECHNOLOGY AND APPLIED BIOCHEMISTRY	A3	
0006-3592	BIOTECHNOLOGY AND BIOENGINEERING (PRINT)	A2	
1754-6834	BIOTECHNOLOGY FOR BIOFUELS	A2	
2731-3654	BIOTECHNOLOGY FOR BIOFUELS AND BIOPRODUCTS	A1	
2456-7051	BIOTECHNOLOGY JOURNAL INTERNATIONAL	B1	
0141-5492	BIOTECHNOLOGY LETTERS	A4	
1520-6033	BIOTECHNOLOGY PROGRESS	A3	
2215-017X	BIOTECHNOLOGY REPORTS	A1	
2452-0721	BIOTECHNOLOGY RESEARCH AND INNOVATION	A4	
1027-2852	BIOTECNOLOGÍA APLICADA	B3	
2175-7925	BIOTEMAS	B4	
1744-7429	BIOTROPICA	A3	
0006-3606	BIOTROPICA (LAWRENCE, KS)	A3	
1399-5618	BIPOLAR DISORDERS	A1	
1398-5647	BIPOLAR DISORDERS (PRINT)	A1	
0959-2709	BIRD CONSERVATION INTERNATIONAL	A2	
2472-1727	BIRTH DEFECTS RESEARCH	A3	
1518-1812	BIS. BOLETIM DO INSTITUTO DE SAÚDE (IMPRESSO)	B3	
1809-7529	BIS. BOLETIM DO INSTITUTO DE SAÚDE (ONLINE)	B3	
0124-7913	BITACORA URBANO TERRITORIAL	A1	
2027-145X	BITÁCORA URBANO TERRITORIAL	A1	
1365-2125	BJCP. BRITISH JOURNAL OF CLINICAL PHARMACOLOGY (ONLINE)	A2	
1470-0328	BJOG (OXFORD)	A1	
1464-4096	BJU INTERNATIONAL (PRINT)	A1	
2938-2602	BLOCKCHAIN AND CRYPTOCURRENCY (ONLINE)	B4	
0957-5235	BLOOD COAGULATION & FIBRINOLYSIS	B2	
1528-0020	BLOOD (PHILADELPHIA. ONLINE)	A1	
0006-4971	BLOOD (PHILADELPHIA, PA)	A1	
1359-5237	BLOOD PRESSURE MONITORING	A3	
1471-2105	BMC BIOINFORMATICS	A1	
1741-7007	BMC BIOLOGY	A1	
1472-6750	BMC BIOTECHNOLOGY (ONLINE)	A3	
1471-2407	BMC CANCER (ONLINE)	A3	
1471-2261	BMC CARDIOVASCULAR DISORDERS (ONLINE)	A4	
2661-801X	BMC CHEMISTRY	A3	
2662-7671	BMC COMPLEMENTARY MEDICINE AND THERAPIES	A2	
2730-7182	BMC ECOLOGY AND EVOLUTION	A4	
1472-6823	BMC ENDOCRINE DISORDERS (ONLINE)	B1	
1471-2148	BMC EVOLUTIONARY BIOLOGY (ONLINE)	A1	
2730-6844	BMC GENOMIC DATA (ONLINE)	A4	
1471-2164	BMC GENOMICS	A3	
1471-2318	BMC GERIATRICS (ONLINE)	A1	
1472-6963	BMC HEALTH SERVICES RESEARCH (ONLINE)	A1	
1471-2334	BMC INFECTIOUS DISEASES (ONLINE)	A3	
1472-6920	BMC MEDICAL EDUCATION (ONLINE)	A2	
1472-6939	BMC MEDICAL ETHICS (ONLINE)	A1	
1472-6947	BMC MEDICAL INFORMATICS AND DECISION MAKING (ONLINE)	A1	
1741-7015	BMC MEDICINE	A1	
1471-2180	BMC MICROBIOLOGY (ONLINE)	A3	
1471-2474	BMC MUSCULOSKELETAL DISORDERS (ONLINE)	A3	
1471-2369	BMC NEPHROLOGY	A3	
1471-2377	BMC NEUROLOGY (ONLINE)	A4	
1471-2202	BMC NEUROSCIENCE (ONLINE)	B1	
1472-6955	BMC NURSING	A1	
1472-6831	BMC ORAL HEALTH (ONLINE)	A2	
1472-684X	BMC PALLIATIVE CARE (ONLINE)	A2	
1471-2431	BMC PEDIATRICS (ONLINE)	A1	
2050-6511	BMC PHARMACOLOGY AND TOXICOLOGY	A4	
1471-2229	BMC PLANT BIOLOGY (ONLINE)	A1	
1471-2393	BMC PREGNANCY AND CHILDBIRTH (ONLINE)	A1	
2731-4553	BMC PRIMARY CARE	B1	
1471-244X	BMC PSYCHIATRY (ONLINE)	A1	
2050-7283	BMC PSYCHOLOGY	A1	
1471-2458	BMC PUBLIC HEALTH (ONLINE)	A1	
1471-2466	BMC PULMONARY MEDICINE (ONLINE)	A4	
1756-0500	BMC RESEARCH NOTES	A2	
2052-1847	BMC SPORTS SCIENCE, MEDICINE AND REHABILITATION	A2	
1471-2490	BMC UROLOGY (ONLINE)	A4	
1746-6148	BMC VETERINARY RESEARCH	A1	
1472-6874	BMC WOMEN'S HEALTH (ONLINE)	A1	
2056-3132	BMC ZOOLOGY	A3	
2765-8031	BME FRONTIERS	A2	
2972-449X	BME HORIZON (ONLINE)	C	
1757-790X	BMJ CASE REPORTS	A4	
2059-7908	BMJ GLOBAL HEALTH	A1	
2633-3767	BMJ MILITARY HEALTH	A3	
2044-6055	BMJ OPEN	A1	
2052-4439	BMJ OPEN RESPIRATORY RESEARCH	A2	
2055-7647	BMJ OPEN SPORT & EXERCISE MEDICINE	A1	
2045-435X	BMJ SUPPORTIVE & PALLIATIVE CARE (IMPRESSO)	A1	
1756-1833	BMJ-BRITISH MEDICAL JOURNAL	A1	
1740-1445	BODY IMAGE	A1	
1980-4504	BOITATÁ	B2	
1980-4415	BOLEMA : BOLETIM DE EDUCAÇÃO MATEMÁTICA (ONLINE)	A1	
0103-636X	BOLEMA. BOLETIM DE EDUCAÇÃO MATEMÁTICA (UNESP. RIO CLARO. IMPRESSO)	A1	
1809-6042	BOLETIM - MUSEU HISTÓRICO DE JATAÍ	C	
1415-711X	BOLETIM. ACADEMIA PAULISTA DE PSICOLOGIA	A3	
2764-1422	BOLETIM ALFENENSE DE GEOGRAFIA	B2	
2236-3637	BOLETIM CAMPINEIRO DE GEOGRAFIA	A3	
2357-8661	BOLETIM CEARENSE DE EDUCAÇÃO E HISTÓRIA DA MATEMÁTICA	A4	
1983-9774	BOLETIM CENTRO DE PESQUISA E PROCESSAMENTO DE ALIMENTOS	C	
1676-4781	BOLETIM CIENTÍFICO DA ESCOLA SUPERIOR DO MINISTÉRIO PÚBLICO DA UNIÃO	A3	
2176-3038	BOLETIM DA ACADEMIA PAULISTA DE PSICOLOGIA	A3	
0103-8451	BOLETIM DA SOCIEDADE BRASILEIRA DE DIREITO INTERNACIONAL	C	
2965-3649	BOLETIM DA SOCIEDADE DOS ADVOGADOS CRIMINAIS DO ESTADO DO RIO DE JANEIRO - SACERJ (ONLINE)	B4	
0037-8712	BOLETIM DA SOCIEDADE PARANAENSE DE MATEMÁTICA	B2	
2177-4463	BOLETIM DATALUTA	A3	
2237-6208	BOLETIM DE ANÁLISE POLÍTICO-INSTITUCIONAL	B1	
2316-9052	BOLETIM DE BOTÂNICA DA UNIVERSIDADE DE SÃO PAULO	B4	
1982-2170	BOLETIM DE CIÊNCIAS GEODÉSICAS (ONLINE)	A3	
2675-1488	BOLETIM DE CONJUNTURA - BOCA	C	
2176-9915	BOLETIM DE ECONOMIA E POLÍTICA INTERNACIONAL (IPEA)	B1	
0872-2110	BOLETIM DE ESTUDOS CLÁSSICOS	B3	
2176-4786	BOLETIM DE GEOGRAFIA (ONLINE)	A2	
1981-4100	BOLETIM DE INDÚSTRIA ANIMAL (ONLINE)	B4	
1679-0154	BOLETIM DE PESQUISA E DESENVOLVIMENTO (EMBRAPA MILHO E SORGO)	B2	
2675-9934	BOLETIM DE POLÍTICAS PÚBLICAS	B3	
2182-7974	BOLETIM DO ARQUIVO DA UNIVERSIDADE DE COIMBRA	B1	
2177-7497	BOLETIM DO GRUPO DE ESTUDOS EM DIREITO AUTORAL E INFORMAÇÃO	B4	
0046-9939	BOLETIM DO INSTITUTO DE PESCA (IMPRESSO)	B1	
1678-2305	BOLETIM DO INSTITUTO DE PESCA (ONLINE)	B1	
1981-6421	BOLETIM DO LABORATÓRIO DE HIDROBIOLOGIA (ONLINE)	B4	
0102-4337	BOLETIM DO LABORATÓRIO DE HIDROBIOLOGIA (PRINT)	B4	
0103-9121	BOLETIM DO MUSEU DE BIOLOGIA MELLO LEITAO	C	
2317-5206	BOLETIM DO MUSEU INTEGRADO DE RORAIMA (ONLINE)	B1	
0374-6380	BOLETIM DO MUSEU PARAENSE EMILIO GOELDI	B4	
1981-8122	BOLETIM DO MUSEU PARAENSE EMÍLIO GOELDI. CIÊNCIAS HUMANAS	A1	
1981-8114	BOLETIM DO MUSEU PARAENSE EMÍLIO GOELDI. CIÊNCIAS NATURAIS	B4	
2317-6237	BOLETIM DO MUSEU PARAENSE EMÍLIO GOELDI. CIÊNCIAS NATURAIS (ONLINE)	B4	
2178-2547	BOLETIM DO MUSEU PARAENSE EMÍLIO GOELDI. SÉRIE CIÊNCIAS HUMANAS	A1	
1981-3384	BOLETIM DO TEMPO PRESENTE	A3	
1519-3802	BOLETIM DOS PROCURADORES DA REPÚBLICA (IMPRESSO)	C	
2594-9454	BOLETIM ELETRÔNICO SOCIEDADE BRASILEIRA DE QUÍMICA (ONLINE)	C	
2526-8961	BOLETIM ENTRE SIS	B2	
1413-9626	BOLETIM FARMACOTERAPÊUTICA	B4	
1517-4506	BOLETIM FORMAÇÃO EM PSICANÁLISE (SÃO PAULO)	B4	
0101-7888	BOLETIM GAÚCHO DE GEOGRAFIA	A3	
2764-0418	BOLETIM GEEP	B4	
2764-5851	BOLETIM GEOÁFRICA	B1	
2446-7251	BOLETIM GEOGRÁFICO DO RIO GRANDE DO SUL	A3	
2176-2988	BOLETIM GEPEM (ONLINE)	A2	
0101-708X	BOLETIM GOIANO DE GEOGRAFIA	A2	
1984-8501	BOLETIM GOIANO DE GEOGRAFIA (ONLINE)	A2	
2237-8006	BOLETIM GOVERNET DE ADMINISTRAÇÃO PÚBLICA E GESTÃO MUNICIPAL	B4	
2357-9145	BOLETIM HISTORIAR	A3	
1676-3661	BOLETIM IBCCRIM	A2	
2176-9141	BOLETIM INFORMATIVO UNIMOTRISAÚDE EM SOCIOGERONTOLOGIA	B1	
1983-5507	BOLETIM INTERFACES DA PSICOLOGIA DA UFRURALRJ	B2	
2763-5066	BOLETIM KULTRUN	B4	
2763-7018	BOLETIM MICRO VITA	B4	
2526-7442	BOLETIM OBSERVATÓRIO DA DIVERSIDADE CULTURAL	B3	
2357-724X	BOLETIM ONLINE DE EDUCAÇÃO MATEMÁTICA	B1	
0067-964X	BOLETIM PARANAENSE DE GEOCIÊNCIAS	B3	
0006-6079	BOLETIM PAULISTA DE GEOGRAFIA	A1	
2447-0945	BOLETIM PAULISTA DE GEOGRAFIA	A1	
2177-9090	BOLETIM SBGF	C	
0102-549X	BOLETIM TÉCNICO DO SENAC	A2	
2448-1483	BOLETIM TÉCNICO DO SENAC (ONLINE)	A2	
2718-6547	BOLETÍN DE HUMANIDADES MÉDICAS	C	
1134-993X	BOLETIN DE LA ASOCIACION INTERNACIONAL DE DERECHO COOPERATIVO	A4	
0366-3175	BOLETÍN DE LA SOCIEDAD ESPAÑOLA DE CERÁMICA Y VIDRIO	A2	
1405-213X	BOLETÍN DE LA SOCIEDAD MATEMÁTICA MEXICANA	A3	
0255-4402	BOLETIN DE LA SOCIEDAD ZOOLOGICA DEL URUGUAY	C	
0717-7917	BOLETÍN LATINOAMERICANO Y DEL CARIBE DE PLANTAS MEDICINALES Y AROMÁTICAS	B2	
0041-8633	BOLETÍN MEXICANO DE DERECHO COMPARADO	A1	
2594-942X	BOMGEAM	B4	
8756-3282	BONE (NEW YORK, N.Y.)	A1	
2562-9913	BORDERS IN GLOBALIZATION REVIEW	A4	
2214-8450	BORSA ISTANBUL REVIEW (PRINT)	A1	
2763-6720	BOTÂNICA PÚBLICA	C	
0024-4074	BOTANICAL JOURNAL OF THE LINNEAN SOCIETY (PRINT)	A2	
2381-8115	BOTANY LETTERS	A4	
1916-2804	BOTANY (OTTAWA. ONLINE)	B1	
0006-8314	BOUNDARY - LAYER METEOROLOGY	A2	
0265-086X	BRADLEYA	A3	
1678-4499	BRAGANTIA.	A4	
2162-3279	BRAIN AND BEHAVIOR	A3	
0278-2626	BRAIN AND COGNITION	A2	
2666-3546	BRAIN, BEHAVIOR, & IMMUNITY - HEALTH	A1	
0006-8977	BRAIN, BEHAVIOR AND EVOLUTION	A1	
0889-1591	BRAIN, BEHAVIOR, AND IMMUNITY	A1	
2949-8341	BRAIN BEHAVIOR AND IMMUNITY. INTEGRATIVE. (ONLINE)	B3	
2632-1297	BRAIN COMMUNICATIONS	A2	
2666-4593	BRAIN DISORDERS	B2	
1931-7565	BRAIN IMAGING AND BEHAVIOR	A2	
2965-3738	BRAIN IMAGING AND STIMULATION (BIS)	B4	
0269-9052	BRAIN INJURY (LONDON. PRINT)	A4	
0006-8950	BRAIN (LONDON. PRINT)	A1	
0006-8993	BRAIN RESEARCH	A3	
0361-9230	BRAIN RESEARCH BULLETIN	A3	
2076-3425	BRAIN SCIENCES	C	
1935-861X	BRAIN STIMULATION: BASIC, TRANSLATIONAL AND CLINICAL RESEARCH IN NEUROMODULATION	A1	
0896-0267	BRAIN TOPOGRAPHY	A3	
2237-8529	BRANDTRENDS JOURNAL	B3	
2701-4924	BRAS BLOG	B3	
0102-4728	BRASIL MINERAL (SÃO PAULO)	B4	
2526-4885	BRASIL/BRAZIL	B4	
0524-2053	BRASÍLIA MÉDICA	B3	
2675-1712	BRASILIAN JOURNAL OF  AGROECOLOGY AND SUSTAINABILITY	B3	
2245-4373	BRASILIANA : JOURNAL FOR BRAZILIAN STUDIES	B1	
2199-7594	BRASILICUM	A2	
0173-6582	BRASILIEN-NACHRICHTEN	B4	
2525-7374	BRASPEN JOURNAL	C	
1519-9053	BRATHAIR (ONLINE)	B2	
2595-3621	BRAZILIAN APPLIED SCIENCE REVIEW	C	
1516-8913	BRAZILIAN ARCHIVES OF BIOLOGY AND TECHNOLOGY (IMPRESSO)	A3	
1678-4324	BRAZILIAN ARCHIVES OF BIOLOGY AND TECHNOLOGY (ONLINE)	A3	
2763-8677	BRAZILIAN CREATIVE INDUSTRIES JOURNAL	A4	
1806-4760	BRAZILIAN DENTAL JOURNAL	A3	
0103-6440	BRAZILIAN DENTAL JOURNAL	A3	
2178-6011	BRAZILIAN DENTAL SCIENCE	A3	
2179-2321	BRAZILIAN GEOGRAPHICAL JOURNAL: GEOSCIENCES AND HUMANITIES RESEARCH MEDIUM	A3	
2318-2407	BRAZILIAN JOURNAL OF AGRICULTURE - REVISTA DE AGRICULTURA	B3	
2179-3425	BRAZILIAN JOURNAL OF ANALYTICAL CHEMISTRY (PRINT)	B1	
0104-0014	BRAZILIAN JOURNAL OF ANESTHESIOLOGY	A3	
2595-573X	BRAZILIAN JOURNAL OF ANIMAL AND ENVIRONMENTAL RESEARCH	B1	
1808-7035	BRAZILIAN JOURNAL OF AQUATIC SCIENCE AND TECHNOLOGY (IMPRESSO)	C	
2358-2731	BRAZILIAN JOURNAL OF BIOLOGICAL SCIENCES	B3	
1519-6984	BRAZILIAN JOURNAL OF BIOLOGY (IMPRESSO)	A4	
1678-4375	BRAZILIAN JOURNAL OF BIOLOGY (ONLINE)	A4	
2764-5290	BRAZILIAN JOURNAL OF BIOMETRICS	B3	
1806-9959	BRAZILIAN JOURNAL OF BOTANY	A4	
2596-1934	BRAZILIAN JOURNAL OF BUSINESS	C	
1678-9741	BRAZILIAN JOURNAL OF CARDIOVASCULAR SURGERY (ONLINE)	A3	
2763-583X	BRAZILIAN JOURNAL OF CASE REPORTS	B4	
0104-6632	BRAZILIAN JOURNAL OF CHEMICAL ENGINEERING (IMPRESSO)	A3	
1678-4383	BRAZILIAN JOURNAL OF CHEMICAL ENGINEERING (ONLINE)	A3	
2965-0968	BRAZILIAN JOURNAL OF CLINICAL MEDICINE AND REVIEW (BJCMR)	B4	
2525-8761	BRAZILIAN JOURNAL OF DEVELOPMENT	C	
2763-6925	BRAZILIAN JOURNAL OF EXPERIMENTAL DESIGN, DTA ANALYSIS AND INFERENTIAL STATISTICS	B3	
0100-350X	BRAZILIAN JOURNAL OF FOOD TECHNOLOGY	B1	
1981-6723	BRAZILIAN JOURNAL OF FOOD TECHNOLOGY (ONLINE)	B1	
2675-6951	BRAZILIAN JOURNAL OF FORENSIC ANTHROPOLOGY & LEGAL MEDICINE	B3	
2317-4692	BRAZILIAN JOURNAL OF GEOLOGY	A2	
2317-4889	BRAZILIAN JOURNAL OF GEOLOGY	A2	
2764-8044	BRAZILIAN JOURNAL OF GEOPHYSICS - BRJG	B2	
2674-8207	BRAZILIAN JOURNAL OF HEALTH AND BIOLOGICAL SCIENCE	B4	
2596-321X	BRAZILIAN JOURNAL OF HEALTH AND PHARMACY	C	
2595-6825	BRAZILIAN JOURNAL OF HEALTH REVIEW	C	
2674-8169	BRAZILIAN JOURNAL OF IMPLANTOLOGY AND HEALTH SCIENCES	B3	
1981-1640	BRAZILIAN JOURNAL OF INFORMATION SCIENCE	A1	
2237-7743	BRAZILIAN JOURNAL OF INTERNATIONAL RELATIONS	B1	
2764-0590	BRAZILIAN JOURNAL OF MAMMALOGY	C	
1414-431X	BRAZILIAN JOURNAL OF MEDICAL AND BIOLOGICAL RESEARCH	A2	
1517-8382	BRAZILIAN JOURNAL OF MICROBIOLOGY	A4	
1678-4405	BRAZILIAN JOURNAL OF MICROBIOLOGY (ONLINE)	A4	
2446-4902	BRAZILIAN JOURNAL OF MOTOR BEHAVIOR	B2	
1980-5586	BRAZILIAN JOURNAL OF MOTOR BEHAVIOR	B2	
2764-5541	BRAZILIAN JOURNAL OF MUSIC THERAPY	A2	
2526-8732	BRAZILIAN JOURNAL OF ONCOLOGY	B3	
2237-8960	BRAZILIAN JOURNAL OF OPERATIONS & PRODUCTION MANAGEMENT	A4	
1677-3225	BRAZILIAN JOURNAL OF ORAL SCIENCES (ONLINE)	B1	
1808-8694	BRAZILIAN JOURNAL OF OTORHINOLARYNGOLOGY (IMPRESSO)	A3	
1982-0593	BRAZILIAN JOURNAL OF PETROLEUM AND GAS	B2	
1984-8250	BRAZILIAN JOURNAL OF PHARMACEUTICAL SCIENCES	A4	
2175-9790	BRAZILIAN JOURNAL OF PHARMACEUTICAL SCIENCES (ONLINE)	A4	
1809-9246	BRAZILIAN JOURNAL OF PHYSICAL THERAPY (ONLINE)	A1	
1413-3555	BRAZILIAN JOURNAL OF PHYSICAL THERAPY (PRINT)	A1	
1678-4448	BRAZILIAN JOURNAL OF PHYSICS	A3	
0103-9733	BRAZILIAN JOURNAL OF PHYSICS (IMPRESSO)	A3	
2675-102X	BRAZILIAN JOURNAL OF POLICY AND DEVELOPMENT	C	
1809-4538	BRAZILIAN JOURNAL OF POLITICAL ECONOMY	A1	
0101-3157	BRAZILIAN JOURNAL OF POLITICAL ECONOMY	A1	
0103-0752	BRAZILIAN JOURNAL OF PROBABILITY AND STATISTICS	B1	
2447-5580	BRAZILIAN JOURNAL OF PRODUCTION ENGINEERING	B2	
2319-0612	BRAZILIAN JOURNAL OF RADIATION SCIENCES	A3	
2966-4292	BRAZILIAN JOURNAL OF RADIATION TECHNOLOGY RESEARCH (ONLINE)	C	
2764-3417	BRAZILIAN JOURNAL OF SCIENCE	B2	
2317-4404	BRAZILIAN JOURNAL OF SURGERY AND CLINICAL RESEARCH	B3	
2595-5748	BRAZILIAN JOURNAL OF TECHNOLOGY	C	
2357-7126	BRAZILIAN JOURNAL OF TECHNOLOGY, COMMUNICATION, AND COGNITIVE SCIENCE	B1	
2764-1589	BRAZILIAN JOURNAL OF TRANSPLANTATION	B4	
2527-2179	BRAZILIAN JOURNAL OF VETERINARY MEDICINE	B2	
1983-0246	BRAZILIAN JOURNAL OF VETERINARY PATHOLOGY	B2	
1678-4456	BRAZILIAN JOURNAL OF VETERINARY RESEARCH AND ANIMAL SCIENCE (ONLINE)	B2	
1413-9596	BRAZILIAN JOURNAL OF VETERINARY RESEARCH AND ANIMAL SCIENCE (PRINT)	B2	
1981-9854	BRAZILIAN JOURNALISM RESEARCH (ONLINE)	A1	
2446-8509	BRAZILIAN KEYNESIAN REVIEW	A4	
2675-1542	BRAZILIAN MEDICAL STUDENTS	B2	
1807-3107	BRAZILIAN ORAL RESEARCH	A2	
1981-3821	BRAZILIAN POLITICAL SCIENCE REVIEW	A1	
2751-9163	BRAZILIAN RESEARCH AND STUDIES CENTER	B4	
0167-6806	BREAST CANCER RESEARCH AND TREATMENT	A3	
1556-8253	BREASTFEEDING MEDICINE	A1	
2257-0543	BRESIL(S)	B1	
2425-231X	BRÉSIL(S) - SCIENCES HUMAINES ET SOCIALES	B1	
2409-9058	BRICS LAW JOURNAL	A1	
1477-4054	BRIEFINGS IN BIOINFORMATICS	A1	
2589-3963	BRILL RESEARCH PERSPECTIVES IN MAP HISTORY	B1	
0007-0610	BRITISH DENTAL JOURNAL	A4	
0007-070X	BRITISH FOOD JOURNAL (1966)	A1	
2049-4092	BRITISH JOURNAL OF AMERICAN LEGAL STUDIES	A4	
0007-0912	BRITISH JOURNAL OF ANAESTHESIA	A1	
0007-1013	BRITISH JOURNAL OF EDUCATIONAL TECHNOLOGY (PRINT)	A1	
1359-107X	BRITISH JOURNAL OF HEALTH PSYCHOLOGY	A1	
2753-7919	BRITISH JOURNAL OF HEALTHCARE & MEDICAL RESEARCH (ONLINE)	B3	
0966-0461	BRITISH JOURNAL OF NURSING	B1	
0007-1145	BRITISH JOURNAL OF NUTRITION	A1	
0266-4356	BRITISH JOURNAL OF ORAL & MAXILLOFACIAL SURGERY	A2	
2231-2919	BRITISH JOURNAL OF PHARMACEUTICAL RESEARCH	A4	
1476-5381	BRITISH JOURNAL OF PHARMACOLOGY	A1	
0007-1250	BRITISH JOURNAL OF PSYCHIATRY (PRINT)	A1	
0007-1285	BRITISH JOURNAL OF RADIOLOGY	A3	
0306-3674	BRITISH JOURNAL OF SPORTS MEDICINE	A1	
1365-2168	BRITISH JOURNAL OF SURGERY	A1	
0007-1323	BRITISH JOURNAL OF SURGERY (PRINT)	A1	
0007-1668	BRITISH POULTRY SCIENCE (PRINT)	A2	
2595-3192	BRJP -  BRAZILIAN JOURNAL OF PAIN	B1	
2595-0118	BRJP (IMPRESSO)	B1	
0360-1323	BUILDING AND ENVIRONMENT	A1	
1519-7220	BUILDING THE WAY	C	
2237-2075	BUILDING THE WAY - REVISTA DO CURSO DE LETRAS DA UEG/ITAPURANGA	C	
2075-5309	BUILDINGS	A4	
0273-0979	BULLETIN, NEW SERIES, OF THE AMERICAN MATHEMATICAL SOCIETY	A1	
0007-4853	BULLETIN OF ENTOMOLOGICAL RESEARCH	A2	
0007-4861	BULLETIN OF ENVIRONMENTAL CONTAMINATION AND TOXICOLOGY	A3	
2536-9660	BULLETIN OF FACULTY OF PHYSICAL THERAPY (ONLINE)	B1	
1346-8707	BULLETIN OF HEALTH SCIENCES KOBE	C	
1478-3398	BULLETIN OF HISPANIC STUDIES (ONLINE)	A2	
0007-4977	BULLETIN OF MARINE SCIENCE	A4	
0250-4707	BULLETIN OF MATERIALS SCIENCE	A4	
0973-7669	BULLETIN OF MATERIALS SCIENCE (ONLINE)	A4	
0092-8240	BULLETIN OF MATHEMATICAL BIOLOGY (PRINT)	A1	
0007-1595	BULLETIN OF THE BRITISH ORNITHOLOGISTS' CLUB	B3	
0007-5140	BULLETIN OF THE HISTORY OF MEDICINE	B2	
1015-8634	BULLETIN OF THE KOREAN MATHEMATICAL SOCIETY	B1	
0042-9686	BULLETIN OF THE WORLD HEALTH ORGANIZATION (PRINT)	A1	
2374-5924	BUSINESS AND MANAGEMENT STUDIES	A4	
2694-6416	BUSINESS ETHICS, THE ENVIRONMENT & RESPONSIBILITY	A1	
2674-6433	BUSINESS JOURNAL	C	
2572-3170	BUSINESS STRATEGY AND DEVELOPMENT	A1	
0964-4733	BUSINESS STRATEGY AND THE ENVIRONMENT	A1	
1988-9534	BUTLLETÍ DE ARQUEOLOGIA INDUSTRIAL E DE MUSEUS DE CIÊNCIA E TÉCNICA (PRINT)	B4	
2311-5629	C. JOURNAL OF CARBON RESEARCH	A4	
2175-7941	CADERNO BRASILEIRO DE ENSINO DE FÍSICA	A1	
1677-2334	CADERNO BRASILEIRO DE ENSINO DE FÍSICA	A1	
0101-7780	CADERNO CEDEC	B2	
1983-8239	CADERNO CRH (ONLINE)	A1	
0103-4979	CADERNO CRH (UFBA. IMPRESSO)	A1	
2238-1465	CADERNO DE ADMINISTRAÇÃO (UEM)	B2	
2447-6218	CADERNO DE CIÊNCIAS AGRÁRIAS	B4	
1984-2104	CADERNO DE DEBATES REFÚGIO, MIGRAÇÕES E CIDADANIA	B2	
2318-5104	CADERNO DE EDUCAÇÃO FÍSICA E ESPORTE	B3	
2318-5090	CADERNO DE EDUCAÇÃO FÍSICA E ESPORTE	B3	
2238-3425	CADERNO DE ESTUDOS SOCIAIS E POLÍTICOS	B3	
1809-1466	CADERNO DE FÍSICA DA UEFS	B1	
2318-2962	CADERNO DE GEOGRAFIA	A1	
0103-8427	CADERNO DE GEOGRAFIA (PUCMG. IMPRESSO)	A1	
2316-3135	CADERNO DE GRADUAÇÃO CIÊNCIAS EXATAS E TECNOLÓGICAS UNIT.	B2	
1980-6272	CADERNO DE INICIAÇÃO À PESQUISA (UNIVILLE)	B3	
2358-1409	CADERNO DE LETRAS	A3	
0102-9576	CADERNO DE LETRAS (UFPEL)	A3	
2527-1946	CADERNO DE PESQUISA NEPP	A4	
2179-1376	CADERNO DE RELAÇÕES INTERNACIONAIS	B2	
2318-6933	CADERNO ELETRÔNICO DE CIÊNCIAS SOCIAIS	B2	
1981-3082	CADERNO ESPAÇO FEMININO (ONLINE)	B2	
1516-9286	CADERNO ESPAÇO FEMININO (UFU)	B2	
2594-7621	CADERNO HUMANIDADE E PERSPECTIVAS	A4	
2965-3002	CADERNO IMPACTO EM EXTENSÃO (ONLINE)	B1	
1677-9576	CADERNO MARISTA DE EDUCAÇÃO	B3	
2317-7268	CADERNO MEIO AMBIENTE E SUSTENTABILIDADE	C	
1983-0882	CADERNO PEDAGÓGICO (LAJEADO. ONLINE)	C	
2317-6466	CADERNO PROFISSIONAL DE MARKETING	B2	
2176-5774	CADERNO PRUDENTINO DE GEOGRAFIA	A1	
1806-9142	CADERNO SEMINAL DIGITAL	B1	
2525-5533	CADERNO SISTERHOOD	B4	
1677-6976	CADERNO VIRTUAL DE TURISMO	A4	
1981-3759	CADERNO VIRTUAL (INSTITUTO BRASILIENSE DE DIREITO PÚBLICO)	A4	
2595-184X	CADERNO 4 CAMPOS	B2	
2175-2532	CADERNOS ACADÊMICOS	B3	
1519-0951	CADERNOS ADENAUER (SÃO PAULO)	B1	
1645-2895	CADERNOS BAD	B3	
2182-0635	CADERNOS BAD	B3	
2595-2420	CADERNOS BRASILEIROS DE SAÚDE MENTAL	B3	
2526-8910	CADERNOS BRASILEIROS DE TERAPIA OCUPACIONAL	B1	
2448-0916	CADERNOS CAJUÍNA	A3	
0101-3262	CADERNOS CEDES (IMPRESSO)	A1	
1678-7110	CADERNOS CEDES (ONLINE)	A1	
1980-2099	CADERNOS CEMARX	B2	
2318-065X	CADERNOS CEMARX	B2	
2238-118X	CADERNOS CEPEC	B2	
1413-4519	CADERNOS CERU (USP)	B1	
2178-9770	CADERNOS CIMEAC	A3	
2594-3707	CADERNOS DA ASSOCIAÇÃO BRASILEIRA DE ENSINO DE CIÊNCIAS SOCIAIS	B1	
2526-5199	CADERNOS DA DEFENSORIA PÚBLICA DO ESTADO DE SÃO PAULO	B2	
1679-3366	CADERNOS DA ESCOLA DE COMUNICAÇÃO (UNIBRASIL)	B2	
2595-2412	CADERNOS DA ESCOLA PAULISTA DE CONTAS PÚBLICAS DO TCESP	B2	
2236-9929	CADERNOS DA FUCAMP	A3	
1678-1244	CADERNOS DA FUCAMP	A3	
1982-4440	CADERNOS DA PEDAGOGIA (UFSCAR. ONLINE)	A4	
1414-7394	CADERNOS DE ADMINISTRAÇÃO (PUCCAMP)	B4	
2595-5713	CADERNOS DE ÁFRICA CONTEMPORÂNEA	B1	
2236-7934	CADERNOS DE AGROECOLOGIA	A4	
2316-1752	CADERNOS DE ARQUITETURA E URBANISMO (ONLINE)	B1	
2238-0361	CADERNOS DE ARTE E ANTROPOLOGIA	A4	
2675-4754	CADERNOS DE ASTRONOMIA	C	
2359-2419	CADERNOS DE CAMPO: REVISTA DE CIÊNCIAS SOCIAIS	A4	
2316-9133	CADERNOS DE CAMPO (USP)	A2	
0104-5679	CADERNOS DE CAMPO (USP. 1991)	A2	
0104-1096	CADERNOS DE CIÊNCIA & TECNOLOGIA	A4	
2358-1212	CADERNOS DE CIÊNCIAS SOCIAIS APLICADAS (ONLINE)	B2	
2446-6662	CADERNOS DE CIÊNCIAS SOCIAIS DA UFRPE	B1	
2316-882X	CADERNOS DE COMUNICAÇÃO (ONLINE)	B1	
1677-9061	CADERNOS DE COMUNICAÇÃO (UFSM)	B1	
2340-860X	CADERNOS DE DEREITO ACTUAL (IMPRESSO)	A1	
2386-5229	CADERNOS DE DEREITO ACTUAL (ONLINE)	A1	
2238-1228	CADERNOS DE DIREITO	B1	
2764-7153	CADERNOS DE DOCÊNCIA E INOVAÇÃO NO ENSINO SUPERIOR	C	
1982-758X	CADERNOS DE EDUCAÇÃO (BRASÍLIA)	B2	
2358-8306	CADERNOS DE EDUCAÇÃO, SAÚDE E FISIOTERAPIA	B4	
2316-9907	CADERNOS DE EDUCAÇÃO, TECNOLOGIA E SOCIEDADE	A3	
2178-079X	CADERNOS DE EDUCAÇÃO -UFPEL (ONLINE)	A3	
1679-8104	CADERNOS DE EDUCAÇÃO (UMESP)	B1	
2764-2550	CADERNOS DE ENSINO E PESQUISA EM SAÚDE	B4	
2763-6488	CADERNOS DE ESTÁGIO	B1	
1984-7785	CADERNOS DE ESTUDOS CULTURAIS	A2	
2763-888X	CADERNOS DE ESTUDOS CULTURAIS	A2	
2447-6943	CADERNOS DE ESTUDOS E PESQUISA NA EDUCAÇÃO BÁSICA	B2	
1808-947X	CADERNOS DE ESTUDOS ESTRATÉGICOS. CEE/ESG	B2	
2359-6252	CADERNOS DE ESTUDOS INTERDISCIPLINARES	B3	
2447-0686	CADERNOS DE ESTUDOS LINGUÍSTICOS	A2	
2595-4091	CADERNOS DE ESTUDOS SOCIAIS	B2	
0102-4248	CADERNOS DE ESTUDOS SOCIAIS	B2	
1517-0128	CADERNOS DE ÉTICA E FILOSOFIA POLÍTICA (USP)	A2	
2675-9314	CADERNOS DE EXTENSÃO DA UNIVERSIDADE FEDERAL DE RORAIMA	C	
2447-8180	CADERNOS DE EXTENSÃO DO INSTITUTO FEDERAL FLUMINENSE	B3	
1808-5520	CADERNOS DE EXTENSÃO (UFRR)	C	
1806-8944	CADERNOS DE FINANÇAS PÚBLICAS	B2	
2175-3962	CADERNOS DE FORMAÇÃO RBCE	A4	
2525-6904	CADERNOS DE GÊNERO E DIVERSIDADE	A3	
2674-5704	CADERNOS DE GÊNERO E TECNOLOGIA	A4	
1807-9415	CADERNOS DE GÊNERO E TECNOLOGIA (CEFET/PR)	A4	
0871-1623	CADERNOS DE GEOGRAFIA (COIMBRA)	A4	
2318-9231	CADERNOS DE GESTÃO E EMPREENDEDORISMO	B2	
2316-3151	CADERNOS DE GRADUAÇÃO: CIÊNCIAS BIOLÓGICAS E DA SAÚDE (FACIPE)	B1	
2237-8871	CADERNOS DE HISTÓRIA	A3	
1809-7634	CADERNOS DE HISTÓRIA DA CIÊNCIA	A4	
1982-7806	CADERNOS DE HISTÓRIA DA EDUCAÇÃO (ONLINE)	A1	
1519-132X	CADERNOS DE INFORMÁTICA (UFRGS)	C	
2447-4207	CADERNOS DE LETRAS DA UFF	A4	
1413-053X	CADERNOS DE LETRAS DA UFF	A4	
2317-8051	CADERNOS DE LÍNGUA E LITERATURA HEBRAICA	B3	
2179-4790	CADERNOS DE LINGUAGEM E SOCIEDADE	A3	
0104-9712	CADERNOS DE LINGUAGEM E SOCIEDADE	A3	
2675-4916	CADERNOS DE LINGUÍSTICA	A1	
2183-2242	CADERNOS DE LITERATURA COMPARADA	B1	
2674-8223	CADERNOS DE ODONTOLOGIA DO UNIFESO	B4	
2178-2229	CADERNOS DE PESQUISA - UNIVERSIDADE FEDERAL DO MARANHÃO	A3	
2675-3200	CADERNOS DE PESQUISA DIREITO INTERNACIONAL SEM FRONTEIRAS	B2	
1981-3090	CADERNOS DE PESQUISA DO CDHIS (ONLINE)	A3	
1518-7640	CADERNOS DE PESQUISA DO CDHIS (UFU. IMPRESSO)	A3	
2317-742X	CADERNOS DE PESQUISA EM EDUCAÇÃO	A4	
0100-1574	CADERNOS DE PESQUISA (FUNDAÇÃO CARLOS CHAGAS. IMPRESSO)	A1	
1980-5314	CADERNOS DE PESQUISA (FUNDAÇÃO CARLOS CHAGAS. ONLINE)	A1	
1980-9700	CADERNOS DE PESQUISA: PENSAMENTO EDUCACIONAL (CURITIBA. IMPRESSO)	A3	
2175-2613	CADERNOS DE PESQUISA: PENSAMENTO EDUCACIONAL (CURITIBA. ONLINE)	A3	
2359-5280	CADERNOS DE POLÍTICA EXTERIOR	B4	
1809-4120	CADERNOS DE PÓS GRADUAÇÃO EM ARQUITETURA E URBANISMO (MACKENZIE. ONLINE)	A2	
1809-4139	CADERNOS DE PÓS GRADUAÇÃO EM DISTÚRBIOS DO DESENVOLVIMENTO (ONLINE)	B2	
1809-4163	CADERNOS DE PÓS GRADUAÇÃO EM LETRAS	B1	
2525-3514	CADERNOS DE PÓS-GRADUAÇÃO	A3	
1983-1358	CADERNOS DE PROSPECÇÃO	A4	
2317-0026	CADERNOS DE PROSPECÇÃO	A4	
0103-4251	CADERNOS DE PSICANALISE	B1	
2595-153X	CADERNOS DE PSICANÁLISE	A4	
1413-6295	CADERNOS DE PSICANÁLISE (CÍRCULO PSICANALÍTICO/RJ)	A4	
2764-9660	CADERNOS DE PSICOLOGIA  (RIBERÃO PRETO.ONLINE)	B1	
1414-3925	CADERNOS DE PSICOLOGIA (SBP)	B1	
1981-0490	CADERNOS DE PSICOLOGIA SOCIAL DO TRABALHO	A3	
2764-4340	CADERNOS DE PSICOLOGIAS	B1	
2675-6390	CADERNOS DE REGIONALISMO	B2	
1678-4464	CADERNOS DE SAÚDE PÚBLICA	A1	
0102-311X	CADERNOS DE SAÚDE PÚBLICA (ENSP. IMPRESSO)	A1	
1646-3714	CADERNOS DE SOCIOMUSEOLOGIA	A2	
2447-5742	CADERNOS DE TEORIAS E PRÁTICAS EDUCATIVAS EM SAÚDE	C	
2175-7968	CADERNOS DE TRADUÇÃO (FLORIANÓPOLIS. ONLINE)	A1	
1414-526X	CADERNOS DE TRADUÇÃO (UFSC)	A1	
2317-1006	CADERNOS DISCURSIVOS	B2	
2595-4377	CADERNOS DO APLICAÇÃO	A4	
0103-6041	CADERNOS DO APLICAÇÃO (UFRGS)	A4	
2447-861X	CADERNOS DO CEAS	A4	
2175-0173	CADERNOS DO CEOM	A1	
1809-8606	CADERNOS DO DESENVOLVIMENTO	A3	
2447-7532	CADERNOS DO DESENVOLVIMENTO	A3	
2317-6539	CADERNOS DO DESENVOLVIMENTO FLUMINENSE	B1	
2675-1925	CADERNOS DO FNDE	B3	
2675-1917	CADERNOS DO GIPE-CIT	B1	
1516-0173	CADERNOS DO GIPE-CIT (UFBA)	B1	
2595-7880	CADERNOS DO GPOSSHE (ON-LINE)	A4	
2236-6385	CADERNOS DO IL	A4	
2675-8865	CADERNOS DO ILP	B4	
2317-4536	CADERNOS DO IME - SÉRIE ESTATÍSTICA	C	
1413-9014	CADERNOS DO IME. SÉRIE INFORMÁTICA	C	
2316-8412	CADERNOS DO LEPAARQ (UFPEL)	A2	
2237-7522	CADERNOS DO LOGEPA	B3	
2178-5880	CADERNOS DO PET FILOSOFIA (UFPI)	B1	
2317-8558	CADERNOS DO PROGRAMA DE PÓS-GRADUAÇÃO EM DIREITO - PPGDIR./UFRGS	A2	
1678-5029	CADERNOS DO PROGRAMA DE PÓS-GRADUAÇÃO EM DIREITO - PPGDIR./UFRGS	A2	
2526-2556	CADERNOS DO SEMIÁRIDO (PRINT)	C	
2179-2143	CADERNOS DO TEMPO PRESENTE	A4	
1679-3951	CADERNOS EBAPE. BR	A2	
2675-2514	CADERNOS ELETRÔNICOS DIREITO INTERNACIONAL SEM FRONTEIRAS	A4	
0104-7078	CADERNOS ENAP	B2	
1809-0893	CADERNOS ESP (ONLINE)	B3	
1413-6651	CADERNOS ESPINOSANOS (USP)	A3	
2358-5277	CADERNOS FGV ENERGIA	B3	
2236-5710	CADERNOS GESTÃO PÚBLICA E CIDADANIA	A4	
1806-2261	CADERNOS GESTÃO PÚBLICA E CIDADANIA	A4	
2358-1824	CADERNOS IBERO-AMERICANOS DE DIREITO SANITÁRIO	B1	
1413-9030	CADERNOS IME. SÉRIE MATEMÁTICA	B4	
2236-2797	CADERNOS IME (SÉRIE MATEMÁTICA, VERSÃO ONLINE)	B4	
2236-9996	CADERNOS METRÓPOLE	A1	
1517-2422	CADERNOS METRÓPOLE (PUCSP)	A1	
2965-0763	CADERNOS MIROSLAV MILOVIC (ONLINE)	A4	
2358-2448	CADERNOS NAUI	A4	
2316-8242	CADERNOS NIETZSCHE	A1	
2763-8324	CADERNOS OBHA OBSERVATÓRIO BRASILEIRO DE HÁBITOS ALIMENTARES (ONLINE)	B4	
1809-4449	CADERNOS PAGU	A1	
0104-8333	CADERNOS PAGU (UNICAMP. IMPRESSO)	A1	
1678-5304	CADERNOS PARA O PROFESSOR (JUIZ DE FORA)	B3	
2675-0392	CADERNOS PROARQ	A3	
1679-7604	CADERNOS PROARQ (UFRJ)	A3	
1676-6288	CADERNOS PROLAM/USP	B1	
2764-4510	CADERNOS PROMUSPP - PERIÓDICO DO PROGRAMA DE MESTRADO E DOUTORADO EM MUDANÇA SOCIAL E PARTICIPAÇÃO POLÍTICA	B4	
2358-291X	CADERNOS SAÚDE COLETIVA	B1	
1414-462X	CADERNOS SAÚDE COLETIVA (UFRJ)	B1	
2764-5576	CADERNOS TÉCNICOS ENGENHARIA SANITÁRIA E AMBIENTAL	B2	
2318-8065	CADERNOS TEOLÓGICOS DA PUC PR	B1	
2526-981X	CADERNOS TEXTOS E DEBATES	B3	
1981-0660	CADERNOS UNDB	B2	
1809-9475	CADERNOS UNIFOA	B3	
1982-1816	CADERNOS UNIFOA (ONLINE)	B3	
2236-4099	CADERNOS ZIGMUNT BAUMAN	B2	
2595-1750	CAFI - CONTABILIDADE, ATUÁRIA, FINANÇAS E INFORMAÇÃO	B3	
1019-9446	CAHIERS DE L'ILSL	A4	
1245-530X	CAHIERS DE TOPOLOGIE ET GÉOMÉTRIE DIFFÉRENTIELLE CATÉGORIQUES	B4	
2268-4247	CAHIERS DES AMÉRIQUES LATINES (ONLINE)	A3	
2102-5916	CAHIERS D’HISTOIRE. REVUE D’HISTOIRE CRITIQUE (ONLINE)	A2	
3003-4434	CAHIERS FRANCO-LATINO-AMÉRICAINS D'ÉTUDES SUR LE HANDICAP (ONLINE)	B4	
1582-960X	CAIETELE ECHINOX	B2	
2237-7719	CAIRU EM REVISTA - SOCIEDADE, EDUCAÇÃO, GESTÃO E SUSTENTABILIDADE	B3	
1390-8863	CÁLAMO - REVISTA DE ESTUDIOS JURÍDICOS	B1	
0171-967X	CALCIFIED TISSUE INTERNATIONAL	A1	
0366-5232	CALDASIA (BOGOTÁ)	B1	
2447-6331	CALEIDOSCÓPIO	B1	
2395-9576	CALEIDOSCOPIO (EN LÍNEA)	B2	
2318-4574	CALETROSCÓPIO	A4	
2304-5531	CALIBÁN - REVISTA LATINO AMERICANA DE PSICANÁLISE	B2	
2526-4192	CALIBRE	B3	
2177-6202	CALIDOSCÓPIO (UNISINOS)	A1	
1679-8740	CALIDOSCÓPIO (UNISINOS)	A1	
1043-2256	CALIFORNIA DENTAL ASSOCIATION. JOURNAL	B3	
2238-3824	CALIGRAMA: REVISTA DE ESTUDOS ROMÂNICOS	A4	
2176-5111	CAMBIASSU: ESTUDOS EM COMUNICAÇÃO (ONLINE)	A4	
0309-166X	CAMBRIDGE JOURNAL OF ECONOMICS	A1	
2755-094X	CAMBRIDGE PRISMS: PLASTICS (ONLINE)	A3	
2175-4217	CAMINE: CAMINHOS DA EDUCAÇÃO	B1	
2176-3828	CAMINHANDO	A2	
1677-860X	CAMINHANDO COM O ITEPA	C	
2359-0580	CAMINHO ABERTO	A3	
2359-0599	CAMINHO ABERTO: REVISTA DE EXTENSÃO DO IFSC	A3	
2675-1496	CAMINHOS DA EDUCAÇÃO	B1	
2358-4750	CAMINHOS DA EDUCAÇÃO MATEMÁTICA EM REVISTA (ON-LINE)	A4	
1517-3771	CAMINHOS DA HISTÓRIA (UNIMONTES)	A2	
2317-0875	CAMINHOS DA HISTÓRIA (UNIMONTES) (ONLINE)	A2	
2595-8208	CAMINHOS DE DIÁLOGO	A3	
1678-6343	CAMINHOS DE GEOGRAFIA (UFU)	A1	
2965-5099	CAMINHOS DO PAMPA: REVISTA DO INSTITUTO HISTÓRICO E  GEOGRÁFICO DE ALEGRETE (ONLINE)	B3	
2176-8625	CAMINHOS EM LINGUÍSTICA  APLICADA	A4	
1983-778X	CAMINHOS (GOIÂNIA. ONLINE)	A1	
1891-1803	CAMPBELL SYSTEMATIC REVIEWS	A1	
1809-6271	CAMPO - TERRITÓRIO	A2	
0213-9529	CAMPO ABIERTO ¿ REVISTA DE EDUCACIÓN	A2	
2526-3943	CAMPO DA HISTÓRIA	C	
2317-6830	CAMPOS - REVISTA DE ANTROPOLOGIA	A3	
2596-1314	CAMPOS NEUTRAIS	A2	
0711-6659	CANADIAN ACOUSTICS	B4	
0008-347X	CANADIAN ENTOMOLOGIST	A4	
0008-3674	CANADIAN GEOTECHNICAL JOURNAL (PRINT)	A2	
0008-3984	CANADIAN JOURNAL OF ANIMAL SCIENCE	A4	
0008-4034	CANADIAN JOURNAL OF CHEMICAL ENGINEERING	A3	
1939-019X	CANADIAN JOURNAL OF CHEMICAL ENGINEERING (ONLINE)	A3	
0315-1468	CANADIAN JOURNAL OF CIVIL ENGINEERING (PRINT)	A4	
0705-3657	CANADIAN JOURNAL OF COMMUNICATION (CJC) (PRINT)	A3	
1499-2671	CANADIAN JOURNAL OF DIABETES	A3	
2561-424X	CANADIAN JOURNAL OF FILM STUDIES	A4	
0045-5067	CANADIAN JOURNAL OF FOREST RESEARCH (PRINT)	A2	
2054-3581	CANADIAN JOURNAL OF KIDNEY HEALTH AND DISEASE	A4	
0826-3663	CANADIAN JOURNAL OF LATIN AMERICAN AND CARIBBEAN STUDIES	B2	
0008-4166	CANADIAN JOURNAL OF MICROBIOLOGY (PRINT)	B1	
0008-4212	CANADIAN JOURNAL OF PHYSIOLOGY AND PHARMACOLOGY (PRINT)	A4	
1712-7971	CANADIAN JOURNAL OF REMOTE SENSING (ONLINE)	A2	
1480-3283	CANADIAN JOURNAL OF ZOOLOGY (ONLINE)	A4	
0008-4301	CANADIAN JOURNAL OF ZOOLOGY (PRINT)	A4	
0714-9808	CANADIAN JOURNAL ON AGING	A2	
1923-6697	CANADIAN SOCIAL SCIENCE	A1	
0701-1784	CANADIAN WATER RESOURCES JOURNAL	A3	
2049-3002	CANCER & METABOLISM	A2	
1475-2867	CANCER CELL INTERNATIONAL (ONLINE)	A1	
0344-5704	CANCER CHEMOTHERAPY AND PHARMACOLOGY	A3	
2732-7787	CANCER DIAGNOSIS & PROGNOSIS	B3	
1877-7821	CANCER EPIDEMIOLOGY (PRINT)	A2	
2210-7762	CANCER GENETICS	B2	
1868-6966	CANCER NANOTECHNOLOGY	A2	
0162-220X	CANCER NURSING	A1	
2949-7132	CANCER PATHOGENESIS AND THERAPY	B3	
2835-3315	CANCER SCREENING AND PREVENTION (ONLINE)	B3	
2072-6694	CANCERS (BASEL) (ONLINE)	A2	
2378-8763	CANNABIS AND CANNABINOID RESEARCH	A1	
2594-8148	CANOA DO TEMPO	A3	
1982-0755	CANOA DO TEMPO (UFAM)	A3	
1677-7794	CANTAREIRA (UFF)	B2	
1517-6916	CAOS. REVISTA ELETRÔNICA DE CIÊNCIAS SOCIAIS	B3	
2238-4901	CAP ACCOUNTING AND MANAGEMENT (ONLINE)	B2	
1996-563X	CAP JOURNAL COMMUNICATING ASTRONOMY WITH THE PUBLIC	B4	
2595-7341	CAPIM DOURADO	B2	
2177-4153	CAPITAL CIENTÍFICO	B1	
2359-2354	CAPOEIRA - REVISTA DE HUMANIDADES E LETRAS	A3	
1984-6096	CAPTURA CRÍPTICA (ONLINE)	A4	
2178-1702	CARACOL (USP)	A3	
2666-8939	CARBOHYDRATE POLYMER TECHNOLOGIES AND APPLICATIONS	A1	
0144-8617	CARBOHYDRATE POLYMERS	A1	
0008-6215	CARBOHYDRATE RESEARCH (CHICAGO, ILL.. PRINT)	A3	
2772-6568	CARBON CAPTURE SCIENCE & TECHNOLOGY	A1	
2233-4998	CARBON LETTERS (ONLINE)	A2	
0008-6223	CARBON (NEW YORK)	A1	
2667-0569	CARBON TRENDS	A2	
2675-9977	CARDIORESPIRATORY PHYSIOTHERAPY, CRITICAL CARE AND REHABILITATION	B4	
1054-8807	CARDIOVASCULAR PATHOLOGY	A2	
1553-8389	CARDIOVASCULAR REVASCULARIZATION MEDICINE (PRINT)	A4	
1530-7905	CARDIOVASCULAR TOXICOLOGY	A2	
0008-6568	CARIES RESEARCH	A1	
2066-6845	CARPATHIAN JOURNAL OF FOOD SCIENCE AND TECHNOLOGY	B3	
1982-8772	CARTA DE CONJUNTURA	B4	
2526-9038	CARTA INTERNACIONAL	A2	
1947-6035	CARTILAGE	A1	
2422-6920	CARTOGRAFÍAS DEL SUR	A4	
1679-3404	CASA (ARARAQUARA)	B2	
2571-841X	CASE REPORTS	B1	
2325-7075	CASE REPORTS IN CLINICAL MEDICINE	C	
2090-6455	CASE REPORTS IN DENTISTRY	B4	
2090-6625	CASE REPORTS IN INFECTIOUS DISEASES	B3	
2090-6919	CASE REPORTS IN SURGERY	B3	
2090-6994	CASE REPORTS IN VASCULAR MEDICINE (ONLINE)	C	
2666-0164	CASE STUDIES IN CHEMICAL AND ENVIRONMENTAL ENGINEERING	A1	
2214-5095	CASE STUDIES IN CONSTRUCTION MATERIALS	A1	
2214-157X	CASE STUDIES IN THERMAL ENGINEERING	A1	
2213-624X	CASE STUDIES ON TRANSPORT POLICY	A2	
1566-7367	CATALYSIS COMMUNICATIONS (PRINT)	A3	
1011-372X	CATALYSIS LETTERS	A2	
2044-4761	CATALYSIS SCIENCE & TECHNOLOGY	A2	
0920-5861	CATALYSIS TODAY (PRINT)	A1	
2073-4344	CATALYSTS	A2	
2176-4867	CATAVENTOS	B2	
0341-8162	CATENA (CREMLINGEN)	A1	
1522-1946	CATHETERIZATION AND CARDIOVASCULAR INTERVENTIONS	A2	
0957-5243	CCC. CANCER CAUSES & CONTROL	A4	
2318-3713	CEBRI ARTIGOS	B2	
1389-9333	CELL AND TISSUE BANKING	A4	
1573-6814	CELL AND TISSUE BANKING (DORDRECHT. ONLINE)	A4	
0302-766X	CELL AND TISSUE RESEARCH (PRINT)	A2	
1099-0844	CELL BIOCHEMISTRY AND FUNCTION (ONLINE)	A4	
1065-6995	CELL BIOLOGY INTERNATIONAL (PRINT)	A4	
2041-4889	CELL DEATH & DISEASE	A1	
1931-3128	CELL HOST & MICROBE	A1	
2211-1247	CELL REPORTS	A1	
2666-3864	CELL REPORTS PHYSICAL SCIENCE	A1	
1355-8145	CELL STRESS & CHAPERONES (PRINT)	A3	
2329-7042	CELLR4	B4	
2073-4409	CELLS	A2	
1422-6405	CELLS TISSUES ORGANS	A1	
1420-682X	CELLULAR AND MOLECULAR LIFE SCIENCES (PRINTED ED.)	A1	
0272-4340	CELLULAR AND MOLECULAR NEUROBIOLOGY	A3	
0898-6568	CELLULAR SIGNALLING	A3	
1572-882X	CELLULOSE	A1	
0576-9787	CELLULOSE CHEMISTRY AND TECHNOLOGY	A3	
0969-0239	CELLULOSE (LONDON)	A1	
0958-9465	CEMENT & CONCRETE COMPOSITES	A1	
1519-275X	CENA. UFRGS	A1	
1517-2643	CENÁRIOS (UNESP)	C	
2595-4881	CENAS EDUCACIONAIS	A3	
1644-3608	CENTRAL EUROPEAN JOURNAL OF PHYSICS	B3	
1210-7778	CENTRAL EUROPEAN JOURNAL OF PUBLIC HEALTH (PRINT)	B2	
1871-5249	CENTRAL NERVOUS SYSTEM AGENTS IN MEDICINAL CHEMISTRY	B2	
2198-9613	CEP: CHINESE SEMIOTIC STUDIES	A4	
0251-2920	CEPAL REVIEW (PRINT)	A1	
1678-4553	CERÂMICA	B1	
1413-4608	CERÂMICA INDUSTRIAL (IMPRESSO)	B3	
0366-6913	CERÂMICA (SÃO PAULO. IMPRESSO)	B1	
2571-6131	CERAMICS	A3	
2612-4882	CERAMICS IN MODERN TECHNOLOGIES	B4	
0272-8842	CERAMICS INTERNATIONAL	A1	
0009-0352	CEREAL CHEMISTRY	A3	
1047-3211	CEREBRAL CORTEX (NEW YORK, N.Y. 1991)	A3	
1015-9770	CEREBROVASCULAR DISEASES (BASEL)	A3	
2543-9472	CEREM: CENTRAL EUROPEAN REVIEW OF ECONOMICS AND MANAGEMENT (PRINT)	B2	
0104-7760	CERNE (UFLA)	A4	
1784-5092	CEROART - CONSERVATION, EXPOSITION ET RESTAURATION D?OBJETS D?ART	B1	
1982-9701	CERRADOS	A3	
2011-3080	CES REVISTA PSICOLOGIA	A2	
2182-908X	CESCONTEXTO	B3	
2550-6722	CHAKIÑAN:REVISTA DE CIENCIAS SOCIALES Y HUMANIDADES	A2	
0960-0779	CHAOS, SOLITONS AND FRACTALS	A1	
1054-1500	CHAOS (WOODBURY, N.Y.)	A2	
2596-0369	CHAPON CADERNOS DE DESIGN	B2	
1390-1079	CHASQUI. REVISTA LATINOAMERICANA COMUNICACIÓN	A1	
1390-924X	CHASQUI-REVISTA LATINOAMERICANA DE COMUNICACION (ONLINE)	A1	
1809-127X	CHECK LIST	B2	
1071-8443	CHELONIAN CONSERVATION AND BIOLOGY	B1	
1439-7633	CHEMBIOCHEM (ONLINE)	A3	
1867-3899	CHEMCATCHEM	A2	
2196-0216	CHEMELECTROCHEM	A2	
2305-7084	CHEMENGINEERING	A3	
0352-9568	CHEMICAL AND BIOCHEMICAL ENGINEERING QUARTERLY	B1	
2196-5641	CHEMICAL AND BIOLOGICAL TECHNOLOGIES IN AGRICULTURE	A1	
1747-0285	CHEMICAL BIOLOGY & DRUG DESIGN	A3	
1359-7345	CHEMICAL COMMUNICATIONS (LONDON. 1996. PRINT)	A2	
0255-2701	CHEMICAL ENGINEERING AND PROCESSING	A1	
1521-4125	CHEMICAL ENGINEERING AND TECHNOLOGY (INTERNET)	A4	
0098-6445	CHEMICAL ENGINEERING COMMUNICATIONS (PRINT)	A3	
2666-8211	CHEMICAL ENGINEERING JOURNAL ADVANCES	A1	
1385-8947	CHEMICAL ENGINEERING JOURNAL (1996)	A1	
0263-8762	CHEMICAL ENGINEERING RESEARCH & DESIGN	A1	
0009-2509	CHEMICAL ENGINEERING SCIENCE	A1	
2283-9216	CHEMICAL ENGINEERING TRANSACTIONS	B2	
0009-2541	CHEMICAL GEOLOGY	A1	
1336-9075	CHEMICAL PAPERS (ONLINE)	A3	
0366-6352	CHEMICAL PAPERS (PRINT)	A3	
0009-2614	CHEMICAL PHYSICS LETTERS (PRINT)	A2	
0301-0104	CHEMICAL PHYSICS (PRINT)	A3	
1527-8999	CHEMICAL RECORD	A1	
0893-228X	CHEMICAL RESEARCH IN TOXICOLOGY	A1	
0009-2665	CHEMICAL REVIEWS	A1	
0009-2797	CHEMICO-BIOLOGICAL INTERACTIONS (PRINT)	A2	
0009-2819	CHEMIE DER ERDE	A1	
2624-8549	CHEMISTRY	B1	
0947-6539	CHEMISTRY - A EUROPEAN JOURNAL	A2	
1612-1880	CHEMISTRY & BIODIVERSITY	A4	
1612-1872	CHEMISTRY & BIODIVERSITY (PRINT)	A4	
1861-471X	CHEMISTRY AN ASIAN JORNAL (INTERNET)	A2	
0275-7540	CHEMISTRY AND ECOLOGY (PRINT)	A3	
0009-3084	CHEMISTRY AND PHYSICS OF LIPIDS (PRINT)	A2	
0897-4756	CHEMISTRY OF MATERIALS	A1	
0009-3130	CHEMISTRY OF NATURAL COMPOUNDS	B2	
2365-6549	CHEMISTRYSELECT	B1	
1860-7187	CHEMMEDCHEM (INTERNET)	A1	
2199-692X	CHEMNANOMAT	A3	
0169-7439	CHEMOMETRICS AND INTELLIGENT LABORATORY SYSTEMS (PRINT)	A1	
2227-9040	CHEMOSENSORS	A2	
0045-6535	CHEMOSPHERE (OXFORD)	A1	
0012-3692	CHEST (AMERICAN COLLEGE OF CHEST PHYSICIANS)	A1	
1053-1890	CHILD & YOUTH CARE FORUM	A4	
0145-2134	CHILD ABUSE & NEGLECT	A1	
0952-9136	CHILD ABUSE REVIEW	A2	
0305-1862	CHILD CARE HEALTH AND DEVELOPMENT (PRINT)	A3	
1874-897X	CHILD INDIC RES	A2	
0929-7049	CHILD NEUROPSYCHOLOGY	A2	
2795-5915	CHILD STUDIES (ONLINE)	B3	
1984-5987	CHILDHOOD & PHILOSOPHY	A4	
2153-2168	CHILDHOOD OBESITY	A4	
2227-9067	CHILDREN	C	
1546-2250	CHILDREN, YOUTH AND ENVIRONMENTS	B3	
0302-2803	CHILDS NERVOUS SYSTEM	A4	
0256-7040	CHILD'S NERVOUS SYSTEM (PRINT)	A4	
0718-5839	CHILEAN JOURNAL OF AGRICULTURAL RESEARCH (ON LINE)	A3	
0718-5820	CHILEAN JOURNAL OF AGRICULTURAL RESEARCH (PRINT)	A3	
0718-7912	CHILEAN JOURNAL OF STATISTICS	B2	
0392-839X	CHIMICA OGGI (TESTO STAMPATO)	B4	
1537-1506	CHINESE BUSINESS REVIEW	B2	
1872-2067	CHINESE JOURNAL OF CATALYSIS (ONLINE)	A1	
2057-4967	CHINESE NEUROSURGICAL JOURNAL (ONLINE)	A4	
2674-0729	CHIPS (ONLINE)	B4	
2045-709X	CHIROPRACTIC & MANUAL THERAPIES	A1	
0009-5893	CHROMATOGRAPHIA (WIESBADEN)	B1	
1479-9731	CHRONIC RESPIRATORY DISEASE (ONLINE)	A3	
0742-0528	CHRONOBIOLOGY INTERNATIONAL	A3	
1519-0617	CIBERLEGENDA (UFF. ONLINE)	B2	
2594-6412	CIDADANIA EM AÇÃO: REVISTA DE EXTENSÃO E CULTURA	B1	
2182-3030	CIDADES, COMUNIDADES E TERRITÓRIOS	A1	
1980-850X	CIÊNCIA & EDUCAÇÃO	A1	
1678-4561	CIÊNCIA & SAÚDE COLETIVA	A1	
2236-7837	CIÊNCIA & TECNOLOGIA SOCIAL	A3	
0304-2685	CIÊNCIA & TROPICO	B1	
2526-9372	CIÊNCIA & TRÓPICO (ONLINE)	B1	
2447-3383	CIÊNCIA AGRÍCOLA	B3	
0103-8699	CIENCIA AGRICOLA (UFAL)	B3	
1809-6891	CIÊNCIA ANIMAL BRASILEIRA	B2	
0104-3773	CIENCIA ANIMAL (UECE)	B2	
2317-1499	CIÊNCIA ATUAL - REVISTA CIENTÍFICA MULTIDISCIPLINAR DAS FACULDADES SÃO JOSÉ	A3	
1984-7513	CIÊNCIA, CUIDADO E SAÚDE (ONLINE)	B1	
2358-0763	CIÊNCIA DA INFORMAÇÃO EM REVISTA	A3	
2675-8717	CIÊNCIA DA INFORMAÇÃO EXPRESS	B1	
0100-1965	CIÊNCIA DA INFORMAÇÃO (IMPRESSO)	A2	
1518-8353	CIÊNCIA DA INFORMAÇÃO (ONLINE)	A2	
1981-1829	CIÊNCIA E AGROTECNOLOGIA (ONLINE)	A2	
1413-7054	CIÊNCIA E AGROTECNOLOGIA (UFLA)	A2	
2317-6660	CIÊNCIA E CULTURA	A1	
0009-6725	CIÊNCIA E CULTURA	A1	
1516-7313	CIÊNCIA E EDUCAÇÃO (UNESP. IMPRESSO)	A1	
0718-1620	CIENCIA E INVESTIGACIÓN AGRARIA	B2	
0100-8307	CIÊNCIA E NATURA	B1	
1413-8123	CIÊNCIA E SAÚDE COLETIVA (IMPRESSO)	A1	
2416-3953	CIÊNCIA E TÉCNICA VITIVINÍCOLA	A4	
1678-457X	CIENCIA E TECNOLOGIA DE ALIMENTOS	C	
2965-2367	CIENCIA EM DEBATE (ONLINE)	B2	
1517-1914	CIÊNCIA EM MOVIMENTO (IMPRESSO)	A4	
1983-9480	CIÊNCIA EM MOVIMENTO (ONLINE)	A4	
1984-154X	CIÊNCIA EM TELA	B2	
1984-5782	CIÊNCIA ET PRAXIS (IMPRESSO)	B4	
1983-912X	CIÊNCIA ET PRAXIS (ONLINE)	B4	
1980-5098	CIÊNCIA FLORESTAL (ONLINE)	B1	
0103-9954	CIÊNCIA FLORESTAL (UFSM. IMPRESSO)	B1	
1413-7461	CIÊNCIA GEOGRÁFICA	B1	
2707-2207	CIENCIA LATINA REVISTA CIENTÍFICA MULTIDISCIPLINAR	C	
2966-0106	CIÊNCIA NA PRÁTICA (ONLINE)	C	
2965-3819	CIÊNCIA NA SOCIEDADE: REVISTA CIENTÍFICA DO INSTITUTO NIKOLA TESLA (ONLINE)	C	
2539-2662	CIENCIA NUEVA - REVISTA DE HISTORIA Y POLITICA	A4	
2389-7481	CIENCIA POLÍTICA	A3	
1678-4596	CIENCIA RURAL	A2	
0103-8478	CIÊNCIA RURAL (UFSM. IMPRESSO)	A2	
2708-0315	CIÊNCIA, TECNOLOGIA E INOVAÇÃO (ONLINE)	B3	
2618-3188	CIENCIA, TECNOLOGÍA Y POLÍTICA	A3	
0717-9553	CIENCIA Y ENFERMERÍA (EN LÍNEA)	B1	
2389-9468	CIENCIA Y PODER AÉREO	A2	
1806-5821	CIÊNCIAS & COGNIÇÃO (UFRJ)	A4	
2319-0574	CIÊNCIAS DO TRABALHO	B1	
2178-1826	CIÊNCIAS EM FOCO	B1	
1688-4094	CIENCIAS PSICOLOGICAS	A1	
1688-4221	CIENCIAS PSICOLÓGICAS	A1	
1679-348X	CIÊNCIAS SOCIAIS APLICADAS EM REVISTA (CASCAVEL)	B3	
1982-3037	CIÊNCIAS SOCIAIS APLICADAS EM REVISTA (ONLINE)	B3	
1981-4747	CIÊNCIAS SOCIAIS EM PERSPECTIVA	B3	
1519-7050	CIÊNCIAS SOCIAIS UNISINOS	A3	
2177-6229	CIÊNCIAS SOCIAIS UNISINOS	A3	
1982-2650	CIENCIAS SOCIALES Y RELIGIÓN / CIÊNCIAS SOCIAIS E RELIGIÃO	A3	
1984-5529	CIENTÍFICA	B4	
2183-7902	CINEMA & TERRITÓRIO	B2	
2975-8521	CINEMAS (ONLINE)	B3	
2238-9032	CIPPUS - REVISTA DE INICIAÇÃO CIENTÍFICA DA UNILASALLE	B3	
2594-9810	CIRANDA	A4	
0278-081X	CIRCUITS, SYSTEMS, AND SIGNAL PROCESSING	A3	
2730-597X	CIRCULAR ECONOMY AND SUSTAINABILITY	A2	
0009-7322	CIRCULATION (NEW YORK, N.Y.)	A1	
2446-757X	CIRCULO DE GIZ	B4	
0213-8093	CIRIEC-ESPAÑA, REVISTA DE ECONOMÍA PÚBLICA, SOCIAL Y COOPERATIVA	A3	
0264-2751	CITIES	A1	
2374-8834	CITIES & HEALTH	A3	
2057-4991	CITIZEN SCIENCE: THEORY AND PRACTICE	A2	
2236-3122	CITRUS RESEARCH & TECNOLOGY	B3	
2590-2520	CITY AND ENVIRONMENT INTERACTIONS	A1	
2445-3943	CIUDADES	A1	
2575-8950	CIVIL ENGINEERING RESEARCH JOURNAL	B2	
2191-1339	CIVIL PROCEDURE REVIEW	A2	
2316-8374	CIVILISTICA.COM	A1	
1984-7289	CIVITAS - REVISTA DE CIÊNCIAS SOCIAIS (ONLINE)	A1	
2357-9234	CLARABOIA	B1	
2176-6436	CLASSICA - REVISTA BRASILEIRA DE ESTUDOS CLÁSSICOS	A4	
1983-3709	CLAVES (JOÃO PESSOA. ONLINE)	A3	
0009-8558	CLAY MINERALS (PRINT)	A4	
2571-8797	CLEAN TECHNOLOGIES	A2	
1618-9558	CLEAN TECHNOLOGIES AND ENVIRONMENTAL POLICY (INTERNET)	A2	
1618-954X	CLEAN TECHNOLOGIES AND ENVIRONMENTAL POLICY (PRINT)	A2	
1863-0669	CLEAN (WEINHEIM. INTERNET)	B1	
2772-8013	CLEANER AND CIRCULAR BIOECONOMY	A4	
2666-7843	CLEANER AND RESPONSIBLE CONSUMPTION	C	
2772-7823	CLEANER CHEMICAL ENGINEERING	A4	
2772-7831	CLEANER ENERGY SYSTEMS	B1	
2666-7908	CLEANER ENGINEERING AND TECHNOLOGY	A1	
2666-7894	CLEANER ENVIRONMENTAL SYSTEMS	A2	
2772-3909	CLEANER LOGISTICS AND SUPPLY CHAIN	A2	
2772-3976	CLEANER MATERIALS	A1	
2666-7916	CLEANER PRODUCTION LETTERS	B3	
2772-9125	CLEANER WASTE SYSTEMS	A4	
1579-7902	CLEPSYDRA: REVISTA DE ESTUDIOS DE GÉNERO Y TEORIA FEMINISTA	B3	
2359-4705	CLIMACOM CULTURA CIENTÍFICA - PESQUISA, JORNALISMO E ARTE	A4	
2225-1154	CLIMATE	C	
2731-3263	CLIMATE ACTION	B4	
0930-7575	CLIMATE DYNAMICS	A1	
1469-3062	CLIMATE POLICY	A1	
2405-8807	CLIMATE SERVICES	A2	
0009-8981	CLÍNICA CHIMICA ACTA	A2	
0214-9168	CLÍNICA E INVESTIGACIÓN EN ARTERIOSCLEROSIS (ED. IMPRESA)	A4	
2163-0097	CLINICAL ADVANCES IN PERIODONTIC	A4	
2357-9730	CLINICAL AND BIOMEDICAL RESEARCH	B3	
0954-7894	CLINICAL AND EXPERIMENTAL ALLERGY (PRINT)	A1	
2057-4347	CLINICAL AND EXPERIMENTAL DENTAL RESEARCH	A4	
1365-2230	CLINICAL AND EXPERIMENTAL DERMATOLOGY	A2	
0307-6938	CLINICAL AND EXPERIMENTAL DERMATOLOGY (PRINT)	A2	
1064-1963	CLINICAL AND EXPERIMENTAL HYPERTENSION (1993, PRINT)	A4	
1591-9528	CLINICAL AND EXPERIMENTAL MEDICINE	A3	
1759-1961	CLINICAL AND EXPERIMENTAL NEUROIMMUNOLOGY	B1	
0143-9294	CLINICAL AND EXPERIMENTAL PHARMACOLOGY & PHYSIOLOGY. SUPPLEMENT	B4	
1440-1681	CLINICAL AND EXPERIMENTAL PHARMACOLOGY AND PHYSIOLOGY	A2	
0392-856X	CLINICAL AND EXPERIMENTAL RHEUMATOLOGY (TESTO STAMPATO)	A3	
2357-8041	CLINICAL AND LABORATORIAL RESEARCH IN DENSTISTRY	B3	
2045-7022	CLINICAL AND TRANSLATIONAL ALLERGY	A2	
2001-1326	CLINICAL AND TRANSLATIONAL MEDICINE	A1	
0009-9120	CLINICAL BIOCHEMISTRY	A4	
0268-0033	CLINICAL BIOMECHANICS (BRISTOL)	A4	
1526-8209	CLINICAL BREAST CANCER	A4	
2050-0904	CLINICAL CASE REPORTS	B2	
1434-6621	CLINICAL CHEMISTRY AND LABORATORY MEDICINE	A1	
1179-1357	CLINICAL, COSMETIC AND INVESTIGATIONAL DENTISTRY	A3	
1178-7015	CLINICAL, COSMETIC AND INVESTIGATIONAL DERMATOLOGY	A4	
2055-8260	CLINICAL DIABETES AND ENDOCRINOLOGY	B2	
0962-8827	CLINICAL DYSMORPHOLOGY	B2	
1550-0594	CLINICAL EEG AND NEUROSCIENCE	A3	
1542-3565	CLINICAL GASTROENTEROLOGY AND HEPATOLOGY	A1	
1558-7673	CLINICAL GENITOURINARY CANCER	A2	
1545-2301	CLINICAL GERONTOLOGIST	A3	
0899-7071	CLINICAL IMAGING	A3	
2772-6134	CLINICAL IMMUNOLOGY COMMUNICATIONS	C	
1523-0899	CLINICAL IMPLANT DENTISTRY AND RELATED RESEARCH	A1	
1058-4838	CLINICAL INFECTIOUS DISEASES	A1	
1178-1998	CLINICAL INTERVENTIONS IN AGING (ONLINE)	A3	
0269-9206	CLINICAL LINGUISTICS & PHONETICS	A2	
2152-2669	CLINICAL LYMPHOMA, MYELOMA & LEUKEMIA	A3	
1179-5557	CLINICAL MEDICINE INSIGHTS: PATHOLOGY	B1	
1198-743X	CLINICAL MICROBIOLOGY AND INFECTION (PRINT)	A1	
0303-8467	CLINICAL NEUROLOGY AND NEUROSURGERY (DUTCH-FLEMISH ED.)	A3	
0362-5664	CLINICAL NEUROPHARMACOLOGY	B2	
1388-2457	CLINICAL NEUROPHYSIOLOGY	A1	
0363-9762	CLINICAL NUCLEAR MEDICINE	A1	
1054-7738	CLINICAL NURSING RESEARCH	A3	
0261-5614	CLINICAL NUTRITION	A1	
2405-4577	CLINICAL NUTRITION ESPEN	A4	
2667-2685	CLINICAL NUTRITION OPEN SCIENCE	B2	
1177-5483	CLINICAL OPHTHALMOLOGY (ONLINE)	A3	
0905-7161	CLINICAL ORAL IMPLANTS RESEARCH	A1	
1600-0501	CLINICAL ORAL IMPLANTS RESEARCH	A1	
1432-6981	CLINICAL ORAL INVESTIGATIONS	A1	
1436-3771	CLINICAL ORAL INVESTIGATIONS (INTERNET)	A1	
2675-7338	CLINICAL ORTHODONTICS (PRINT)	C	
0312-5963	CLINICAL PHARMACOKINETICS	A1	
1475-0961	CLINICAL PHYSIOLOGY AND FUNCTIONAL IMAGING (PRINT)	B1	
2199-1197	CLINICAL PHYTOSCIENCE (ONLINE)	A4	
1745-0179	CLINICAL PRACTICE AND EPIDEMIOLOGY IN MENTAL HEALTH	A3	
0009-9260	CLINICAL RADIOLOGY (HARLOW. PRINT)	A3	
0269-2155	CLINICAL REHABILITATION	A1	
2374-0094	CLINICAL RESEARCH IN HIV/AIDS	B4	
1080-0549	CLINICAL REVIEWS IN ALLERGY & IMMUNOLOGY	A1	
0770-3198	CLINICAL RHEUMATOLOGY (PRINTED)	A2	
0143-5221	CLINICAL SCIENCE (1979)	A1	
1876-1399	CLINICAL SIMULATION IN NURSING	A1	
1399-0012	CLINICAL TRANSPLANTATION	A3	
1178-6981	CLINICOECONOMICS AND OUTCOMES RESEARCH	A4	
2039-7283	CLINICS AND PRACTICE	A3	
2965-5986	CLINICS BIOPSYCHOSOCIAL (ONLINE)	B3	
1807-5932	CLINICS (USP, IMPRESSO)	A2	
2448-2331	CLIO ARQUEOLOGICA	B1	
0102-6003	CLIO ARQUEOLÓGICA	B1	
0102-4736	CLIO (RECIFE)	A1	
2525-5649	CLIO: REVISTA DE PESQUISA HISTÓRICA	A1	
1996-3181	CNS & NEUROLOGICAL DIORDERS - DRUG TARGETS	A4	
1871-5273	CNS & NEUROLOGICAL DISORDERS - DRUG TARGETS	A4	
1092-8529	CNS SPECTRUMS	A2	
0892-0753	COASTAL MANAGEMENT	A1	
2673-964X	COASTS	C	
2079-6412	COATINGS	C	
1467-0100	COCHLEAR IMPLANTS INTERNATIONAL	A3	
1469-493X	COCHRANE DATABASE OF SYSTEMATIC REVIEWS (ONLINE)	A1	
1465-1858	COCHRANE LIBRARY (ONLINE)	A1	
2317-1782	CODAS	A3	
2176-1779	CODEX: REVISTA DE ESTUDOS CLÁSSICOS	B1	
1984-3909	COFFEE SCIENCE	B2	
2331-186X	COGENT EDUCATION (ONLINE)	A1	
2331-1916	COGENT ENGINEERING	A3	
2595-8895	COGITARE	B1	
2176-9133	COGITARE ENFERMAGEM	A4	
1519-9479	CÓGITO (SALVADOR. IMPRESSO)	B4	
2316-5278	COGNITIO	A1	
2236-3009	COGNITIO JURIS	B4	
1518-7187	COGNITIO (PUCSP)	A1	
1809-8428	COGNITIO-ESTUDOS (PUC-SP. ONLINE)	A1	
1464-0600	COGNITION & EMOTION	A1	
0269-9931	COGNITION AND EMOTION (PRINT)	A1	
1435-5558	COGNITION, TECHNOLOGY & WORK (PRINT)	A1	
1077-7229	COGNITIVE AND BEHAVIORAL PRACTICE	A2	
1866-9956	COGNITIVE COMPUTATION (PRINT)	A2	
0885-2014	COGNITIVE DEVELOPMENT	A4	
1612-4782	COGNITIVE PROCESSING (PRINT)	B1	
1389-0417	COGNITIVE SYSTEMS RESEARCH	A3	
2392-2397	COGNITIVES STUDIES (ONLINE)	A3	
2596-0172	COINSPIRAÇÃO	B1	
2447-2654	COISAS DO GÊNERO: REVISTA DE ESTUDOS FEMINISTAS EM GÊNERO E RELIGIÃO	A2	
2316-4891	COLEÇÃO MEIRA MATTOS - REVISTA DAS CIÊNCIAS MILITARES (ONLINE)	B1	
1981-4313	COLEÇÃO PESQUISA EM EDUCAÇÃO FÍSICA	B2	
1677-7883	COLETÂNEA (RIO DE JANEIRO)	A3	
3085-6655	COLIRIUM, REVISTA DE ESTUDOS REPRESENTACIONAIS E REPRESONTOLOGIA (ONLINE)	B4	
2646-3679	COLLIGO	B1	
0973-7766	COLLNET JOURNAL OF SCIENTOMETRICS AND INFORMATION MANAGEMENT	A3	
0303-402X	COLLOID AND POLYMER SCIENCE (PRINT)	A4	
2504-5377	COLLOIDS AND INTERFACES	A4	
0927-7757	COLLOIDS AND SURFACES. A, PHYSICOCHEMICAL AND ENGINEERING ASPECTS (PRINT)	A2	
0927-7765	COLLOIDS AND SURFACES. B, BIOINTERFACES (PRINT)	A1	
1809-8215	COLLOQUIUM AGRARIAE (UNOESTE)	A4	
2178-8332	COLLOQUIUM EXACTARUM	B2	
2763-9800	COLLOQUIUM: HEALTH AND EDUCATION	B4	
1809-8207	COLLOQUIUM HUMANARUM	A3	
2526-7035	COLLOQUIUM SOCIALIS	A4	
1984-6436	COLLOQUIUM VITAE	B2	
0121-5612	COLOMBIA INTERNACIONAL	A1	
1060-9164	COLONIAL LATIN AMERICAN REVIEW	A2	
2318-180X	COLÓQUIO - REVISTA DO DESENVOLVIMENTO REGIONAL	A3	
2526-9518	COLÓQUIO ORGANIZAÇÕES, DESENVOLVIMENTO E SUSTENTABILIDADE	B2	
1678-9059	COLÓQUIO (TAQUARA)	A3	
2079-6447	COLORANTS	C	
1472-3581	COLORATION TECHNOLOGY	A3	
2526-2882	COM A PALAVRA, O PROFESSOR	A2	
1519-7654	COMCIÊNCIA (UNICAMP)	B2	
2399-3642	COMMUNICATIONS BIOLOGY	A1	
2662-4435	COMMUNICATIONS EARTH & ENVIRONMENT	A1	
2651-4001	COMMUNICATIONS IN ADVANCED MATHEMATICAL SCIENCES	A4	
1865-0929	COMMUNICATIONS IN COMPUTER AND INFORMATION SCIENCE	B1	
1007-5704	COMMUNICATIONS IN NONLINEAR SCIENCE & NUMERICAL SIMULATION	A1	
2237-4027	COMMUNICATIONS IN PLANT SCIENCES	B2	
1532-2416	COMMUNICATIONS IN SOIL SCIENCE AND PLANT ANALYSIS	A3	
0010-3624	COMMUNICATIONS IN SOIL SCIENCE AND PLANT ANALYSIS	A3	
2373-7484	COMMUNICATIONS IN STATISTICS: CASE STUDIES, DATA ANALYSIS AND APPLICATIONS ONLINE	B2	
0361-0918	COMMUNICATIONS IN STATISTICS. SIMULATION AND COMPUTATION	A4	
0361-0926	COMMUNICATIONS IN STATISTICS. THEORY AND METHODS	A4	
2730-664X	COMMUNICATIONS MEDICINE	A2	
0001-0782	COMMUNICATIONS OF THE ACM	A1	
2731-9121	COMMUNICATIONS PSYCHOLOGY (ONLINE)	A4	
0265-539X	COMMUNITY DENTAL HEALTH	A4	
0301-5661	COMMUNITY DENTISTRY AND ORAL EPIDEMIOLOGY	A1	
1585-8553	COMMUNITY ECOLOGY (PRINT)	A4	
0010-3853	COMMUNITY MENTAL HEALTH JOURNAL	A2	
1532-0456	COMPARATIVE BIOCHEMISTRY AND PHYSIOLOGY. C. TOXICOLOGY & PHARMACOLOGY	A1	
0147-9571	COMPARATIVE IMMUNOLOGY, MICROBIOLOGY AND INFECTIOUS DISEASES	A1	
1556-5068	COMPARATIVE LAW EJOURNAL	A1	
0000-0002	COMPARATIVE LITERATURE AND TRANSCULTURAL STUDIES	A1	
1569-1322	COMPARATIVE SOCIOLOGY (PRINT)	B1	
0305-7925	COMPARE (DORCHESTER-ON-THAMES. PRINT)	A1	
2177-4986	COMPETÊNCIA - REVISTA DA EDUCAÇÃO SUPERIOR DO SENAC-RS	B2	
1059-5422	COMPETITIVENESS REVIEW	A2	
1744-3881	COMPLEMENTARY THERAPIES IN CLINICAL PRACTICE	A2	
0965-2299	COMPLEMENTARY THERAPIES IN MEDICINE	A1	
0891-2513	COMPLEX SYSTEMS	B2	
2525-4154	COMPLEXITAS - REVISTA DE FILOSOFIA TEMÁTICA	A4	
1131-6993	COMPLUTUM (MADRID)	A2	
1983-3784	COMPOSIÇÃO: REVISTA DE CIÊNCIAS SOCIAIS DA UNIVERSIDADE FEDERAL DE MATO GROSSO DO SUL	B2	
0927-6440	COMPOSITE INTERFACES (PRINT)	A3	
0263-8223	COMPOSITE STRUCTURES	A1	
1359-8368	COMPOSITES. PART B, ENGINEERING	A1	
0266-3538	COMPOSITES SCIENCE AND TECHNOLOGY	A1	
1065-657X	COMPOST SCIENCE & UTILIZATION	A3	
2673-6918	COMPOUNDS (ONLINE)	B1	
2666-4976	COMPREHENSIVE PSYCHONEUROENDOCRINOLOGY	A3	
1541-4337	COMPREHENSIVE REVIEWS IN FOOD SCIENCE AND FOOD SAFETY	A1	
1631-073X	COMPTES RENDUS. MATHÉMATIQUE	A3	
1631-0721	COMPTES RENDUS. MÉCANIQUE	B2	
2007-9737	COMPUTACIÓN Y SYSTEMAS	B3	
2079-3197	COMPUTATION	C	
1807-0302	COMPUTATIONAL & APPLIED MATHEMATICS	A2	
2238-3603	COMPUTATIONAL AND APPLIED MATHEMATICS	A2	
1748-6718	COMPUTATIONAL AND MATHEMATICAL METHODS IN MEDICINE (ONLINE)	C	
2001-0370	COMPUTATIONAL AND STRUCTURAL BIOTECHNOLOGY JOURNAL	A1	
2210-271X	COMPUTATIONAL AND THEORETICAL CHEMISTRY	A3	
1476-9271	COMPUTATIONAL BIOLOGY AND CHEMISTRY (PRINT)	A2	
0927-7099	COMPUTATIONAL ECONOMICS	A2	
1420-0597	COMPUTATIONAL GEOSCIENCES (AMSTERDAM)	A2	
1687-5265	COMPUTATIONAL INTELLIGENCE AND NEUROSCIENCE	C	
1619-697X	COMPUTATIONAL MANAGEMENT SCIENCE (PRINT)	A3	
0927-0256	COMPUTATIONAL MATERIALS SCIENCE	A1	
0178-7675	COMPUTATIONAL MECHANICS	A1	
0926-6003	COMPUTATIONAL OPTIMIZATION AND APPLICATIONS	A2	
0943-4062	COMPUTATIONAL STATISTICS (ZEITSCHRIFT)	A3	
2468-1113	COMPUTATIONAL TOXICOLOGY	A3	
1913-8997	COMPUTER AND INFORMATION SCIENCE (ONLINE)	B2	
1061-3773	COMPUTER APPLICATIONS IN ENGINEERING EDUCATION	A1	
1099-0542	COMPUTER APPLICATIONS IN ENGINEERING EDUCATION (ONLINE)	A1	
0140-3664	COMPUTER COMMUNICATIONS	A1	
0267-3649	COMPUTER LAW AND SECURITY REPORT	A1	
0169-2607	COMPUTER METHODS AND PROGRAMS IN BIOMEDICINE (PRINT)	A1	
0045-7825	COMPUTER METHODS IN APPLIED MECHANICS AND ENGINEERING	A1	
2168-1171	COMPUTER METHODS IN BIOMECHANICS AND BIOMEDICAL ENGINEERING. IMAGING & VISUALIZATION (ONLINE)	A4	
1389-1286	COMPUTER NETWORKS	A1	
0010-4655	COMPUTER PHYSICS COMMUNICATIONS	A1	
0885-2308	COMPUTER SPEECH & LANGUAGE (PRINT)	A1	
0925-9724	COMPUTER SUPPORTED COOPERATIVE WORK	A2	
1077-3142	COMPUTER VISION AND IMAGE UNDERSTANDING (PRINT)	A2	
0771-7784	COMPUTERRECHT (PRINT)	A4	
2073-431X	COMPUTERS	C	
0098-1354	COMPUTERS & CHEMICAL ENGINEERING	A1	
0360-1315	COMPUTERS & EDUCATION	A1	
0045-7906	COMPUTERS & ELECTRICAL ENGINEERING	A2	
0098-3004	COMPUTERS & GEOSCIENCES	A1	
0097-8493	COMPUTERS & GRAPHICS	A2	
0360-8352	COMPUTERS & INDUSTRIAL ENGINEERING	A1	
0898-1221	COMPUTERS & MATHEMATICS WITH APPLICATIONS (1987)	A1	
0305-0548	COMPUTERS & OPERATIONS RESEARCH	A1	
0045-7949	COMPUTERS & STRUCTURES	A1	
0168-1699	COMPUTERS AND ELECTRONICS IN AGRICULTURE	A1	
0198-9715	COMPUTERS, ENVIRONMENT AND URBAN SYSTEMS	A1	
0010-4825	COMPUTERS IN BIOLOGY AND MEDICINE	A1	
0166-3615	COMPUTERS IN INDUSTRY	A1	
1538-9774	COMPUTERS, INFORMATICS, NURSING (ONLINE)	A3	
1546-2226	COMPUTERS, MATERIALS & CONTINUA (ONLINE)	A1	
0010-485X	COMPUTING	A1	
3029-2786	COMPUTING AND ARTIFICIAL INTELLIGENCE (ONLINE)	B3	
2510-2044	COMPUTING AND SOFTWARE FOR BIG SCIENCE	A2	
1436-5057	COMPUTING (WIEN. INTERNET)	A1	
0104-6829	COMUNICAÇÃO & EDUCAÇÃO	A2	
2316-9125	COMUNICAÇÃO & EDUCAÇÃO	A2	
2317-675X	COMUNICAÇÃO & INFORMAÇÃO	A3	
1415-5842	COMUNICAÇÃO & INFORMAÇÃO (UFG)	A3	
2178-0145	COMUNICAÇÃO & INOVAÇÃO	A2	
0102-6925	COMUNICAÇÃO & POLÍTICA	B3	
2175-7755	COMUNICAÇÃO & SOCIEDADE	A2	
0101-2657	COMUNICAÇÃO & SOCIEDADE (METODISTA)	A2	
2763-7158	COMUNICAÇÃO E MEMÓRIA	B4	
2183-3575	COMUNICAÇÃO E SOCIEDADE	A1	
1645-2089	COMUNICAÇÃO E SOCIEDADE (UMINHO)	A1	
1980-5101	COMUNICAÇÃO EM CIÊNCIAS DA SAÚDE	B2	
1980-0584	COMUNICAÇÃO EM CIÊNCIAS DA SAÚDE (IMPRESSO)	B2	
1983-7070	COMUNICACAO, MIDIA E CONSUMO (ONLINE)	A3	
2183-2269	COMUNICAÇÃO PÚBLICA	A2	
1517-7866	COMUNICAÇÃO UNIVERSITÁRIA (UEPA)	B2	
0719-1529	COMUNICACIÓN Y MEDIOS	A1	
2966-165X	COMUNICAÇÕES DA FACULDADE BATISTA PIONEIRA (ONLINE)	C	
0102-3055	COMUNICAÇÕES DO ISER	B4	
2595-0622	COMUNICAÇÕES EM INFORMÁTICA	C	
0104-8481	COMUNICAÇÕES (UNIMEP)	A4	
1806-9185	COMUNICADO TÉCNICO (EMBRAPA CLIMA TEMPERADO. ONLINE)	B3	
1808-6802	COMUNICADO TÉCNICO (EMBRAPA UVA E VINHO. ONLINE)	B3	
1983-0505	COMUNICADO TÉCNICO 262	C	
1134-3478	COMUNICAR. MEDIA EDUCATION RESEARCH JOURNAL	A1	
2177-5133	COMUNICATA SCIENTIAE (ONLINE)	B2	
2176-9079	COMUNICATA SCIENTIAE (PRINT)	B2	
1981-2132	COMUNICOLOGIA	A3	
1690-3293	COMUNIDAD Y SALUD (PRINT)	B4	
1676-3220	COMUNITÀ ITALIANA	C	
2317-5737	CONCEIÇÃO/CONCEPTION REVISTA DO PROGRAMA DE PÓS-GRADUAÇÃO EM ARTES DA CENA	A1	
2526-8988	CONCEITO JURÍDICO	B2	
1519-7204	CONCEITOS (JOÃO PESSOA)	C	
2742-9660	CONCEΦTOS	B4	
2595-4768	CONCI	A4	
1609-8110	CON-CIENCIA (LIMA)	C	
1414-7327	CONCILIUM (BRASIL)	A2	
0010-5236	CONCILIUM ENGLISH EDITION	A2	
1981-9897	CONCINNITAS (ONLINE) (RIO DE JANEIRO)	A1	
1415-2681	CONCINNITAS (RIO DE JANEIRO. IMPRESSO)	A1	
1532-0626	CONCURRENCY AND COMPUTATION: PRACTICE & EXPERIENCE	A2	
1532-0634	CONCURRENCY AND COMPUTATION: PRACTICE & EXPERIENCE	A2	
2764-0345	CONECTADAS REVISTA INTERDISCIPLINAR DE EXTENSÃO E CULTURA DA UFABC	B4	
2594-5467	CONECTE-SE! REVISTA INTERDISCIPLINAR DE EXTENSÃO	B1	
1677-0943	CONEXÃO - COMUNICAÇÃO E CULTURA (UCS)	B1	
2236-0875	CONEXÃO ACADÊMICA	B4	
1980-7058	CONEXÃO CIÊNCIA (ONLINE)	A4	
2178-2687	CONEXÃO: COMUNICAÇÃO E CULTURA	B1	
2594-8962	CONEXÃO LETRAS	B2	
2594-9136	CONEXÃO (MANAUS)	B3	
2317-3254	CONEXÃO POLÍTICA - REVISTAS ELETRÔNICAS DA UFPI	A2	
2305-7467	CONEXIÓN (LIMA) (PRINT)	A3	
1982-176X	CONEXÕES : CIÊNCIA E TECNOLOGIA	A2	
1984-4425	CONEXÕES (BELÉM)	B4	
1983-9030	CONEXÕES (CAMPINAS. ONLINE)	B3	
2447-018X	CONEXÕES CULTURAIS	B3	
2176-297X	CONFERENCE OF FORTE DE COPACABANA	C	
2529-167X	CONFERENCE PRESENTATION SERIES	B4	
1646-5075	CONFIGURAÇÕES (PORTO)	A4	
1958-9212	CONFINS (PARIS)	A1	
1676-661X	CONFLITOS NO CAMPO BRASIL	A4	
1415-7403	CONFLUÊNCIA (RIO DE JANEIRO)	A3	
2318-4558	CONFLUÊNCIAS	A2	
2316-395X	CONFLUÊNCIAS CULTURAIS	B2	
1678-7145	CONFLUÊNCIAS (NITERÓI)	A2	
2036-0967	CONFLUENZE (BOLOGNA)	A1	
2525-5630	CONGRESSO INTERNACIONAL DE DIÁLOGOS INTERDISCIPLINARES	B3	
2238-0426	CONHECER: DEBATE ENTRE O PÚBLICO O PRIVADO	A4	
2675-6064	CONHECER (FACULDADE OSVALDO ALVES MIRANDA)	B3	
1983-3695	CONHECIMENTO & DIVERSIDADE	A3	
2237-8049	CONHECIMENTO & DIVERSIDADE	A3	
2178-4612	CONJECTURA: FILOSOFIA E EDUCACAO	A2	
0103-1457	CONJECTURA: FILOSOFIA E EDUCAÇÃO (UCB)	A2	
1657-5830	CONJECTURAS	C	
1413-1536	CONJUNTURA & PLANEJAMENTO	B4	
2178-8839	CONJUNTURA AUSTRAL	A2	
2317-6563	CONJUNTURA GLOBAL	B1	
1809-6182	CONJUNTURA INTERNACIONAL (BELO HORIZONTE. ONLINE)	B1	
1980-7341	CONNECTION LINE	B2	
2675-9179	CONNECTION SCIENTIFIC JOURNAL	B4	
0337-3126	CONNEXIONS (PRINT)	B2	
2448-3931	CONPEDI LAW REVIEW (ONLINE)	A3	
1983-9324	CONSCIENTIAE SAÚDE (ONLINE)	B2	
1053-8100	CONSCIOUSNESS AND COGNITION (PRINT)	A3	
2673-7159	CONSERVATION	C	
1753-5522	CONSERVATION AND MANAGEMENT OF ARCHAEOLOGICAL SITES (ONLINE)	B1	
0888-8892	CONSERVATION BIOLOGY	A1	
1877-7260	CONSERVATION GENETICS RESOURCES (ONLINE)	A4	
1877-7252	CONSERVATION GENETICS RESOURCES (PRINT)	A4	
2578-4854	CONSERVATION SCIENCE AND PRACTICE	A2	
2172-9506	CONSTELACIONES. REVISTA DE TEORIA CRÍTICA	A4	
1415-6954	CONSTRUÇÃO PSICOPEDAGÓGICA (IMPRESSO)	B1	
0950-0618	CONSTRUCTION & BUILDING MATERIALS	A1	
2954-5234	CONSTRUCTOS CRIMINOLÓGICOS (ONLINE)	B1	
2526-7884	CONSUMER BEHAVIOR REVIEW	B2	
1025-3866	CONSUMPTION, MARKETS AND CULTURE	A1	
0103-734X	CONTABILIDADE VISTA & REVISTA	B1	
2357-9048	CONTABILOMETRIA - BRAZILIAN JOURNAL OF QUANTITATIVE METHODS APPLIED TO ACCOUNTING	B2	
2179-8079	CONTEMPLAÇÃO - REVISTA ACADÊMICA DE FILOSOFIA E TEOLOGIA DA FACULDADE JOÃO PAULO II	B1	
2675-2107	CONTEMPORÂNEA	B4	
2447-0961	CONTEMPORÂNEA - REVISTA DE ÉTICA E FILOSOFIA POLÍTICA	C	
2316-1329	CONTEMPORÂNEA (ONLINE)	A2	
1809-9386	CONTEMPORANEA: REVISTA DE COMUNICAÇÃO E CULTURA	A3	
2236-532X	CONTEMPORÂNEA. REVISTA DE SOCIOLOGIA DA UFSCAR	A2	
1982-3231	CONTEMPORÂNEOS: REVISTA DE ARTES E HUMANIDADES (ONLINE)	B2	
0976-237X	CONTEMPORARY CLINICAL DENTISTRY	A4	
2300-8814	CONTEMPORARY ECONOMICS (ONLINE)	A2	
1028-2580	CONTEMPORARY JUSTICE REVIEW	A3	
1037-6178	CONTEMPORARY NURSE	A2	
1428-2526	CONTEMPORARY ONCOLOGY	A4	
2610-7902	CONTEXTO	C	
0102-8758	CONTEXTO & EDUCAÇÃO	A1	
2179-1309	CONTEXTO & EDUCAÇÃO	A1	
1982-0240	CONTEXTO INTERNACIONAL (ON-LINE)	A1	
2358-9566	CONTEXTO (UFES)	A3	
2175-8751	CONTEXTO (UFRGS)	B1	
1983-3482	CONTEXTOS CLÍNICOS	A4	
1695-5714	CONTEXTOS EDUCATIVOS REVISTA DE EDUCACIÓN	B1	
2007-2120	CONTEXTUALIZACIONES LATINOAMERICANAS	A4	
2178-9258	CONTEXTUS - REVISTA CONTEMPORÂNEA DE ECONOMIA E GESTÃO	A4	
1678-2089	CONTEXTUS (FORTALEZA)	A4	
2772-9737	CONTINENCE (ONLINE)	B3	
1980-7589	CONTINGENTIA (UFRGS)	B2	
0935-1175	CONTINUUM MECHANICS AND THERMODYNAMICS (PRINT)	A3	
2238-2577	CONTRACAMPO: BRAZILIAN JOURNAL OF COMMUNICATION	A1	
1414-7483	CONTRACAMPO (UFF)	A1	
2525-4529	CONTRACORRENTE (ONLINE)	B1	
2178-4744	CONTRACORRENTE: REVISTA DE ESTUDOS LITERÁRIOS	B1	
2675-7109	CONTRADIÇÃO	B1	
2236-6822	CONTRAPONTO	A4	
2763-5635	CONTRAPONTO	B1	
2358-3541	CONTRAPONTO (UFRGS)	B2	
1984-7114	CONTRAPONTOS (ONLINE)	A2	
2452-5545	CONTRAPULSO: REVISTA LATINOAMERICANA DE ESTUDIOS EN MÚSICA POPULAR	A2	
1988-7833	CONTRIBUCIONES A LAS CIENCIAS SOCIALES	C	
1870-0365	CONTRIBUCIONES DESDE COATEPEC	B1	
0010-7999	CONTRIBUTIONS TO MINERALOGY AND PETROLOGY	A1	
0324-8569	CONTROL AND CYBERNETICS	B3	
0967-0661	CONTROL ENGINEERING PRACTICE	A2	
2763-6461	CONTROLE EM FOCO REVISTA DO MPC-MG	B4	
2357-7304	CONTROLE EXTERNO (IMPRESSO)	B2	
1577-4090	CONTROVERSIA	B4	
1808-5253	CONTROVÉRSIA (UNISINOS)	B1	
2965-2758	CONVERGÊNCIAS: ESTUDOS EM HUMANIDADES DIGITAIS (CONEHD)	B2	
1646-9054	CONVERGENCIAS: REVISTA DE INVESITIGACAO E ENSINO DAS ARTES	A2	
2178-5694	CONVERSAS & CONTROVÉRSIAS	B3	
2317-0441	CONVIBRA : GESTÃO, EDUCAÇÃO E PROMOÇÃO DA SAÚDE	B3	
2183-6973	CONVOCARTE	B3	
0120-7180	COOPERATIVISMO Y DESARROLLO	A3	
2362-4752	COORDENADAS: REVISTA DE HISTORIA LOCAL Y REGIONAL (ONLINE)	A3	
2178-0544	COORTE - REVISTA CIENTÍFICA DO HOSPITAL SANTA ROSA.	B4	
1541-2555	COPD (MONTICELLO. SULLIVAN COUNTY)	A4	
0722-4028	CORAL REEFS (PRINT)	A1	
0277-3740	CORNEA	A2	
0954-6928	CORONARY ARTERY DISEASE	B1	
2238-300X	CORPO, MOVIMENTO E SAÚDE	B4	
2178-5945	CORPOCONSCIÊNCIA	B2	
1517-6096	CORPOCONSCIÊNCIA	B2	
0122-8706	CORPOICA CIENCIA Y TECNOLOGIA AGROPECUARIA	B3	
1472-0701	CORPORATE GOVERNANCE: THE INTERNATIONAL JOURNAL OF BUSINESS IN SOCIETY	A1	
1363-3589	CORPORATE REPUTATION REVIEW	A3	
1535-3966	CORPORATE SOCIAL RESPONSIBILITY AND ENVIRONMENTAL MANAGEMENT	A1	
1535-3958	CORPORATE SOCIAL-RESPONSIBILITY AND ENVIRONMENTAL MANAGEMENT	A1	
1677-2644	CORRELATIO (SÃO BERNARDO DO CAMPO)	B2	
1743-2782	CORROSION ENGINEERING, SCIENCE AND TECHNOLOGY (ONLINE)	A4	
0010-9312	CORROSION (HOUSTON, TEX.)	A4	
2191-0316	CORROSION REVIEWS	A3	
0010-938X	CORROSION SCIENCE	A1	
0010-9452	CORTEX (MILANO. TESTO STAMPATO)	A1	
2079-9284	COSMETICS	A2	
2358-9809	COSMOS E CONTEXTO	B4	
2304-0963	COSTAS: REVISTA IBEROAMERICANA DE MANEJO COSTERO INTEGRADO	B2	
1353-985X	COTINGA (SANDY)	C	
1473-3145	COUNSELLING AND PSYCHOTHERAPY RESEARCH	A3	
2782-6163	COURIER OF THE KUTAFIN MOSCOW STATE LAW UNIVERSITY (MSAL)	A1	
2673-8112	COVID	C	
2163-8306	CPT: PHARMACOMETRICS & SYSTEMS PHARMACOLOGY	A2	
2395-9754	CR CONSERVACIÓN Y RESTAURACIÓN	B2	
0886-9634	CRANIO. JOURNAL OF CRANIOMANDIBULAR PRACTICE	A2	
2151-0903	CRANIO® THE JOURNAL OF CRANIOMANDIBULAR & SLEEP PRACTICE	A2	
2595-9662	CREARE	C	
2151-4755	CREATIVE EDUCATION	C	
2151-4771	CREATIVE EDUCATION	C	
1751-0708	CREATIVE INDUSTRIES JOURNAL (ONLINE)	A4	
0195-6671	CRETACEOUS RESEARCH (PRINT)	A2	
2317-2452	CRIAR EDUCAÇÃO REVISTA DO PROGRAMA DE PÓS-GRADUAÇÃO EM EDUCAÇÃO UNESC	A3	
0734-0168	CRIMINAL JUSTICE REVIEW (ATLANTA, GA.)	A3	
2506-7583	CRIMINOLOGICAL ENCOUNTERS	B3	
2678-1190	CRISOL-CENTRE DE RECHERCHES IBÉRIQUES ET IBÉRO-AMÉRICAINES DE L'UNIVERSITÉ PARIS NANTE	B1	
2605-3276	CRÍTICA  URBANA	B1	
1980-6493	CRÍTICA CULTURAL	B2	
2237-0579	CRÍTICA E SOCIEDADE. REVISTA DE CULTURA POLÍTICA	B3	
2764-2666	CRÍTICA HISTORIOGRÁFICA	B3	
0188-3968	CRÍTICA JURÍDICA	C	
0104-9321	CRITICA MARXISTA (SÃO PAULO)	B3	
2014-3753	CRÍTICA PENAL Y PODER	A1	
2525-0841	CRITICA Y RESISTENCIAS	A4	
1364-8535	CRITICAL CARE (LONDON. PRINT)	A1	
0090-3493	CRITICAL CARE MEDICINE	A1	
2090-1305	CRITICAL CARE RESEARCH & PRACTICE	A3	
2090-1313	CRITICAL CARE RESEARCH AND PRACTICE	A3	
2965-2774	CRITICAL CARE SCIENCE	A4	
1946-0171	CRITICAL POLICY STUDIES	A3	
1040-8347	CRITICAL REVIEWS IN ANALYTICAL CHEMISTRY	A1	
0738-8551	CRITICAL REVIEWS IN BIOTECHNOLOGY	A1	
1064-3389	CRITICAL REVIEWS IN ENVIRONMENTAL SCIENCE AND TECHNOLOGY	A1	
1549-7852	CRITICAL REVIEWS IN FOOD SCIENCE & NUTRITION	A1	
1040-8398	CRITICAL REVIEWS IN FOOD SCIENCE AND NUTRITION	A1	
1040-8401	CRITICAL REVIEWS IN IMMUNOLOGY	B2	
0893-9675	CRITICAL REVIEWS IN ONCOGENESIS	B3	
1040-8428	CRITICAL REVIEWS IN ONCOLOGY/HEMATOLOGY	A1	
1040-8444	CRITICAL REVIEWS IN TOXICOLOGY	A1	
1569-1632	CRITICAL SOCIOLOGY	A1	
1749-6020	CRITICAL STUDIES IN TELEVISION	A2	
1848-9672	CROATIAN JOURNAL OF FOREST ENGINEERING	A2	
1333-1108	CROATIAN JOURNAL OF PHILOSOPHY	B2	
1836-0947	CROP & PASTURE SCIENCE (PRINT)	A3	
1518-7853	CROP BREEDING AND APPLIED BIOTECHNOLOGY (IMPRESSO)	A3	
1984-7033	CROP BREEDING AND APPLIED BIOTECHNOLOGY (ONLINE)	A3	
0261-2194	CROP PROTECTION	A1	
0011-183X	CROP SCIENCE	A2	
0011-2240	CRYOBIOLOGY (PRINT)	A2	
1290-0796	CRYPTOGAMIE. BRYOLOGIE	B1	
0181-1584	CRYPTOGAMIE. MYCOLOGIE	A3	
1528-7483	CRYSTAL GROWTH & DESIGN	A2	
1521-4079	CRYSTAL RESEARCH AND TECHNOLOGY	B1	
2073-4352	CRYSTALS	A3	
1466-8033	CRYSTENGCOMM (CAMBRIDGE. ONLINE)	A2	
2011-0324	CS	A1	
1981-2140	CSONLINE - REVISTA ELETRÔNICA DE CIÊNCIAS SOCIAIS	B1	
0102-3543	C&T. REVISTA MILITAR DE CIÊNCIA E TECNOLOGIA	B3	
1668-0030	CTS. CIENCIA, TECNOLOGÍA Y SOCIEDAD	A2	
2675-9764	CTS EM FOCO	B3	
1409-3677	CUADERNOS DE CIENCIAS SOCIALES DE FLACSO CUESTA RICA	B2	
0123-1472	CUADERNOS DE CONTABILIDAD	A4	
0122-1450	CUADERNOS DE DESARROLLO RURAL	B2	
2215-7727	CUADERNOS DE DESARROLLO RURAL	B2	
0121-4772	CUADERNOS DE ECONOMÍA (SANTAFÉ DE BOGOTÁ)	A2	
1989-4155	CUADERNOS DE EDUCACIÓN Y DESARROLLO	C	
0120-8462	CUADERNOS DE FILOSOFIA LATINOAMERICANA	A2	
0121-215X	CUADERNOS DE GEOGRAFÌA	A2	
2256-5442	CUADERNOS DE GEOGRAFÍA: REVISTA COLOMBIANA DE GEOGRAFÍA (ON LINE)	A2	
2341-4839	CUADERNOS DE GOBIERNO Y ADMINISTRACIÓN PÚBLICA	B3	
2341-3808	CUADERNOS DE GOBIERNO Y ADMINISTRACIÓN PÚBLICA	B3	
1852-5768	CUADERNOS DE HERPETOLOGÍA	B4	
2218-0761	CUADERNOS DE LA ALFAL	A3	
2215-9959	CUADERNOS DE MUSICA, ARTES VISUALES Y ARTES ESCENICAS	A3	
1794-6670	CUADERNOS DE MUSICA, ARTES VISUALES Y ARTES ESCENICAS	A3	
0718-4123	CUADERNOS DE NEUROPSICOLOGÍA	B1	
1578-8423	CUADERNOS DE PSICOLOGIA DEL DEPORTE	B1	
1988-8295	CUADERNOS DE TRABAJO SOCIAL	A2	
1989-4635	CUADERNOS DE TURISMO (ONLINE)	A2	
1668-0227	CUADERNOS DEL CENTRO DE ESTUDIOS DE DISEÑO Y COMUNICACIÓN	A1	
1853-3523	CUADERNOS DEL CENTRO DE ESTUDIOS EN DISEÑO Y COMUNICACIÓN. ENSAYOS	A1	
0797-6062	CUADERNOS DEL CLAEH	A4	
2393-5979	CUADERNOS DEL CLAEH	A4	
2422-7749	CUADERNOS DEL INSTITUTO NACIONAL DE ANTROPOLOGÍA Y PENSAMIENTO LATINOAMERICANO	A4	
1138-9877	CUADERNOS ELECTRÓNICOS DE FILOSOFÍA DEL DERECHO	A3	
2254-4445	CUADERNOS MANUEL GIMÉNEZ ABAD	A3	
0326-3525	CUADERNOS MÉDICO SOCIALES	B3	
1856-349X	CUADERNOS SOBRE RELACIONES INTERNACIONALES, REGIONALISMO Y DESARROLLO	B1	
0719-367X	CUADERNOS.INFO	A1	
0719-3661	CUADERNOS.INFO	A1	
0864-3911	CUBA TEOLÓGICA	B2	
2340-7867	CUCO (CUADERNOS DE CÓMIC)	B2	
2422-474X	CUERPO, CULTURA Y MOVIMIENTO	A4	
2444-0221	CUESTIONES DE GÉNERO: DE LA IGUALDAD Y LA DIFERENCIA	A3	
2346-3414	CUIDARTE	A3	
1982-1166	CUIDARTE. ENFERMAGEM	B2	
1676-0158	CULTIVAR MÁQUINAS	B3	
1982-5838	CULTUR: REVISTA DE CULTURA E TURISMO	B3	
1138-1728	CULTURA DE LOS CUIDADOS	B1	
1699-6003	CULTURA DE LOS CUIDADOS	B1	
2384-9568	CULTURA E SCIENZA DEL COLORE	A1	
2340-4981	CULTURA, LENGUAJE Y REPRESENTACIÓN (ONLINE)	A1	
0122-8455	CULTURA Y DROGA (IMPRESSO)	A4	
0718-4727	CULTURA Y RELIGIÓN (EN LÍNEA)	A3	
2436-8539	CULTURAL ARTS RESEARCH AND DEVELOPMENT	C	
0921-3740	CULTURAL DYNAMICS	A3	
1836-0416	CULTURAL SCIENCE (ONLINE)	B4	
1871-1502	CULTURAL STUDIES OF SCIENCE EDUCATION (PRINT)	A1	
0954-8963	CULTURAL TRENDS	A3	
1816-5435	CULTURAL-HISTORICAL PSYCHOLOGY	B2	
1983-5930	CULTURAS MIDIÁTICAS	B1	
2763-9398	CULTURAS MIDIÁTICAS	B1	
2253-797X	CULTURE & HISTORY DIGITAL JOURNAL	A1	
1354-067X	CULTURE & PSYCHOLOGY	A4	
1972-5817	CULTURE DELLA SOSTENIBILITÀ (TESTO STAMPATO)	C	
0165-005X	CULTURE, MEDICINE AND PSYCHIATRY	A1	
2096-6083	CULTURE OF SCIENCE	B1	
2261-0758	CULTURES-KAIRÓS	B1	
2151-6952	CURATOR	A2	
2168-8184	CUREUS	B1	
1874-6098	CURRENT AGING AND LONGEVITY SCIENCE (PRINT)	B1	
1567-2050	CURRENT ALZHEIMER RESEARCH	A4	
1573-4110	CURRENT ANALYTICAL CHEMISTRY	A4	
0011-3204	CURRENT ANTHROPOLOGY	A1	
1567-1739	CURRENT APPLIED PHYSICS	A3	
1573-4072	CURRENT BIOACTIVE COMPOUNDS	B1	
1574-8936	CURRENT BIOINFORMATICS (PRINT)	A1	
0960-9822	CURRENT BIOLOGY	A1	
2211-5501	CURRENT BIOTECHNOLOGY	B1	
1573-4099	CURRENT COMPUTER-AIDED DRUG DESIGN	B1	
2666-7797	CURRENT COSMETIC SCIENCE	C	
1573-3998	CURRENT DIABETES REVIEWS	A3	
1875-6417	CURRENT DIABETES REVIEWS	A3	
1567-2018	CURRENT DRUG DELIVERY	A4	
1570-1638	CURRENT DRUG DISCOVERY TECHNOLOGIES	B2	
1389-2002	CURRENT DRUG METABOLISM	B1	
1389-4501	CURRENT DRUG TARGETS (PRINT)	A3	
0271-3683	CURRENT EYE RESEARCH (PRINT)	A2	
2198-6436	CURRENT FORESTRY REPORTS	A1	
1936-3761	CURRENT FUNGAL INFECTION REPORTS	B1	
1566-5232	CURRENT GENE THERAPY	A3	
0172-8083	CURRENT GENETICS	A4	
1389-2029	CURRENT GENOMICS	A4	
1546-9549	CURRENT HEART FAILURE REPORTS (ONLINE)	A2	
1570-162X	CURRENT HIV RESEARCH (PRINT)	B2	
1467-3045	CURRENT ISSUES IN MOLECULAR BIOLOGY (ONLINE)	B1	
1368-3500	CURRENT ISSUES IN TOURISM	A1	
2457-1024	CURRENT JOURNAL OF APPLIED SCIENCE AND TECHNOLOGY	C	
1473-4877	CURRENT MEDICAL RESEARCH AND OPINION	A2	
0300-7995	CURRENT MEDICAL RESEARCH AND OPINION	A2	
0929-8673	CURRENT MEDICINAL CHEMISTRY	A1	
1432-0991	CURRENT MICROBIOLOGY	B1	
0343-8651	CURRENT MICROBIOLOGY (PRINT)	B1	
1874-4672	CURRENT MOLECULAR PHARMACOLOGY (PRINT)	B1	
1570-159X	CURRENT NEUROPHARMACOLOGY	A1	
1573-4013	CURRENT NUTRITION AND FOOD SCIENCE	B1	
2161-3311	CURRENT NUTRITION REPORTS (ONLINE)	A2	
1198-0052	CURRENT ONCOLOGY	A4	
1718-7729	CURRENT ONCOLOGY	A4	
1070-5295	CURRENT OPINION IN CRITICAL CARE	A2	
2451-9103	CURRENT OPINION IN ELECTROCHEMISTRY (IMPRESSO)	A1	
2468-5844	CURRENT OPINION IN ENVIRONMENTAL SCIENCE AND HEALTH	A1	
1877-3435	CURRENT OPINION IN ENVIRONMENTAL SUSTAINABILITY (PRINT)	A1	
2214-7993	CURRENT OPINION IN FOOD SCIENCE	A1	
0959-4388	CURRENT OPINION IN NEUROBIOLOGY	A1	
1879-6257	CURRENT OPINION IN VIROLOGY	A1	
1385-2728	CURRENT ORGANIC CHEMISTRY	B1	
1570-1794	CURRENT ORGANIC SYNTHESIS	B1	
1389-2010	CURRENT PHARMACEUTICAL BIOTECHNOLOGY (PRINT)	A3	
1381-6128	CURRENT PHARMACEUTICAL DESIGN (PRINT)	A3	
0146-2806	CURRENT PROBLEMS IN CARDIOLOGY	A3	
1389-2037	CURRENT PROTEIN AND PEPTIDE SCIENCE	B1	
1046-1310	CURRENT PSYCHOLOGY (NEW BRUNSWICK, N.J.)	A1	
1874-4710	CURRENT RADIOPHARMACEUTICALS	A4	
2666-5182	CURRENT RESEARCH IN BEHAVIORAL SCIENCES	A4	
2590-2628	CURRENT RESEARCH IN BIOTECHNOLOGY	A3	
1996-5052	CURRENT RESEARCH IN CHEMISTRY	B3	
2577-2201	CURRENT RESEARCH IN COMPLEMENTARY & ALTERNATIVE MEDICINE	B3	
1949-0127	CURRENT RESEARCH IN DENTISTRY (ONLINE)	B3	
2229-2225	CURRENT RESEARCH IN ENVIRONMENTAL & APPLIED MYCOLOGY	B1	
2666-0490	CURRENT RESEARCH IN ENVIRONMENTAL SUSTAINABILITY	A2	
2665-9271	CURRENT RESEARCH IN FOOD SCIENCE	A1	
2666-0865	CURRENT RESEARCH IN GREEN AND SUSTAINABLE CHEMISTRY	A2	
2666-5174	CURRENT RESEARCH IN MICROBIAL SCIENCES	A1	
2667-114X	CURRENT RESEARCH IN PARASITOLOGY & VECTOR-BORNE DISEASES	A2	
2665-9441	CURRENT RESEARCH IN PHYSIOLOGY	B1	
1573-398X	CURRENT RESPIRATORY MEDICINE REVIEWS	B3	
1935-9748	CURRENT REVIEWS IN MUSCULOSKELETAL MEDICINE	A1	
1573-3971	CURRENT RHEUMATOLOGY REVIEWS	B2	
0011-3891	CURRENT SCIENCE (BANGALORE)	A4	
2764-1759	CURRENT SCIENTIFIC JOURNAL	B4	
0011-3921	CURRENT SOCIOLOGY (PRINT)	A1	
2662-4079	CURRENT TISSUE MICROENVIRONMENT REPORTS	B2	
0972-4443	CURRENT TOPICS IN ELECTROCHEMISTRY	B3	
1568-0266	CURRENT TOPICS IN MEDICINAL CHEMISTRY (PRINT)	A3	
0972-4796	CURRENT TOPICS IN PHYTOCHEMISTRY	B3	
2215-0838	CURRENT TRADITIONAL MEDICINE (PRINT)	B2	
2572-1151	CURRENT TRENDS IN BIOMEDICAL ENGINEERING & BIOSCIENCES	C	
0973-8916	CURRENT TRENDS IN BIOTECHNOLOGY AND PHARMACY	B3	
2643-6876	CURRENT TRENDS IN CIVIL & STRUCTURAL ENGINEERING	B3	
2643-6744	CURRENT TRENDS IN COMPUTER SCIENCES & APPLICATIONS	B3	
2196-3045	CURRENT TROPICAL MEDICINE REPORTS	A1	
1570-1611	CURRENT VASCULAR PHARMACOLOGY	A2	
2320-8031	CURRENT WORLD ENVIRONMENT (ONLINE)	A3	
3065-4572	CURRERE E PRAXIS (ONLINE)	B4	
2764-8451	CURRICULARIZAÇÃO: EXTENSÃO UNIVERSITÁRIA	B3	
1645-1384	CURRÍCULO SEM FRONTEIRAS	A1	
1808-2882	CUSTOS E AGRONEGOCIO ONLINE	B1	
2591-555X	CUYONOMICS. INVESTIGACIONES EN ECONOMÍA REGIONAL	B3	
1278-3366	CYBERGEO (PARIS)	A3	
0907-0877	CYBERNETICS & HUMAN KNOWING	C	
2152-2715	CYBERPSYCHOLOGY, BEHAVIOR AND SOCIAL NETWORKING	A1	
1947-6345	CYTA: JOURNAL OF FOOD (ONLINE)	A3	
1043-4666	CYTOKINE	A2	
1359-6101	CYTOKINE & GROWTH FACTOR REVIEWS	A1	
0956-5507	CYTOPATHOLOGY (OXFORD. PRINT)	B1	
1949-3592	CYTOSKELETON	A4	
1465-3249	CYTOTHERAPY (OXFORD)	A2	
1212-1819	CZECH JOURNAL OF ANIMAL SCIENCE	A4	
1212-1800	CZECH JOURNAL OF FOOD SCIENCES	B1	
2660-9126	C3-BIOECONOMIA: BIOECONOMIA CIRCULAR E SUSTENTÁVEL	B4	
2182-1372	DA INVESTIGAÇÃO ÀS PRÁTICAS	A2	
1678-4588	DADOS - REVISTA DE CIÊNCIAS SOCIAIS	A1	
2632-3249	DADOS E POLÍTICA	A2	
0011-5258	DADOS (RIO DE JANEIRO. IMPRESSO)	A1	
1477-9234	DALTON TRANSACTIONS (ONLINE)	A2	
1477-9226	DALTON TRANSACTIONS (2003. PRINT)	A2	
2763-6569	DANCE AND ARTS REVIEW	B4	
2703-8327	DANCE ARTICULATED	B4	
2036-1599	DANZA E RICERCA	B1	
1808-3129	DAPESQUISA	A1	
2965-5919	DÁRIO DE CLASSE (ONLINE)	B3	
2008-2231	DARU JOURNAL OF PHARMACEUTICAL SCIENCES	A2	
2674-5968	DAS AMAZÔNIAS	B1	
2447-7087	DAS QUESTÕES	A1	
2306-5729	DATA	C	
2096-7004	DATA INTELLIGENCE	A1	
1384-5810	DATA MINING AND KNOWLEDGE DISCOVERY	A1	
2514-9288	DATA TECHNOLOGIES AND APPLICATIONS	A2	
1758-0463	DATABASE: THE JOURNAL OF BIOLOGICAL DATABASES AND CURATION	A1	
2965-1182	DATASET REPORTS (ONLINE)	C	
2526-1789	DATJOURNAL DESIGN ART AND TECHNOLOGY	A1	
2236-2711	DAVAR POLISSÊMICA: REVISTA DE TEOLOGIA E ESTUDOS AFINS	A4	
0188-9478	DEBATE FEMINISTA	A1	
1647-6336	DEBATER A EUROPA	A4	
2359-1056	DEBATES - CADERNOS DO PROGRAMA DE PÓS-GRADUAÇÃO EM MÚSICA	A2	
1982-8136	DEBATES DO NER	A2	
1519-843X	DEBATES DO NER (UFRGS. IMPRESSO)	A2	
2175-6600	DEBATES EM EDUCAÇÃO	A3	
2763-9037	DEBATES EM PSIQUIATRIA (ONLINE)	B2	
2594-0937	DEBATES SOBRE INNOVACIÓN	B2	
1414-7939	DEBATES (UNIRIO)	A2	
2772-6622	DECISION ANALYTICS JOURNAL	A1	
2182-018X	DEDICA. REVISTA DE EDUCAÇÃO E HUMANIDADES (DREH)	A4	
0967-0637	DEEP-SEA RESEARCH. PART 1. OCEANOGRAPHIC RESEARCH PAPERS	A3	
1662-9507	DEFECT AND DIFFUSION FORUM	B2	
1024-2694	DEFENCE AND PEACE ECONOMICS	A2	
0011-748X	DEFENCE SCIENCE JOURNAL	A3	
2526-5180	DELICTAE - REVISTA DE ESTUDOS INTERDISCIPLINARES SOBRE O DELITO (ONLINE)	A4	
1988-5245	DELOS: DESARROLLO LOCAL SOSTENIBLE	B2	
1678-460X	DELTA. DOCUMENTAÇÃO DE ESTUDOS EM LINGUÍSTICA TEÓRICA E APLICADA	A1	
1980-5764	DEMENTIA & NEUROPSYCHOLOGIA	B2	
1420-8008	DEMENTIA AND GERIATRIC COGNITIVE DISORDERS	A3	
1421-9824	DEMENTIA AND GERIATRIC COGNITIVE DISORDERS (ONLINE)	A3	
1471-3012	DEMENTIA (LONDON)	A1	
2238-913X	DEMETRA: ALIMENTAÇÃO, NUTRIÇÃO & SAÚDE	B3	
2175-9391	DEMOCRACIA DIGITAL E GOVERNO ELETRÔNICO	B1	
2164-7992	DEMOCRACY & EDUCATION (ONLINE)	C	
1982-5234	DEMOCRATIZAR (FAETEC)	B3	
0126-8023	DENTAL JOURNAL OF MALAYSIA	C	
0109-5641	DENTAL MATERIALS	A1	
0287-4547	DENTAL MATERIALS JOURNAL	A2	
2176-9451	DENTAL PRESS JOURNAL OF ORTHODONTICS	A4	
2177-6709	DENTAL PRESS JOURNAL OF ORTHODONTICS	A4	
2641-7413	DENTAL RESEARCH AND ORAL HEALTH	C	
1735-3327	DENTAL RESEARCH JOURNAL	B1	
1600-9657	DENTAL TRAUMATOLOGY (ONLINE)	A1	
1600-4469	DENTAL TRAUMATOLOGY (PRINT)	A1	
2304-6767	DENTISTRY JOURNAL	C	
2772-5596	DENTISTRY REVIEW	C	
0250-832X	DENTO-MAXILLO-FACIAL RADIOLOGY	A1	
0014-0309	DER ERWERBSOBSTBAU (HEIDELBERG)	B1	
0933-7016	DER GESUNDHEITSBERATER	C	
2764-1465	DERBYANA	B2	
0121-0483	DERECHO PENAL Y CRIMINOLOGÍA	A1	
2224-4131	DERECHO Y CAMBIO SOCIAL	A2	
2539-2344	DERECHOS INTELECTUALES (ONLINE)	C	
2673-6179	DERMATO	C	
1076-0512	DERMATOLOGIC SURGERY	A2	
1529-8019	DERMATOLOGIC THERAPY	A1	
2317-949X	DESAFIO ONLINE	A4	
2359-3652	DESAFIOS: REVISTA INTERDISCIPLINAR DA UNIVERSIDADE FEDERAL DO TOCANTINS	A4	
0011-9164	DESALINATION (AMSTERDAM)	A1	
1944-3986	DESALINATION AND WATER TREATMENT (ONLINE)	B1	
1944-3994	DESALINATION AND WATER TREATMENT (PRINT)	B1	
2545-7284	DESCENTRADA - REVISTA INTERDISCIPLINARIA DE FEMINISMOS Y GÉNERO	A3	
2236-5400	DESENREDO	A3	
2316-5537	DESENVOLVE: REVISTA DE GESTÃO DA UNILASALLE	B3	
2176-9109	DESENVOLVIMENTO E MEIO AMBIENTE	A3	
1518-952X	DESENVOLVIMENTO E MEIO AMBIENTE (UFPR)	A3	
2184-2647	DESENVOLVIMENTO E SOCIEDADE - REVISTA INTERDISCIPLINAR EM CIÊNCIAS SOCIAIS	B1	
2176-9257	DESENVOLVIMENTO EM DEBATE	B1	
2237-6453	DESENVOLVIMENTO EM QUESTÃO	B1	
1678-4855	DESENVOLVIMENTO EM QUESTÃO	B1	
2594-5815	DESENVOLVIMENTO, FRONTEIRAS E CIDADANIA	B2	
2676-0495	DESENVOLVIMENTO REGIONAL COM POLÍTICAS ECONÔMICAS ESTRATÉGICAS E SUSTENTÁVEIS	B3	
2237-9029	DESENVOLVIMENTO REGIONAL EM DEBATE	A3	
2595-9387	DESENVOLVIMENTO RURAL INTERDISCIPLINAR	B1	
2446-5496	DESENVOLVIMENTO SOCIOECONÔMICO EM DEBATE	B1	
2318-9282	DESIDADES - REVISTA CIENTÍFICA DA INFÂNCIA, ADOLESCÊNCIA E JUVENTUDE	B1	
2040-8633	DESIGN & TECHNOLOGY EDUCATION	B3	
1572-8080	DESIGN AUTOMATION FOR EMBEDDED SYSTEMS (DORDRECHT. ONLINE)	B2	
2178-1974	DESIGN E TECNOLOGIA	A1	
2763-8871	DESIGN EM QUESTÃO	B3	
2473-5132	DESIGN FOR HEALTH	A3	
0142-694X	DESIGN STUDIES	A1	
1578-4223	DESIGNIS (BARCELONA)	B1	
2675-0597	DESLOCAMENTOS (ONLINE)	B3	
1678-2461	DESTAQUE JURÍDICO	C	
2176-3070	DESTAQUES ACADÊMICOS	A3	
1677-0013	DESTARTE (FESV)	B3	
2237-2113	DESTARTE. REVISTA DE ADMINISTRAÇÃO, COMUNICAÇÃO SOCIAL E TURISMO DA ESTÁCIO DE SÁ DE VITÓRIA.	B3	
2763-518X	(DES)TROÇOS	B2	
2611-4135	DETRITUS	B1	
0012-0413	DEUTSCHE LEBENSMITTEL-RUNDSCHAU	B4	
1471-8847	DEVELOPING WORLD BIOETHICS	B1	
1471-8731	DEVELOPING WORLD BIOETHICS (PRINT)	B1	
0950-1991	DEVELOPMENT (CAMBRIDGE)	A2	
0950-6764	DEVELOPMENT POLICY REVIEW (PRINT)	A2	
0145-305X	DEVELOPMENTAL AND COMPARATIVE IMMUNOLOGY	A1	
0012-1606	DEVELOPMENTAL BIOLOGY (PRINT)	A4	
0012-1622	DEVELOPMENTAL MEDICINE AND CHILD NEUROLOGY (PRINT)	A1	
1751-8423	DEVELOPMENTAL NEUROREHABILITATION	A3	
1751-8431	DEVELOPMENTAL NEUROREHABILITATION (ONLINE)	A3	
0378-5866	DEVELOPMENTAL NEUROSCIENCE	A4	
0012-1649	DEVELOPMENTAL PSYCHOLOGY	A1	
0378-7931	DÉVIANCE ET SOCIÉTÉ (REVUE)	B3	
2526-849X	DEVIR EDUCAÇÃO	A3	
2764-9938	D'GENERUS	B2	
1871-4021	DIABETES & METABOLIC SYNDROME (PRINT)	A1	
2666-9706	DIABETES EPIDEMIOLOGY AND MANAGEMENT	B3	
1178-7007	DIABETES, METABOLIC SYNDROME AND OBESITY: TARGETS AND THERAPY	A3	
1463-1326	DIABETES, OBESITY AND METABOLISM	A1	
0168-8227	DIABETES RESEARCH AND CLINICAL PRACTICE (PRINT)	A1	
1520-9156	DIABETES TECHNOLOGY & THERAPEUTICS	A1	
1520-7560	DIABETES/METABOLISM RESEARCH AND REVIEWS (ONLINE)	A1	
0012-186X	DIABETOLOGIA (BERLIN)	A1	
1758-5996	DIABETOLOGY & METABOLIC SYNDROME	A2	
2183-9174	DIACRÍTICA (ON LINE)	A1	
2038-0925	DIACRONIE. STUDI DI STORIA CONTEMPORANEA	A3	
1980-2552	DIADORIM (RIO DE JANEIRO)	A2	
8755-1039	DIAGNOSTIC CYTOPATHOLOGY (PRINT)	B1	
0732-8893	DIAGNOSTIC MICROBIOLOGY AND INFECTIOUS DISEASE	A4	
1413-9979	DIAGNÓSTICO & TRATAMENTO	B3	
2075-4418	DIAGNOSTICS	A2	
2976-0232	DIAITA: FOOD & HERITAGE (ONLINE)	C	
1983-9294	DIALOGIA	A3	
1677-1303	DIALOGIA (UNINOVE. IMPRESSO)	A3	
2525-2828	DIÁLOGO COM A ECONOMIA CRIATIVA	B2	
2175-3687	DIÁLOGO E INTERAÇÃO	B2	
1678-0493	DIÁLOGOS & CIÊNCIA (ONLINE)	B2	
2764-0795	DIÁLOGOS E DIVERSIDADE	B1	
2358-8845	DIÁLOGOS E PERSPECTIVAS EM EDUCAÇÃO ESPECIAL	A3	
2675-682X	DIÁLOGOS E PERSPECTIVAS INTERVENTIVAS	B3	
2525-7420	DIÁLOGOS EM CONTABILIDADE: TEORIA E PRÁTICA	B3	
2965-1956	DIÁLOGOS INTERDISCIPLINARES EM PSIQUIATRIA E SAÚDE MENTAL - DIPSM (ONLINE)	B4	
1600-0110	DIÁLOGOS LATINOAMERICANOS	B1	
2177-2940	DIÁLOGOS (MARINGA)	A1	
2177-9856	DIÁLOGOS PERTINENTES	B4	
1677-7603	DIÁLOGOS POSSÍVEIS (FSBA)	A4	
2447-9047	DIÁLOGOS POSSÍVEIS (ONLINE)	A4	
2764-9717	DIÁLOGOS SOBERANIA E CLIMA	B1	
2764-8257	DIÁLOGOS SONOROS	B1	
2772-6533	DIALOGUES IN HEALTH	B3	
2043-8206	DIALOGUES IN HUMAN GEOGRAPHY	A1	
0925-9635	DIAMOND AND RELATED MATERIALS	A2	
2238-9709	DIAPHORA - REVISTA DA SOCIEDADE DE PSICOLOGIA DO RIO GRANDE DO SUL	B2	
2959-1074	DICTUM (ONLINE)	B1	
0214-4379	DIDÁCTICA DE LAS CIENCIAS EXPERIMENTALES Y SOCIALES	A2	
2462-2737	DIDACTICAE	A4	
0013-9998	DIE ERDE (BERLIN)	A3	
0163-2116	DIGESTIVE DISEASES AND SCIENCES	A2	
2212-0548	DIGITAL APPLICATIONS IN ARCHAEOLOGY AND CULTURAL HERITAGE (ONLINE)	A1	
2772-5081	DIGITAL CHEMICAL ENGINEERING	A4	
2524-6186	DIGITAL FINANCE	B1	
2055-2076	DIGITAL HEALTH	A3	
2810-9309	DIGITAL MANUFACTURING TECHNOLOGY	B3	
1051-2004	DIGITAL SIGNAL PROCESSING (PRINT)	A2	
2949-6861	DIGITAL TRANSLATION (PRINT)	A2	
2525-698X	DIGNIDADE RE-VISTA	B3	
2785-2245	DIID DISEGNO INDUSTRIALE INDUSTRIAL DESIGN (ONLINE)	A2	
0325-576X	DIKE	C	
2595-1742	DIKÉ	B1	
1517-509X	DIKÉ (ILHÉUS)	B1	
2178-3519	DIKÉ (ITABIRITO)	C	
2178-2792	DILEMAS	A2	
1983-5922	DILEMAS: REVISTA DE ESTUDOS DE CONFLITO E CONTROLE SOCIAL	A2	
2316-4034	DI@LOGUS	B2	
2179-8869	DIMENSÕES: REVISTA DE HISTÓRIA DA UFES	A1	
2317-7721	DIREITO DA CIDADE	A2	
2178-2466	DIREITO E JUSTIÇA: REFLEXÕES SOCIOJURÍDICAS	A3	
1676-8558	DIREITO E JUSTIÇA (URI)	A3	
2177-1758	DIREITO E LIBERDADE.	A3	
0103-9040	DIREITO EM DEBATE	A2	
2595-9816	DIREITO EM REVISTA - FACULDADE DE ILHÉUS	C	
1516-6104	DIREITO, ESTADO E SOCIEDADE (IMPRESSO)	A1	
2764-8907	DIREITO, PROCESSO E CIDADANIA	B1	
1415-8124	DIREITO TRIBUTÁRIO ATUAL	B1	
1808-4435	DIREITO UNIFACS	A2	
1980-7805	DIREITOS CULTURAIS	A3	
2177-1499	DIREITOS CULTURAIS (ONLINE)	A3	
1982-1921	DIREITOS FUNDAMENTAIS & JUSTIÇA	A1	
2527-0001	DIREITOS FUNDAMENTAIS & JUSTIÇA (ONLINE)	A1	
2965-4432	DIREITOS HUMANOS E TRANSDISCIPLINARIDADE (ONLINE)	C	
2447-0023	DIREITOS, TRABALHO E POLÍTICA SOCIAL	B1	
2318-9908	DIREITO.UNB	A2	
2357-8009	DIREITO.UNB	A2	
1876-7583	DISABILITY AND HEALTH JOURNAL	A1	
0963-8288	DISABILITY AND REHABILITATION	A2	
1748-3115	DISABILITY AND REHABILITATION: ASSISTIVE TECHNOLOGY	A1	
1464-5165	DISABILITY AND REHABILITATION (ONLINE)	A2	
1935-7893	DISASTER MEDICINE AND PUBLIC HEALTH PREPAREDNESS	A1	
2179-6890	DISCIPLINARIUM SCIENTIA. SÉRIE CIÊNCIAS HUMANAS (ONLINE)	B1	
2177-3335	DISCIPLINARUM SCIENTIA	B2	
2318-678X	DISCIPLINARUM SCIENTIA	A4	
2176-462X	DISCIPLINARUM SCIENTIA. SÉRIE CIÊNCIAS NATURAIS E TECNOLÓGICAS	A4	
3004-894X	DISCOVER ANIMALS (ONLINE)	C	
3004-9261	DISCOVER APPLIED SCIENCES (ONLINE)	A2	
2731-0809	DISCOVER ARTIFICIAL INTELLIGENCE	A4	
2731-9431	DISCOVER ENVIRONMENT - JOURNAL LIST (ONLINE)	B3	
2730-7727	DISCOVER MATERIALS	A3	
2731-6564	DISCOVER MECHANICAL ENGINEERING	B4	
2731-9229	DISCOVER NANO	B4	
2730-6011	DISCOVER ONCOLOGY	A4	
3005-0774	DISCOVER PUBLIC HEALTH (ONLINE)	C	
2662-9984	DISCOVER SUSTAINABILITY	A3	
2730-647X	DISCOVER WATER	B4	
1432-0444	DISCRETE AND COMPUTATIONAL GEOMETRY (INTERNET)	A3	
1937-1632	DISCRETE AND CONTINUOUS DYNAMICAL SYSTEMS. SERIES S	A3	
0166-218X	DISCRETE APPLIED MATHEMATICS	A2	
1573-7594	DISCRETE EVENT DYNAMIC SYSTEMS (ONLINE)	A3	
0012-365X	DISCRETE MATHEMATICS	A2	
2318-8863	DISCURSO	A1	
0103-328X	DISCURSO - DEPARTAMENTO DE FILOSOFIA DA FFLCH DA USP	A1	
1887-4606	DISCURSO & SOCIEDAD	A2	
1984-7939	DISCURSOS FOTOGRÁFICOS	A4	
1234-3099	DISCUSSIONES MATHEMATICAE. GRAPH THEORY	A3	
2079-9721	DISEASES	C	
1856-9536	DISERTACIONES: ANUARIO ESTUDIOS EN COMUNICACIÓN SOCIAL	A1	
0141-9382	DISPLAYS (GUILDFORD)	A2	
2237-9967	DISPOSITIVA	A4	
1413-9448	DISSERTATIO (UFPEL)	A2	
2594-5025	DISSONÂNCIA: REVISTA DE TEORIA CRÍTICA	A4	
0102-762X	DISTÚRBIOS DA COMUNICAÇÃO	B2	
2176-2724	DISTÚRBIOS DA COMUNICAÇÃO	B2	
1984-2376	DITO EFEITO	A4	
1983-8921	DIVERS@! (MATINHOS)	B3	
2527-0044	DIVERSIDADE E GESTÃO (ONLINE)	C	
2764-5444	DIVERSITÀ: REVISTA MULTIDISCIPLINAR DO CENTRO UNIVERSITÁRIO CIDADE VERDE	B1	
2525-5215	DIVERSITAS JOURNAL	A2	
1424-2818	DIVERSITY	A3	
2965-3436	DIVULGA-CI (ONLINE)	C	
0972-2211	DIVYADAAN: JOURNAL OF PHILOSOPHY AND EDUCATION (PRINT)	C	
1679-6101	DLCV (UFPB)	B3	
2673-8856	DNA	C	
1568-7864	DNA REPAIR (PRINT)	A3	
2358-0003	DOBRA[S] – REVISTA DA ASSOCIAÇÃO BRASILEIRA DE ESTUDOS DE PESQUISAS EM MODA	A1	
1982-0313	DOBRA[S]: REVISTA DA ASSOCIAÇÃO BRASILEIRA DE ESTUDOS DE PESQUISAS EM MODA	A1	
1646-477X	DOC ON-LINE: REVISTA DIGITAL DE CINEMA DOCUMENTARIO	A3	
0012-4486	DOCUMENTA OPHTHALMOLOGICA	A3	
0210-4210	DOCUMENTACION DE LAS CIENCIAS DE LA INFORMACION	A3	
1677-1915	DOCUMENTOS - EMBRAPA AGROINDÚSTRIA TROPICAL	B1	
0102-0110	DOCUMENTOS (CENTRO NACIONAL DE RECURSOS GENÉTICOS E BIOTECNOLOGIA)	B1	
2594-391X	DOCUMENTOS DE ECONOMIA E POLÍTICAS PÚBLICAS	B4	
1666-4124	DOCUMENTOS Y APORTES EN ADMINISTRACIÓN PÚBLICA Y GESTIÓN ESTATAL	B2	
1851-3727	DOCUMENTOS Y APORTES EN ADMINISTRACIÓN PÚBLICA Y GESTIÓN ESTATAL	B2	
2179-7412	DOIS PONTOS (UFPR) DIGITAL	A2	
2596-0601	DOM HELDER REVISTA DE DIREITO	A3	
0739-7240	DOMESTIC ANIMAL ENDOCRINOLOGY	A1	
2237-9126	DOMÍNIOS DA IMAGEM	A3	
1982-2766	DOMÍNIOS DA IMAGEM (UEL)	A3	
1980-5799	DOMÍNIOS DE LINGU@GEM	A2	
2182-5580	DOS ALGARVES	B2	
2594-8385	DOXA	A4	
1413-2060	DOXA: REVISTA BRASILEIRA DE PSICOLOGIA E EDUCAÇÃO	A4	
2037-6677	DPCE ONLINE	A2	
2594-7796	DRAMATURGIA EM FOCO	B2	
2525-9105	DRAMATURGIAS. REVISTA DO LABORATÓRIO DE DRAMATURGIA (LADI-UNB)	A1	
2175-6716	DROPS (SÃO PAULO)	B3	
2527-2616	DRUG ANALYTICAL RESEARCH	C	
0959-5236	DRUG AND ALCOHOL REVIEW	A2	
0148-0545	DRUG AND CHEMICAL TOXICOLOGY (NEW YORK, N.Y. 1978)	A2	
1071-7544	DRUG DELIVERY	A1	
2190-393X	DRUG DELIVERY AND TRANSLATIONAL RESEARCH	A1	
0363-9045	DRUG DEVELOPMENT AND INDUSTRIAL PHARMACY (PRINT)	A2	
1359-6446	DRUG DISCOVERY TODAY	A1	
1170-229X	DRUGS & AGING	A3	
2813-2998	DRUGS AND DRUG CANDIDATES	C	
1745-1981	DRUGS IN CONTEXT - (IMPRESSA)	A1	
0737-3937	DRYING TECHNOLOGY	A2	
2177-8264	DST BRAZILIAN JOURNAL OF SEXUALLY TRANSMITTED DISEASES	B3	
2179-507X	DUC IN ALTUM CADERNOS DE DIREITO	A4	
2064-5007	DUNAKAVICS	B3	
0143-7208	DYES AND PIGMENTS	A1	
0012-7353	DYNA (MEDELLÍN)	B1	
0377-0265	DYNAMICS OF ATMOSPHERES AND OCEANS	A3	
0104-0405	DYNAMIS (BLUMENAU)	A4	
1982-4866	DYNAMIS (FURB. ONLINE)	A4	
1076-9242	DYSLEXIA (CHICHESTER, ENGLAND. PRINT)	A2	
0179-051X	DYSPHAGIA (NEW YORK. PRINT)	A1	
2675-8539	E-ACADÊMICA	C	
2318-4051	EAD & TECNOLOGIAS DIGITAIS NA EDUCAÇÃO	B1	
2177-8310	EAD EM FOCO - REVISTA DE EDUCAÇÃO A DISTÂNCIA	A1	
2215-3462	E-AGRONEGOCIOS	B3	
1538-4667	EAR & HEARING	A1	
0145-5613	EAR, NOSE, & THROAT JOURNAL	A4	
0378-3782	EARLY HUMAN DEVELOPMENT	A2	
2673-4834	EARTH	C	
2333-5084	EARTH AND SPACE SCIENCE	A2	
1865-0473	EARTH SCIENCE INFORMATICS (PRINT)	A3	
1794-6190	EARTH SCIENCES RESEARCH JOURNAL	B1	
2589-8116	EARTH SYSTEM GOVERNANCE	A2	
2509-9426	EARTH SYSTEMS AND ENVIRONMENT	A1	
0012-8252	EARTH-SCIENCE REVIEWS	A1	
2040-557X	EASYCHAIR PROCEEDINGS IN COMPUTING	B2	
1590-1262	EATING AND WEIGHT DISORDERS (ONLINE)	A2	
1471-0153	EATING BEHAVIORS	A3	
2352-3964	EBIOMEDICINE	A1	
1647-0737	E-CADERNOS CES (ONLINE)	B3	
1754-6605	ECANCER MEDICAL JOURNAL	B1	
2177-5087	ECCOM - EDUCAÇÃO, CULTURA E COMUNICAÇÃO	A3	
1517-1949	ECCOS REVISTA CIENTÍFICA (IMPRESSO)	A1	
1983-9278	ECCOS REVISTA CIENTÍFICA (ONLINE)	A1	
1984-2716	E-CIVITAS (BELO HORIZONTE)	B1	
1678-4618	ECLÉTICA QUÍMICA	B1	
0100-4670	ECLÉTICA QUÍMICA (UNESP. ARARAQUARA. IMPRESSO)	B1	
2589-5370	ECLINICALMEDICINE	A1	
1600-0587	ECOGRAPHY	A1	
1612-9202	ECOHEALTH (NEW YORK. PRINT)	A3	
2447-7052	ECOLINGUÍSTICA: REVISTA BRASILEIRA DE ECOLOGIA E LINGUAGEM	A3	
1667-782X	ECOLOGÍA AUSTRAL (EN LÍNEA)	B3	
2316-980X	ECOLOGIA E NUTRIÇÃO FLORESTAL	B4	
1130-6378	ECOLOGÍA POLÍTICA	A3	
2604-6091	ECOLOGIA POLÍTICA (ONLINE)	A3	
2447-3170	ECOLOGIAS HUMANAS: REVISTA DA SOCIEDADE BRASILEIRA DE ECOLOGIA HUMANA	B4	
1051-0761	ECOLOGICAL APPLICATIONS	A1	
1476-945X	ECOLOGICAL COMPLEXITY (PRINT)	A1	
0921-8009	ECOLOGICAL ECONOMICS (AMSTERDAM)	A1	
0925-8574	ECOLOGICAL ENGINEERING	A1	
0307-6946	ECOLOGICAL ENTOMOLOGY (PRINT)	A2	
1470-160X	ECOLOGICAL INDICATORS	A1	
1574-9541	ECOLOGICAL INFORMATICS (PRINT)	A1	
0304-3800	ECOLOGICAL MODELLING	A2	
2192-1709	ECOLOGICAL PROCESSES	A1	
0912-3814	ECOLOGICAL RESEARCH	A3	
2673-4133	ECOLOGIES	B1	
1939-9170	ECOLOGY	A1	
2045-7758	ECOLOGY AND EVOLUTION	A3	
1708-3087	ECOLOGY AND SOCIETY: A JOURNAL OF INTEGRATIVE SCIENCE FOR RESILIENCE AND SUSTAINABILITY	A2	
0012-9658	ECOLOGY (BROOKLYN, NEW YORK, N.Y.)	A1	
1461-0248	ECOLOGY LETTERS	A1	
0367-0244	ECOLOGY OF FOOD AND NUTRITION	A4	
1600-0633	ECOLOGY OF FRESHWATER FISH	A3	
1983-0890	E-COM (BELO HORIZONTE)	B1	
1808-2599	E-COMPÓS (BRASÍLIA)	A1	
1517-7580	ECONOMIA	A1	
2317-627X	ECONOMIA & REGIÃO	B1	
1126-1668	ECONOMIA AGRO-ALIMENTARE	B1	
1413-8050	ECONOMIA APLICADA (IMPRESSO)	A3	
1980-5330	ECONOMIA APLICADA (ONLINE)	A3	
2595-833X	ECONOMIA E DESENVOLVIMENTO (SANTA MARIA, ONLINE)	B1	
2318-647X	ECONOMIA E POLÍTICAS PÚBLICAS	B3	
1982-3533	ECONOMIA E SOCIEDADE (UNICAMP)	A2	
0104-0618	ECONOMIA E SOCIEDADE (UNICAMP. IMPRESSO)	A2	
1983-1994	ECONOMIA ENSAIOS	B1	
0102-2482	ECONOMIA ENSAIOS (UFU. IMPRESSO)	B1	
1984-0756	ECONOMIA POLÍTICA DO DESENVOLVIMENTO	B3	
2448-6183	ECONOMÍA, SOCIEDAD Y TERRITORIO	A4	
2178-0587	ECONOMIC ANALYSIS OF LAW REVIEW	A2	
0013-0001	ECONOMIC BOTANY	A2	
1842-3264	ECONOMIC COMPUTATION AND ECONOMIC CYBERNETICS STUDIES AND RESEARCH (ONLINE)	B1	
0361-0128	ECONOMIC GEOLOGY AND THE BULLETIN OF THE SOCIETY OF ECONOMIC GEOLOGISTS	A1	
0939-3625	ECONOMIC SYSTEMS	A1	
0953-5314	ECONOMIC SYSTEMS RESEARCH (PRINT)	A3	
2499-8265	ECONOMICA INTERNAZIONALE / INTERNATIONAL ECONOMICS (ONLINE)	B3	
1517-1302	ECONÔMICA (NITERÓI)	B1	
1545-2921	ECONOMICS BULLETIN	A2	
2616-7107	ECONOMICS. ECOLOGY. SOCIUM.	A3	
1043-8599	ECONOMICS OF INNOVATION AND NEW TECHNOLOGY	A1	
2105-2581	ÉCONOMIE RURALE	A2	
2227-7099	ECONOMIES	A1	
2524-0072	ECONOMY AND SOCIETY	A3	
2594-1712	ECOPEDAGÓGICA (ONLINE)	B3	
1942-9347	ECOPSYCHOLOGY	A4	
2316-3933	ECOS ONLINE	A4	
1195-6860	ÉCOSCIENCE (SAINTE-FOY)	A4	
2795-4811	ECOSSOCIALISMO (PRINT)	C	
2212-0416	ECOSYSTEM SERVICES	A1	
1432-9840	ECOSYSTEMS (NEW YORK. PRINT)	A1	
2317-9643	ECOTOXICOLOGY AND ENVIRONMENTAL CONTAMINATION	B4	
0147-6513	ECOTOXICOLOGY AND ENVIRONMENTAL SAFETY	A1	
0963-9292	ECOTOXICOLOGY (LONDON)	A2	
2675-8946	ECOTURISMO & CONSERVAÇÃO	B4	
2162-8769	ECS JOURNAL OF SOLID STATE SCIENCE AND TECHNOLOGY	A4	
1862-2879	EDI JOURNAL: EUROPEAN JOURNAL FOR DENTAL IMPLANTOLOGISTS (PRINT)	C	
2359-2087	EDUCA - REVISTA MULTIDISCIPLINAR EM EDUCAÇÃO	A4	
2792-7660	EDUCA REVISTA INTERNACIONAL PARA LA CALIDAD EDUCATIVA	B3	
2594-4444	EDUCAÇÃO & ENSINO	B1	
1415-9902	EDUCAÇÃO & LINGUAGEM	A4	
2176-1043	EDUCAÇÃO & LINGUAGEM (ONLINE)	A4	
2237-6011	EDUCAÇÃO - REVISTA CIENTÍFICA DO CENTRO UNIVERSITÁRIO CLARETIANO	B2	
1678-4626	EDUCAÇÃO & SOCIEDADE	A1	
0101-7330	EDUCAÇÃO & SOCIEDADE (IMPRESSO)	A1	
2447-5971	EDUCAÇÃO BÁSICA REVISTA	B1	
2237-1648	EDUCAÇÃO, CULTURA E SOCIEDADE	B1	
1807-2194	EDUCAÇÃO E CULTURA CONTEMPORÂNEA	A2	
2238-1279	EDUCAÇÃO E CULTURA CONTEMPORÂNEA (ONLINE)	A2	
1677-6097	EDUCAÇÃO E EMANCIPAÇÃO (UFMA)	A3	
1982-596X	EDUCAÇÃO E FILOSOFIA (ONLINE)	A2	
0102-6801	EDUCAÇÃO E FILOSOFIA (UFU. IMPRESSO)	A2	
1678-4634	EDUCAÇÃO E PESQUISA	A1	
1517-9702	EDUCAÇÃO E PESQUISA (USP.IMPRESSO)	A1	
2238-8346	EDUCAÇÃO E POLÍTICAS EM DEBATE	A3	
2175-6236	EDUCACAO E REALIDADE	A1	
0100-3143	EDUCAÇÃO E REALIDADE	A1	
2448-2145	EDUCAÇÃO E (TRANS)FORMAÇÃO	B1	
2448-0320	EDUCAÇÃO EM ANÁLISE	A4	
0102-1117	EDUCAÇÃO EM DEBATE (UFC)	A3	
1809-1830	EDUCAÇÃO EM FOCO (BELO HORIZONTE. 2005)	B3	
1519-3322	EDUCAÇÃO EM FOCO (UEMG)	A3	
2317-0093	EDUCAÇÃO EM FOCO (UEMG) ONLINE	A3	
2447-5246	EDUCAÇÃO EM FOCO (UFJF) ONLINE	A3	
0104-3293	EDUCAÇÃO EM FOCO (UFJF) PRINT	A3	
2178-8359	EDUCACAO EM PERSPECTIVA (ONLINE)	A4	
2236-5192	EDUCAÇÃO EM REVISTA	A3	
0102-4698	EDUCAÇÃO EM REVISTA (UFMG - IMPRESSO)	A1	
1982-6621	EDUCAÇÃO EM REVISTA (UFMG - ONLINE)	A1	
1518-7926	EDUCAÇÃO EM REVISTA (UNESP. MARÍLIA)	A3	
2594-4002	EDUCAÇÃO, ESCOLA & SOCIEDADE (ONLINE)	B1	
1983-2540	EDUCAÇÃO, ESCOLA E SOCIEDADE	B1	
1646-933X	EDUCACAO, FORMACAO & TECNOLOGIAS	A2	
9786-5813	EDUCAÇÃO INFANTIL: UMA VISÃO MULTIDISCIPLINAR	C	
2526-6136	EDUCAÇÃO MATEMÁTICA DEBATE	A2	
1981-6979	EDUCAÇÃO MATEMÁTICA EM FOCO (UFPB)	B1	
2317-904X	EDUCAÇÃO MATEMÁTICA EM REVISTA	A2	
1517-3941	EDUCAÇÃO MATEMÁTICA EM REVISTA (SÃO PAULO)	A2	
1518-8221	EDUCAÇÃO MATEMÁTICA EM REVISTA-RS	B1	
1516-5388	EDUCAÇÃO MATEMÁTICA PESQUISA (IMPRESSO)	A1	
1983-3156	EDUCAÇÃO MATEMÁTICA PESQUISA (ONLINE)	A1	
1809-3760	EDUCAÇÃO ON-LINE (PUCRJ)	A4	
2179-8435	EDUCAÇÃO POR ESCRITO PUCRS	A4	
0101-465X	EDUCAÇÃO (PORTO ALEGRE)	A1	
2594-4827	EDUCAÇÃO PROFISSIONAL E TECNOLÓGICA EM REVISTA	A3	
1981-2582	EDUCAÇÃO (PUCRS)	A1	
2527-0915	EDUCAÇÃO QUÍMICA EN PUNTO DE VISTA	A3	
1984-6444	EDUCAÇÃO (SANTA MARIA. ONLINE)	A1	
2675-9993	EDUCAÇÃO SEM DISTÂNCIA	A4	
0872-7643	EDUCAÇÃO, SOCIEDADE & CULTURAS	A2	
2184-8408	EDUCAÇÃO, SOCIEDADE & CULTURAS	A2	
1676-2592	EDUCAÇÃO TEMÁTICA DIGITAL	A1	
1981-8106	EDUCAÇÃO: TEORIA E PRÁTICA	A2	
0101-9031	EDUCAÇÃO (UFSM)	A1	
1519-387X	EDUCAÇÃO UNISINOS	A2	
2177-6210	EDUCAÇÃO UNISINOS (ONLINE)	A2	
2358-7504	EDUCAÇÃO,CIÊNCIA E SAÚDE	B2	
1134-0258	EDUCACIÓ I HISTÒRIA: REVISTA D'HISTÒRIA DE L'EDUCACIÓ	B1	
1514-0105	EDUCACIÓN FÍSICA Y CIENCIA	B1	
2314-2561	EDUCACIÓN FÍSICA Y CIENCIA	B1	
1019-9403	EDUCACIÓN (LIMA. 1992)	A3	
1575-1813	EDUCACIÓN MÉDICA (ED. IMPRESA)	A1	
1870-8404	EDUCACION QUIMICA	A1	
0187-893X	EDUCACIÓN QUÍMICA	A1	
2610-7759	EDUCACIÓN SUPERIOR Y SOCIEDAD	A3	
2358-1468	EDUCAMAZÔNIA	A4	
1984-0411	EDUCAR EM REVISTA	A1	
0104-4060	EDUCAR EM REVISTA (IMPRESSO)	A1	
1360-2357	EDUCATION AND INFORMATION TECHNOLOGIES	A1	
1916-8659	ÉDUCATION ET FRANCOPHONIE (ONLINE)	A3	
1749-7728	EDUCATION FOR CHEMICAL ENGINEERS	A1	
2444-8729	EDUCATION IN THE KNOWLEDGE SOCIETY - EKS	A3	
0339-7513	EDUCATION PERMANENTE	A4	
2227-7102	EDUCATION SCIENCES	C	
0360-1277	EDUCATIONAL GERONTOLOGY	A4	
1469-5812	EDUCATIONAL PHILOSOPHY AND THEORY (ONLINE)	A1	
1042-1629	EDUCATIONAL TECHNOLOGY RESEARCH AND DEVELOPMENT	A1	
2583-3928	EDUCATION@ETMA	B4	
2318-3047	EDUCATIONIS	C	
1983-7771	EDUCATIVA (GOIÂNIA. ONLINE)	A2	
2532-3091	EDUCAZIONE APERTA	B4	
1809-5208	EDUCERE ET EDUCARE (IMPRESSO)	A4	
1981-4712	EDUCERE ET EDUCARE (VERSÃO ELETRÔNICA)	A4	
1982-1123	EDUCERE: REVISTA DA EDUCAÇÃO DA UNIPAR (ONLINE)	A3	
1519-0099	EDUCERE (UMUARAMA. IMPRESSO)	A3	
1579-0207	EDUPSYKHÉ	B4	
2695-9917	EDUREVIEW INTERNATIONAL EDUCATION AND LEARNING REVIEW	B3	
1645-4774	EDUSER	A2	
2667-0410	EFB BIOECONOMY JOURNAL	A4	
1646-8848	EGITANIA SCIENCIA	B2	
1110-1768	EGYPTIAN JOURNAL OF BIOLOGICAL PEST CONTROL	A2	
2090-5939	EGYPTIAN JOURNAL OF FORENSIC SCIENCES	A2	
2090-6226	EGYPTIAN LIVER JOURNAL	B2	
2237-6984	EIDA REVISTA ELETRÔNICA DE ESTUDOS INTEGRADOS EM DISCURSO E ARGUMENTAÇÃO	A2	
1885-5679	EIKASIA - REVISTA DE FILOSOFÍA	A3	
2317-6385	EINSTEIN (SAO PAULO)	A4	
1679-4508	EINSTEIN (SÃO PAULO)	A4	
2053-8626	E-INTERNATIONAL RELATIONS	B1	
2359-1269	EIXOS TECH	B4	
2317-1839	EJA EM DEBATE	A4	
2591-4669	EJES DE ECONOMÍA Y SOCIEDAD	B3	
1460-9568	EJN. EUROPEAN JOURNAL OF NEUROSCIENCE (ONLINE)	A3	
2365-421X	EJNMMI RADIOPHARMACY AND CHEMISTRY.	A1	
1645-6432	E-JOURNAL OF PORTUGUESE HISTORY	A4	
2316-4786	EKSTASIS REVISTA DE HERMENÊUTICA E FENOMENOLOGIA	A3	
2250-7116	EL OÍDO PENSANTE	A4	
1870-9036	EL PERIPLO SUSTENTABLE	B1	
1699-2407	EL PROFESIONAL DE LA INFORMACIÓN	A1	
2362-4191	EL TACO EN LA BREA	A4	
2382-4794	EL TALLER DE LA HISTORIA	A4	
1666-9606	E-LATINA (BUENOS AIRES)	B2	
1994-5272	ELECCIONES	A2	
1532-5008	ELECTRIC POWER COMPONENTS AND SYSTEMS	B1	
0378-7796	ELECTRIC POWER SYSTEMS RESEARCH (PRINT)	A3	
0948-7921	ELECTRICAL ENGINEERING (BERLIN. PRINT)	A4	
1521-4109	ELECTROANALYSIS	A3	
1868-2529	ELECTROCATALYSIS (PRINT)	A4	
2673-3293	ELECTROCHEM	A3	
1388-2481	ELECTROCHEMISTRY COMMUNICATIONS	A2	
0013-4686	ELECTROCHIMICA ACTA	A1	
1223-057X	ELECTROMOTION (CLUJ-NAPOCA)	B4	
1740-7494	ELECTRONIC GOVERNMENT	A4	
2070-5948	ELECTRONIC JOURNAL OF APPLIED STATISTICAL ANALYSIS	B2	
1072-6691	ELECTRONIC JOURNAL OF DIFFERENTIAL EQUATIONS	A4	
2516-3507	ELECTRONIC JOURNAL OF GENERAL MEDICINE	A2	
2673-3978	ELECTRONIC MATERIALS	B1	
2079-9292	ELECTRONICS	B1	
2175-0688	E-LEGIS	A4	
0392-7342	ELENCHOS (NAPOLI)	B3	
1414-8862	ELETRÔNICA DE POTÊNCIA (IMPRESSO)	B1	
2527-1393	ELEUTHERÍA	A4	
2050-084X	ELIFE	A1	
2316-4360	ÉLISÉE - REVISTA DE GEOGRAFIA DA UEG	A2	
2386-7620	ELOS. REVISTA DE LITERATURA INFANTIL E XUVENIL	A3	
0922-3444	ELSEVIER (AMSTERDAM)	B4	
2182-8954	ELYRA: REVISTA DA REDE INTERNACIONAL LYRACOMPOETICS	B1	
0104-1037	EM ABERTO	A2	
2526-5792	EM CONSTRUÇÃO	A1	
1518-6369	EM EXTENSÃO (UFU)	B2	
2448-0789	EM PERSPECTIVA	B1	
1808-5245	EM QUESTÃO	A1	
1807-8893	EM QUESTÃO (UFRGS. IMPRESSO)	A1	
2595-7716	EM SOCIEDADE	B3	
2177-9309	EM TEIA - REVISTA DE EDUCAÇÃO MATEMÁTICA E TECNOLÓGICA IBEROAMERICANA	A4	
2316-1191	EM TEMPO DE HISTÓRIAS	A4	
1982-0739	EM TESE (BELO HORIZONTE. ONLINE)	A2	
1806-5023	EM TESE (FLORIANÓPOLIS)	A4	
1982-7814	EMANCIPAÇÃO (ONLINE) (PONTA GROSSA)	A3	
1519-7611	EMANCIPAÇÃO (UEPG. IMPRESSO)	A3	
1808-7914	EMBLEMAS (UFG. CATALÃO)	C	
2522-5731	EMERGENT MATERIALS	A2	
2405-6642	EMERGING CONTAMINANTS (ONLINE)	A1	
1080-6059	EMERGING INFECTIOUS DISEASES (ONLINE)	A1	
1080-6040	EMERGING INFECTIOUS DISEASES (PRINT)	A1	
1540-496X	EMERGING MARKETS FINANCE AND TRADE	A1	
2594-2840	EMERGING TRENDS IN EDUCATION	A4	
2177-2312	E-METROPOLIS: REVISTA ELETRÔNICA DE ESTUDOS URBANOS E REGIONAIS	B4	
2079-052X	EMIRATES JOURNAL OF FOOD AND AGRICULTURE	B1	
2079-0538	EMIRATES JOURNAL OF FOOD AND AGRICULTURE (ONLINE)	B1	
2316-9303	E-MOSAICOS REVISTA MULTIDISCIPLINAR DE ENSINO, PESQUISA, EXTENSÃO E CULTURA DO INSTITUTO DE APLICAÇÃO FERNANDO RODRIGUES DA SILVEIRA (CAP-UERJ)	B1	
1755-4586	EMOTION, SPACE AND SOCIETY (PRINT)	A2	
1528-3542	EMOTION (WASHINGTON, D.C. PRINT)	A1	
0377-7332	EMPIRICAL ECONOMICS	A1	
1382-3256	EMPIRICAL SOFTWARE ENGINEERING	A2	
1573-7616	EMPIRICAL SOFTWARE ENGINEERING (DORDRECHT. ONLINE)	A2	
2446-7405	EMPORIO DO DIREITO	B1	
2238-0515	EMPREENDEDORISMO, GESTÃO E NEGÓCIOS REVISTA DO CURSO DE ADMINISTRAÇÃO	B4	
2317-2606	ENCICLOPEDIA BIOSFERA	B1	
2676-038X	ENCICLOPÉDIA DE ANTROPOLOGIA	B4	
1518-2924	ENCONTROS BIBLI (ONLINE)	A1	
2525-846X	ENCONTROS TEOLÓGICOS	A2	
2560-8371	ENCOUNTERS IN THEORY AND HISTORY OF EDUCATION	B2	
1925-8992	ENCOUNTERS IN THEORY AND HISTORY OF EDUCATION	B2	
2414-6625	ENCUENTRO LATINOAMERICANO ELA	B2	
1688-5236	ENCUENTROS URUGUAYOS (EN LÍNEA)	B3	
2673-8392	ENCYCLOPEDIA	B1	
1613-4796	ENDANGERED SPECIES RESEARCH	A2	
1559-0100	ENDOCRINE	A3	
1355-008X	ENDOCRINE (BASINGSTOKE)	A3	
2049-3614	ENDOCRINE CONNECTIONS	A3	
1530-891X	ENDOCRINE PRACTICE	A2	
1210-0668	ENDOCRINE REGULATIONS (PRINT)	B2	
1351-0088	ENDOCRINE-RELATED CANCER	A2	
2673-396X	ENDOCRINES	C	
1945-7170	ENDOCRINOLOGY	A2	
0013-7227	ENDOCRINOLOGY (PHILADELPHIA)	A2	
2666-6472	ENERGETIC MATERIALS FRONTIERS (ONLINE)	A2	
2359-6562	ENERGIA NA AGRICULTURA	B2	
1808-8759	ENERGIA NA AGRICULTURA	B2	
1996-1073	ENERGIES (BASEL)	A4	
1754-5706	ENERGY & ENVIRONMENTAL SCIENCE (ONLINE)	A1	
0887-0624	ENERGY & FUELS (PRINT)	A1	
2753-1457	ENERGY ADVANCES	A4	
2666-5468	ENERGY AND AI	A1	
0378-7788	ENERGY AND BUILDINGS	A1	
1947-3818	ENERGY AND POWER ENGINEERING	C	
0196-8904	ENERGY CONVERSION AND MANAGEMENT	A1	
2590-1745	ENERGY CONVERSION AND MANAGEMENT: X	A1	
0140-9883	ENERGY ECONOMICS	A1	
1570-6478	ENERGY EFFICIENCY (ONLINE)	A3	
1570-646X	ENERGY EFFICIENCY (PRINT)	A3	
2666-7592	ENERGY GEOSCIENCE	A1	
2329-8766	ENERGY HARVESTING AND SYSTEMS	B3	
2520-8942	ENERGY INFORMATICS	A4	
2772-4271	ENERGY NEXUS	A1	
0360-5442	ENERGY (OXFORD)	A1	
0301-4215	ENERGY POLICY	A1	
2352-4847	ENERGY REPORTS	A2	
2214-6296	ENERGY RESEARCH & SOCIAL SCIENCE	A1	
2050-0505	ENERGY SCIENCE & ENGINEERING	A2	
1556-7036	ENERGY SOURCES. PART A, RECOVERY, UTILIZATION, AND ENVIRONMENTAL EFFECTS	A2	
2405-8297	ENERGY STORAGE MATERIALS	A1	
2211-467X	ENERGY STRATEGY REVIEWS	A2	
0973-0826	ENERGY SUSTAINABLE DEVELOPMENT	A1	
1868-3975	ENERGY SYSTEMS	A3	
1868-3967	ENERGY SYSTEMS	A3	
2631-2522	ENERLAC (ONLINE)	B2	
2373-2822	ENEURO (ONLINE)	A3	
2405-6502	ENEUROLOGICALSCI	B1	
1519-339X	ENFERMAGEM ATUAL	B1	
2447-2034	ENFERMAGEM ATUAL IN DERME	B1	
1678-2410	ENFERMAGEM BRASIL	B1	
2526-9720	ENFERMAGEM BRASIL	B1	
2357-707X	ENFERMAGEM EM FOCO	A4	
2177-4285	ENFERMAGEM EM FOCO	A4	
2393-6606	ENFERMERÍA	A4	
1409-4568	ENFERMERÍA ACTUAL DE COSTA RICA	B1	
1130-8621	ENFERMERÍA CLÍNICA	A2	
1695-6141	ENFERMERÍA GLOBAL	A4	
2550-6692	ENFERMERÍA INVESTIGA (EN LINEA)	A2	
2255-3517	ENFERMERÍA NEFROLÓGICA - MADRID	B3	
2395-8421	ENFERMERÍA UNIVERSITARIA (ONLINE)	B1	
1984-882X	ENFOQUE	A3	
1517-9087	ENFOQUE: REFLEXÃO CONTÁBIL	A3	
2673-4117	ENG	B3	
2413-8053	ENGAGING SCIENCE, TECHNOLOGY, AND SOCIETY	A3	
0100-6916	ENGENHARIA AGRÍCOLA (IMPRESSO)	A3	
1414-3984	ENGENHARIA NA AGRICULTURA (IMPRESSO)	B1	
2175-6813	ENGENHARIA NA AGRICULTURA (ONLINE)	B1	
1413-4152	ENGENHARIA SANITÁRIA E AMBIENTAL	A4	
1809-4457	ENGENHARIA SANITÁRIA E AMBIENTAL (ONLINE)	A4	
1676-1790	ENGENHARIA TÉRMICA	B3	
2675-830X	ENGENHARIA URBANA EM DEBATE	B2	
2764-5746	ENGINEERING & TECHNOLOGY SCIENTIFIC JOURNAL.	B4	
0955-7997	ENGINEERING ANALYSIS WITH BOUNDARY ELEMENTS	A1	
0952-1976	ENGINEERING APPLICATIONS OF ARTIFICIAL INTELLIGENCE	A1	
1994-2060	ENGINEERING APPLICATIONS OF COMPUTATIONAL FLUID MECHANICS	A1	
0264-4401	ENGINEERING COMPUTATIONS	A3	
1350-6307	ENGINEERING FAILURE ANALYSIS	A1	
1094-687X	ENGINEERING IN MEDICINE AND BIOLOGY SOCIETY ANNUAL CONFERENCE	A1	
1363-2078	ENGINEERING INTELLIGENT SYSTEMS: FOR ELECTRICAL ENGINEERING AND COMMUNICATIONS	C	
1042-9247	ENGINEERING MANAGEMENT JOURNAL	A2	
1029-0273	ENGINEERING OPTIMIZATION (ONLINE)	A1	
0305-215X	ENGINEERING OPTIMIZATION (PRINT)	A1	
2577-8196	ENGINEERING REPORTS	A2	
2631-8695	ENGINEERING RESEARCH EXPRESS	A4	
1330-9587	ENGINEERING REVIEW - TECHNICAL FACULTY UNIVERSITY OF RIJEKA	B2	
2318-3055	ENGINEERING SCIENCES	C	
2291-8744	ENGINEERING SOLID MECHANICS	A3	
0141-0296	ENGINEERING STRUCTURES	A1	
0177-0667	ENGINEERING WITH COMPUTERS	A1	
2562-914X	ENJEUX ET SOCIÉTÉ	B1	
0104-4036	ENSAIO - AVALIAÇÃO E POLÍTICAS PÚBLICAS EM EDUCAÇÃO	A1	
1809-4465	ENSAIO - AVALIAÇÃO E POLÍTICAS PÚBLICAS EM EDUCAÇÃO	A1	
1415-2150	ENSAIO: PESQUISA EM EDUCAÇÃO EM CIÊNCIAS (IMPRESSO)	A1	
1983-2117	ENSAIO: PESQUISA EM EDUCAÇÃO EM CIÊNCIAS (ONLINE)	A1	
2178-695X	ENSAIOS E CIÊNCIA: CIÊNCIAS BIOLÓGICAS, AGRÁRIAS E DA SAÚDE	B1	
1415-6938	ENSAIOS E CIÊNCIA: CIÊNCIAS BIOLÓGICAS, AGRÁRIAS E DA SAÚDE	B1	
1679-3617	ENSAIOS PEDAGÓGICOS (LAGES)	B2	
2527-158X	ENSAIOS PEDAGÓGICOS (SOROCABA)	A4	
2595-1300	ENSAIOS USF	B1	
0212-4521	ENSEÑANZA DE LAS CIENCIAS	A1	
1132-9157	ENSEÑANZA DE LAS CIENCIAS DE LA TIERRA	A4	
2525-7056	ENSIN@ UFMS	B2	
2447-5777	ENSINO & MULTIDISCIPLINARIDADE	B1	
2359-4381	ENSINO & PESQUISA	A3	
1676-1030	ENSINO & PESQUISA	A3	
2358-4122	ENSINO DA MATEMÁTICA EM DEBATE	A4	
2237-4450	ENSINO DE CIÊNCIAS E TECNOLOGIA EM REVISTA	A4	
2317-9961	ENSINO DE SOCIOLOGIA EM DEBATE	B3	
2594-3901	ENSINO E TECNOLOGIA EM REVISTA	A4	
2595-0479	ENSINO EM FOCO (ONLINE)	A4	
2675-9144	ENSINO EM PERSPECTIVAS	A3	
1983-1730	ENSINO EM RE-VISTA	A1	
1983-7011	ENSINO, SAÚDE E AMBIENTE	A3	
1751-7575	ENTERPRISE INFORMATION SYSTEMS (PRINT)	A1	
1875-9521	ENTERTAINMENT COMPUTING	A3	
2446-6115	ENTHEORIA: CADERNOS DE LETRAS E HUMANAS	B1	
1983-0572	ENTOMOBRASILIS (VASSOURAS)	B4	
0013-8703	ENTOMOLOGIA EXPERIMENTALIS ET APPLICATA (PRINT)	A2	
0171-8177	ENTOMOLOGIA GENERALIS	A1	
2675-1305	ENTOMOLOGICAL COMMUNICATIONS	B4	
2675-9276	ENTOMOLOGY BEGINNERS	C	
2446-9769	ENTRE ABERTA	B2	
2179-1805	ENTRE ASPAS	B2	
2596-2817	ENTRELACES	B1	
1980-4571	ENTRELACES (UFC)	B1	
1806-9509	ENTRELINHAS (UNISINOS. ONLINE)	B2	
2177-7829	ENTRE-LUGAR	A2	
2237-6321	ENTREPALAVRAS	A2	
2595-4318	ENTREPRENEURSHIP	C	
0898-5626	ENTREPRENEURSHIP AND REGIONAL DEVELOPMENT	A1	
2515-1274	ENTREPRENEURSHIP EDUCATION AND PEDAGOGY	A3	
2007-5316	ENTRETEXTOS	A4	
1519-5392	ENTRETEXTOS (UEL)	A4	
2526-2793	ENTROPIA	B2	
1099-4300	ENTROPY (BASEL. ONLINE)	A2	
2526-110X	ENUNCIAÇÃO - REVISTA DO PROGRAMA DE PÓS-GRADUAÇÃO EM FILOSOFIA DA UFFRJ	A4	
0122-6339	ENUNCIACIÓN	A4	
1944-7450	ENVIONMETAL PROGRESS & SUSTAINABLE ENERGY	A3	
0013-9165	ENVIRONMENT AND BEHAVIOR	A1	
1355-770X	ENVIRONMENT AND DEVELOPMENT ECONOMICS (PRINT)	A3	
1387-585X	ENVIRONMENT, DEVELOPMENT AND SUSTAINABILITY	A1	
1573-2975	ENVIRONMENT, DEVELOPMENT AND SUSTAINABILITY	A1	
0160-4120	ENVIRONMENT INTERNATIONAL	A1	
0324-8828	ENVIRONMENT PROTECTION ENGINEERING	B3	
2194-5411	ENVIRONMENT SYSTEMS AND DECISION	A2	
0924-6460	ENVIRONMENTAL & RESOURCE ECONOMICS (DORDRECHT)	A1	
2666-7657	ENVIRONMENTAL ADVANCES	A2	
1352-8505	ENVIRONMENTAL AND ECOLOGICAL STATISTICS	A3	
0098-8472	ENVIRONMENTAL AND EXPERIMENTAL BOTANY	A1	
0893-6692	ENVIRONMENTAL AND MOLECULAR MUTAGENESIS (PRINT)	A3	
2667-0100	ENVIRONMENTAL CHALLENGES	A2	
1610-3653	ENVIRONMENTAL CHEMISTRY LETTERS (PRINT)	A1	
0376-8929	ENVIRONMENTAL CONSERVATION	A2	
1469-4387	ENVIRONMENTAL CONSERVATION (ONLINE)	A2	
2634-4602	ENVIRONMENTAL DATA SCIENCE (ONLINE)	A4	
2211-4645	ENVIRONMENTAL DEVELOPMENT	A1	
1866-6299	ENVIRONMENTAL EARTH SCIENCES (INTERNET)	A2	
1582-9596	ENVIRONMENTAL ENGINEERING AND MANAGEMENT JOURNAL (PRINT)	B2	
0046-225X	ENVIRONMENTAL ENTOMOLOGY	A2	
2047-2382	ENVIRONMENTAL EVIDENCE	A2	
1567-7419	ENVIRONMENTAL FLUID MECHANICS (DORDRECHT. 2001)	A3	
0269-4042	ENVIRONMENTAL GEOCHEMISTRY AND HEALTH	A1	
1573-2983	ENVIRONMENTAL GEOCHEMISTRY AND HEALTH (DORDRECHT. ONLINE)	A1	
1347-4715	ENVIRONMENTAL HEALTH AND PREVENTIVE MEDICINE	A1	
1078-0475	ENVIRONMENTAL HEALTH PERSPECTIVES. SUPPLEMENTS	A4	
0195-9255	ENVIRONMENTAL IMPACT ASSESSMENT REVIEW	A1	
2164-7682	ENVIRONMENTAL MANAGEMENT AND SUSTAINABLE DEVELOPMENT	B2	
0364-152X	ENVIRONMENTAL MANAGEMENT (NEW YORK)	A2	
1462-2912	ENVIRONMENTAL MICROBIOLOGY (PRINT)	A1	
1758-2229	ENVIRONMENTAL MICROBIOLOGY REPORTS	A1	
1364-8152	ENVIRONMENTAL MODELLING & SOFTWARE	A1	
1573-2959	ENVIRONMENTAL MONITORING AND ASSESSMENT (DORDRECHT. ONLINE)	A2	
0167-6369	ENVIRONMENTAL MONITORING AND ASSESSMENT (PRINT)	A2	
2215-1532	ENVIRONMENTAL NANOTECHNOLOGY, MONITORING & MANAGEMENT	A1	
1756-9338	ENVIRONMENTAL POLICY AND GOVERNANCE	A2	
0378-777X	ENVIRONMENTAL POLICY AND LAW	A1	
0964-4016	ENVIRONMENTAL POLITICS	A1	
0269-7491	ENVIRONMENTAL POLLUTION (1987)	A1	
1944-7442	ENVIRONMENTAL PROGRESS & SUSTAINABLE ENERGY (PRINT)	A3	
1088-1913	ENVIRONMENTAL QUALITY MANAGEMENT	A4	
2515-7620	ENVIRONMENTAL RESEARCH COMMUNICATIONS	A3	
1748-9326	ENVIRONMENTAL RESEARCH LETTERS	A1	
0013-9351	ENVIRONMENTAL RESEARCH (NEW YORK, N.Y. PRINT)	A1	
2754-7000	ENVIRONMENTAL SCIENCE - ADVANCES (ONLINE)	A4	
1462-9011	ENVIRONMENTAL SCIENCE & POLICY	A1	
0013-936X	ENVIRONMENTAL SCIENCE & TECHNOLOGY	A1	
1520-5851	ENVIRONMENTAL SCIENCE & TECHNOLOGY	A1	
0944-1344	ENVIRONMENTAL SCIENCE AND POLLUTION RESEARCH INTERNATIONAL	A2	
2634-3606	ENVIRONMENTAL SCIENCE: ATMOSPHERES	B1	
2051-8153	ENVIRONMENTAL SCIENCE: NANO	A1	
2190-4707	ENVIRONMENTAL SCIENCES EUROPE	A2	
2673-4931	ENVIRONMENTAL SCIENCES PROCEEDINGS	A4	
2053-1400	ENVIRONMENTAL SCIENCE-WATER RESEARCH & TECHNOLOGY	A1	
2674-6492	ENVIRONMENTAL SCIENTIAE	C	
2595-5527	ENVIRONMENTAL SMOKE	C	
0959-3330	ENVIRONMENTAL TECHNOLOGY	A2	
2352-1864	ENVIRONMENTAL TECHNOLOGY & INNOVATION	A1	
1552-8618	ENVIRONMENTAL TOXICOLOGY AND CHEMISTRY	A2	
1382-6689	ENVIRONMENTAL TOXICOLOGY AND PHARMACOLOGY	A2	
1522-7278	ENVIRONMENTAL TOXICOLOGY (ONLINE)	A2	
1520-4081	ENVIRONMENTAL TOXICOLOGY (PRINT)	A2	
1614-7499	ENVIRONMETAL SCIENCE AND POLLUTION RESEARCH INTERNATIONAL (INTERNET)	A2	
0141-0229	ENZYME AND MICROBIAL TECHNOLOGY	A2	
2271-6386	EOLLES	B3	
0096-3941	EOS (WASHINGTON, D.C.)	B1	
2596-0229	EPHEMERA (OURO PRETO)	A1	
1755-4365	EPIDEMICS	A3	
2673-3986	EPIDEMIOLOGIA	C	
1679-4974	EPIDEMIOLOGIA E SERVICOS DE SAUDE	A2	
2237-9622	EPIDEMIOLOGIA E SERVIÇOS DE SAÚDE	A2	
0950-2688	EPIDEMIOLOGY AND INFECTION (PRINT)	A4	
1756-8935	EPIGENETICS & CHROMATIN	A2	
1559-2294	EPIGENETICS (AUSTIN)	A4	
0013-9580	EPILEPSIA (COPENHAGEN)	A1	
1525-5069	EPILEPSY & BEHAVIOR	A3	
1525-5050	EPILEPSY & BEHAVIOR (PRINT)	A3	
0920-1211	EPILEPSY RESEARCH	A4	
1950-6945	EPILEPTIC DISORD	A4	
2966-2877	EPISTIMONIKI, REVISTA DE DDUCAÇÃO, PRÁTICAS INTERDISCIPLINARES E INOVAÇÃO CIENTÍFICA (ONLINE)	B3	
2193-1127	EPJ DATA SCIENCE	A2	
1618-7229	E-POLYMERS	A3	
1518-2487	EPTIC (UFS)	A1	
2611-6693	ERACLE: JOURNAL OF SPORT AND SOCIAL SCIENCES	B2	
1981-3511	E-REVISTA FACITEC	C	
2238-2542	E-REVISTA LOGO	B1	
2317-8876	ERGODESIGN & HCI	A2	
0014-0139	ERGONOMICS (LONDON. PRINT)	A2	
2358-5390	E&S ENGINEERING AND SCIENCE	B3	
2539-2522	ESAL - REVISTA DE EDUCACIÓN SUPERIOR EN AMÉRICA LATINA	B1	
2175-7976	ESBOÇOS	A1	
1414-8145	ESCOLA ANNA NERY	A4	
2177-9465	ESCOLA ANNA NERY. REVISTA DE ENFERMAGEM	A4	
2674-7758	ESCRITAS DO TEMPO	B1	
2238-7188	ESCRITAS: REVISTA DO CURSO DE HISTÓRIA DE ARAGUAÍNA	A3	
2446-6190	ESFERAS	A4	
2966-1129	ESG STUDIES REVIEW (ONLINE)	B3	
2375-1924	ESM MEDICAL RESEARCH ARCHIVES (ONLINE)	B2	
1777-5477	ESPACESTEMPS.NET	B4	
1984-817X	ESPACIALIDADES	B2	
1315-0006	ESPACIO ABIERTO (CARACAS. 1992)	A4	
0718-1604	ESPACIO REGIONAL. REVISTA DE ESTUDIOS SOCIALES	B3	
1016-9148	ESPACIO Y DESARROLLO	B3	
0798-1015	ESPACIOS (CARACAS)	C	
2313-9927	ESPACIOS EN BLANCO (ONLINE)	A2	
2237-3071	ESPAÇO ABERTO, PPGG - UFRJ	A1	
1982-6524	ESPAÇO AMERÍNDIO (UFRGS)	A2	
2317-7837	ESPAÇO E ECONOMIA	A1	
1516-9375	ESPAÇO E GEOGRAFIA (UNB)	A3	
1519-7816	ESPAÇO EM REVISTA	A4	
1807-8575	ESPAÇO ENERGIA	B4	
2595-7910	ESPAÇO ENERGIA	B4	
1517-7130	ESPAÇO PARA A SAÚDE	A2	
0103-3832	ESPAÇO PARA A SAÚDE	A2	
0104-7469	ESPAÇO PEDAGÓGICO	A3	
1981-478X	ESPAÇO PLURAL (MARECHAL CÂNDIDO RONDON. ONLINE)	A2	
1518-4196	ESPAÇO PLURAL (UNIOESTE)	A2	
2675-5432	ESPECIARIA (ONLINE)	B3	
1809-1296	ESPORTE E SOCIEDADE	B3	
0071-1365	ESSAYS IN BIOCHEMISTRY	A2	
2791-9552	ESSENTIALS OF DENTISTRY	C	
1809-046X	ESTAÇÃO CIENTÍFICA (FESJF. ONLINE)	B1	
1983-1048	ESTAÇÃO LITERÁRIA	B1	
2675-4576	ESTADO DA ARTE	A3	
0717-8980	ESTADO, GOBIERNO, GESTIÓN PÚBLICA (EN LÍNEA)	B1	
1981-1624	ESTILOS DA CLÍNICA	A3	
2595-7007	ESTIMA	B1	
1806-3144	ESTIMA: BRAZILIAN JOURNAL OF ENTEROSTOMAL THERAPY	B1	
2763-7824	ESTRABÃO	A4	
1559-2723	ESTUARIES AND COASTS	A2	
0272-7714	ESTUARINE, COASTAL AND SHELF SCIENCE (PRINT)	A2	
1647-6158	ESTUDIO	A2	
0718-5014	ESTUDIOS AVANZADOS (EN LÍNEA)	A4	
0718-5200	ESTUDIOS CONSTITUCIONALES (ONLINE)	A1	
2314-2022	ESTUDIOS CURATORIALES	B2	
1133-3197	ESTUDIOS DE ECONOMÍA APLICADA	A2	
1697-5731	ESTUDIOS DE ECONOMÍA APLICADA (ONLINE)	A2	
2448-4857	ESTUDIOS DEL DISCURSO	A4	
1900-8325	ESTUDIOS EN SEGURIDAD Y DEFENSA	B3	
0187-6961	ESTUDIOS FRONTERIZOS	A1	
0123-5923	ESTUDIOS GERENCIALES	A3	
1688-5317	ESTUDIOS HISTÓRICOS (RIVERA)	A4	
0792-7061	ESTUDIOS INTERDISCIPLINARIOS DE AMERICA LATINA Y EL CARIBE	C	
0716-0240	ESTUDIOS INTERNACIONALES (SANTIAGO)	A1	
2792-3622	ESTUDIOS LGBTIQ+, COMUNICACIÓN Y CULTURA	A3	
0251-2483	ESTUDIOS PARAGUAYOS	B2	
2250-4001	ESTUDIOS RURALES	A3	
2386-6292	ESTUDIOS SOBRE EDUCACIÓN	A4	
1988-2696	ESTUDIOS SOBRE EL MENSAJE PERIODÍSTICO	A1	
1405-2210	ESTUDIOS SOBRE LAS CULTURAS CONTEMPORÁNEAS	A2	
2250-6950	ESTUDIOS SOCIALES	A4	
2395-9169	ESTUDIOS SOCIALES REVISTA DE ALIMENTACIÓN CONTEMPORÁNEA Y DESARROLLO REGIONAL	A1	
0124-0579	ESTUDIOS SOCIO-JURÍDICOS	A1	
0185-4186	ESTUDIOS SOCIOLÓGICOS	A1	
1853-4392	ESTUDIOS SOCIOTERRITORIALLES	A4	
1983-036X	ESTUDO & DEBATE (ONLINE)	B2	
2675-3219	ESTUDOS AFRO-BRASILEIROS	B3	
0103-4014	ESTUDOS AVANÇADOS (USP)	A1	
1806-9592	ESTUDOS AVANÇADOS (USP)	A1	
1676-4951	ESTUDOS BÍBLICOS	A3	
2237-941X	ESTUDOS CONTEMPORANEOS DA SUBJETIVIDADE	B1	
0103-7137	ESTUDOS CULTURAIS	B4	
1808-1355	ESTUDOS DA LÍNGUA(GEM) (IMPRESSO)	A2	
1982-0534	ESTUDOS DA LÍNGUA(GEM) (ONLINE)	A2	
2525-9261	ESTUDOS DE ADMINISTRAÇÃO E SOCIEDADE	B3	
2316-4018	ESTUDOS DE LITERATURA BRASILEIRA CONTEMPORÂNEA	A1	
0100-3437	ESTUDOS DE PSICANÁLISE (IMPRESSO)	B1	
1982-0275	ESTUDOS DE PSICOLOGIA	A1	
1678-4669	ESTUDOS DE PSICOLOGIA (NATAL. ONLINE)	A2	
0103-166X	ESTUDOS DE PSICOLOGIA (PUCCAMP. IMPRESSO)	A1	
2176-1078	ESTUDOS DE RELIGIÃO	A1	
0103-801X	ESTUDOS DE RELIGIAO (IMS)	A1	
1982-4718	ESTUDOS DE SOCIOLOGIA	A4	
1415-000X	ESTUDOS DE SOCIOLOGIA (RECIFE)	B3	
1414-0144	ESTUDOS DE SOCIOLOGIA (SÃO PAULO)	A4	
2317-5427	ESTUDOS DE SOCIOLOGIA (UFPE)	B3	
1808-4281	ESTUDOS E PESQUISAS EM PSICOLOGIA (ONLINE)	A3	
1980-5357	ESTUDOS ECONÔMICOS	A1	
0101-4161	ESTUDOS ECONÔMICOS (SÃO PAULO. IMPRESSO)	A1	
1414-5146	ESTUDOS ELEITORAIS	B2	
1984-932X	ESTUDOS EM AVALIAÇÃO EDUCACIONAL (ONLINE)	A1	
1646-4974	ESTUDOS EM COMUNICACAO	A2	
0104-4249	ESTUDOS EM DESIGN (IMPRESSO)	A1	
1983-196X	ESTUDOS EM DESIGN (ONLINE)	A1	
1984-6924	ESTUDOS EM JORNALISMO E MÍDIA	A2	
1806-9584	ESTUDOS FEMINISTAS	A1	
0104-026X	ESTUDOS FEMINISTAS	A1	
1678-698X	ESTUDOS GEOGRÁFICOS (UNESP)	A3	
1983-781X	ESTUDOS (GOIÂNIA. ONLINE)	B1	
2178-1494	ESTUDOS HISTÓRICOS	A1	
0103-2186	ESTUDOS HISTORICOS (RIO DE JANEIRO)	A1	
2178-2962	ESTUDOS IAT (INSTITUTO ANÍSIO TEIXEIRA)	A4	
1980-864X	ESTUDOS IBERO-AMERICANOS	A1	
0101-4064	ESTUDOS IBERO-AMERICANOS (PUCRS. IMPRESSO)	A1	
2316-2171	ESTUDOS INTERDISCIPLINARES DO ENVELHECIMENTO - PORTO ALEGRE	A4	
2236-6407	ESTUDOS INTERDISCIPLINARES EM PSICOLOGIA	A3	
1517-2473	ESTUDOS INTERDISCIPLINARES SOBRE O ENVELHECIMENTO	A4	
2317-773X	ESTUDOS INTERNACIONAIS	A4	
2447-7125	ESTUDOS JAPONESES	B1	
2318-0501	ESTUDOS KANTIANOS	A2	
2176-4794	ESTUDOS LINGUÍSTICOS E LITERÁRIOS (UFBA)	A3	
1413-0939	ESTUDOS LINGUÍSTICOS (SÃO PAULO. 1978)	A2	
1980-4016	ESTUDOS SEMIÓTICOS (USP)	A2	
2526-7752	ESTUDOS SOCIEDADE E AGRICULTURA (ONLINE)	A2	
1413-0580	ESTUDOS SOCIEDADE E AGRICULTURA (UFRRJ)	A2	
0101-3130	ESTUDOS TEOLÓGICOS	A1	
2237-6461	ESTUDOS TEOLÓGICOS	A1	
0103-0876	ESTUDOS (UCGO. IMPRESSO)	B1	
0425-4082	ESTUDOS UNIVERSITARIOS	A4	
2675-7354	ESTUDOS UNIVERSITÁRIOS: REVISTA DE CULTURA	A4	
1792-8036	ETASR - ENGINEERING, TECHNOLOGY & APPLIED SCIENCE RESEARCH	A4	
2618-4281	ETCÉTERA	B2	
1983-1838	E-TECH: TECNOLOGIAS PARA COMPETITIVIDADE INDUSTRIAL	B2	
1677-2954	ETHIC@ (UFSC)	A1	
1050-8422	ETHICS & BEHAVIOR	A1	
0141-9870	ETHNIC AND RACIAL STUDIES (PRINT)	A1	
1355-7858	ETHNICITY & HEALTH (PRINT)	A2	
2238-4782	ETHNOBIOLOGY AND CONSERVATION (ONLINE)	A2	
2159-8126	ETHNOBIOLOGY LETTERS	B1	
1547-3465	ETHNOBOTANY RESEARCH AND APPLICATIONS	A2	
2448-1998	ETHNOSCIENTIA	C	
0394-9370	ETHOLOGY ECOLOGY & EVOLUTION (TESTO STAMPATO)	A3	
1414-3917	ÉTICA E FILOSOFIA POLÍTICA	A2	
2525-1090	ÉTICA Y DISCURSO	B1	
2451-8050	ETNOGRAFÍAS CONTEMPORÁNEAS.	A2	
2182-2891	ETNOGRÁFICA	A1	
0873-6561	ETNOGRÁFICA (LISBOA)	A1	
1448-2940	ETROPIC: ELECTRONIC JOURNAL OF STUDIES IN THE TROPICS	A3	
1270-6841	ETUDES DE COMMUNICATION	A2	
0014-2182	ETUDES RURALES	A4	
1173-2571	EUBIOS JOURNAL OF ASIAN AND INTERNATIONAL BIOETHICS	A3	
1573-5060	EUPHYTICA (DORDRECHT. ONLINE)	A2	
0014-2336	EUPHYTICA (WAGENINGEN)	A2	
1951-6355	EUR. PHYS. J. SPECIAL TOPICS	A3	
1305-8223	EURASIA JOURNAL OF MATHEMATICS, SCIENCE AND TECHNOLOGY EDUCATION	A1	
1687-5281	EURASIP JOURNAL ON IMAGE AND VIDEO PROCESSING	A2	
1687-1499	EURASIP JOURNAL ON WIRELESS COMMUNICATIONS AND NETWORKING	A3	
0717-6236	EURE (SANTIAGO. EN LÍNEA)	A1	
0250-7161	EURE (SANTIAGO. IMPRESA)	A1	
2192-4406	EURO JOURNAL ON COMPUTATIONAL OPTIMIZATION	A3	
2193-9438	EURO JOURNAL ON DECISION PROCESSES	A3	
2192-4376	EURO JOURNAL ON TRANSPORTATION AND LOGISTICS	A3	
2286-4822	EUROPEAN ACADEMIC RESEARCH	C	
2712-8857	EUROPEAN AND ASIAN LAW REVIEW (ONLINE)	A2	
0937-4477	EUROPEAN ARCHIVES OF OTO-RHINO-LARYNGOLOGY	A1	
1818-6300	EUROPEAN ARCHIVES OF PAEDIATRIC DENTISTRY (PRINT)	A1	
0955-534X	EUROPEAN BUSINESS REVIEW	A1	
1473-2262	EUROPEAN CELLS & MATERIALS	A2	
2063-5346	EUROPEAN CHEMICAL BULLETIN	C	
1056-4934	EUROPEAN EDUCATION	A3	
1438-2377	EUROPEAN FOOD RESEARCH AND TECHNOLOGY	A2	
2294-8813	EUROPEAN GEOLOGIST JOURNAL	B4	
1878-7649	EUROPEAN GERIATRIC MEDICINE	A2	
0195-668X	EUROPEAN HEART JOURNAL	A1	
2752-4191	EUROPEAN HEART JOURNAL OPEN (ONLINE)	A4	
2601-6303	EUROPEAN JOURNAL ENGINEERING AND FORMAL SCIENCES	B2	
1161-0301	EUROPEAN JOURNAL OF AGRONOMY	A1	
1439-6319	EUROPEAN JOURNAL OF APPLIED PHYSIOLOGY (PRINT)	A2	
2587-0831	EUROPEAN JOURNAL OF BREAST HEALTH	A4	
0959-8278	EUROPEAN JOURNAL OF CANCER PREVENTION	A4	
0171-9335	EUROPEAN JOURNAL OF CELL BIOLOGY (PRINT)	A2	
2153-2249	EUROPEAN JOURNAL OF CHEMISTRY	C	
2544-1361	EUROPEAN JOURNAL OF CLINICAL AND EXPERIMENTAL MEDICINE	B3	
1365-2362	EUROPEAN JOURNAL OF CLINICAL INVESTIGATION	A1	
0934-9723	EUROPEAN JOURNAL OF CLINICAL MICROBIOLOGY & INFECTIOUS DISEASES (PRINT)	A1	
1476-5640	EUROPEAN JOURNAL OF CLINICAL NUTRITION	A1	
0954-3007	EUROPEAN JOURNAL OF CLINICAL NUTRITION	A1	
0031-6970	EUROPEAN JOURNAL OF CLINICAL PHARMACOLOGY	A3	
0947-3580	EUROPEAN JOURNAL OF CONTROL	A2	
1367-5494	EUROPEAN JOURNAL OF CULTURAL STUDIES (PRINT)	A1	
2684-4443	EUROPEAN JOURNAL OF DENTAL AND ORAL HEALTH	C	
1305-7464	EUROPEAN JOURNAL OF DENTISTRY (ONLINE)	A2	
1305-7456	EUROPEAN JOURNAL OF DENTISTRY (PRINT)	A2	
0957-8811	EUROPEAN JOURNAL OF DEVELOPMENT RESEARCH	A2	
2736-660X	EUROPEAN JOURNAL OF DEVELOPMENT STUDIES	A3	
2736-4534	EUROPEAN JOURNAL OF EDUCATION AND PEDAGOGY	B3	
2501-1111	EUROPEAN JOURNAL OF EDUCATION STUDIES	A3	
0804-4643	EUROPEAN JOURNAL OF ENDOCRINOLOGY	A2	
0304-3797	EUROPEAN JOURNAL OF ENGINEERING EDUCATION (PRINT)	A1	
0954-691X	EUROPEAN JOURNAL OF GASTROENTEROLOGY & HEPATOLOGY	A4	
1792-1341	EUROPEAN JOURNAL OF GEOGRAPHY	A4	
2687-2625	EUROPEAN JOURNAL OF GERIATRICS AND GERONTOLOGY	B4	
0902-4441	EUROPEAN JOURNAL OF HAEMATOLOGY	A3	
2386-4095	EUROPEAN JOURNAL OF HUMAN MOVEMENT	B1	
1751-5254	EUROPEAN JOURNAL OF INDUSTRIAL ENGINEERING	A4	
1460-1060	EUROPEAN JOURNAL OF INNOVATION MANAGEMENT	A1	
1099-0682	EUROPEAN JOURNAL OF INORGANIC CHEMISTRY	A4	
0953-6205	EUROPEAN JOURNAL OF INTERNAL MEDICINE (LEICESTER)	A1	
1751-6757	EUROPEAN JOURNAL OF INTERNATIONAL MANAGEMENT (PRINT)	A2	
2254-9625	EUROPEAN JOURNAL OF INVESTIGATION IN HEALTH, PSYCHOLOGY AND EDUCATION	A2	
1438-9312	EUROPEAN JOURNAL OF LIPID SCIENCE AND TECHNOLOGY (INTERNET)	A3	
1438-7697	EUROPEAN JOURNAL OF LIPID SCIENCE AND TECHNOLOGY (PRINT)	A3	
0997-7538	EUROPEAN JOURNAL OF MECHANICS. A, SOLIDS	A2	
1769-7212	EUROPEAN JOURNAL OF MEDICAL GENETICS	B1	
2047-783X	EUROPEAN JOURNAL OF MEDICAL RESEARCH	A3	
0223-5234	EUROPEAN JOURNAL OF MEDICINAL CHEMISTRY	A1	
2772-4174	EUROPEAN JOURNAL OF MEDICINAL CHEMISTRY REPORTS	A3	
2231-0894	EUROPEAN JOURNAL OF MEDICINAL PLANTS	B1	
1468-1331	EUROPEAN JOURNAL OF NEUROLOGY	A1	
1351-5101	EUROPEAN JOURNAL OF NEUROLOGY (PRINT)	A1	
0953-816X	EUROPEAN JOURNAL OF NEUROSCIENCE (PRINT)	A3	
1619-7070	EUROPEAN JOURNAL OF NUCLEAR MEDICINE AND MOLECULAR IMAGING (PRINT)	A1	
1436-6207	EUROPEAN JOURNAL OF NUTRITION	A1	
1462-3889	EUROPEAN JOURNAL OF ONCOLOGY NURSING	A1	
0377-2217	EUROPEAN JOURNAL OF OPERATIONAL RESEARCH	A1	
1724-6016	EUROPEAN JOURNAL OF OPHTHALMOLOGY (ONLINE)	A3	
1120-6721	EUROPEAN JOURNAL OF OPHTHALMOLOGY (TESTO STAMPATO)	A3	
0909-8836	EUROPEAN JOURNAL OF ORAL SCIENCES	A4	
1434-193X	EUROPEAN JOURNAL OF ORGANIC CHEMISTRY (PRINT)	A3	
1460-2210	EUROPEAN JOURNAL OF ORTHODONTICS (ONLINE)	A1	
0141-5387	EUROPEAN JOURNAL OF ORTHODONTICS (PRINT)	A1	
1633-8065	EUROPEAN JOURNAL OF ORTHOPAEDIC SURGERY & TRAUMATOLOGY	A3	
2035-648X	EUROPEAN JOURNAL OF PAEDIATRIC DENTISTRY	A2	
1090-3798	EUROPEAN JOURNAL OF PAEDIATRIC NEUROLOGY	A1	
1532-2149	EUROPEAN JOURNAL OF PAIN (ONLINE)	A1	
0340-6199	EUROPEAN JOURNAL OF PEDIATRICS	A2	
2394-3211	EUROPEAN JOURNAL OF PHARMACEUTICAL AND MEDICAL RESEARCH	C	
0928-0987	EUROPEAN JOURNAL OF PHARMACEUTICAL SCIENCES	A1	
0939-6411	EUROPEAN JOURNAL OF PHARMACEUTICS AND BIOPHARMACEUTICS	A1	
0014-2999	EUROPEAN JOURNAL OF PHARMACOLOGY	A2	
2501-1235	EUROPEAN JOURNAL OF PHYSICAL EDUCATION AND SPORT SCIENCE	B2	
2167-9177	EUROPEAN JOURNAL OF PHYSIOTHERAPY (ONLINE)	A4	
0929-1873	EUROPEAN JOURNAL OF PLANT PATHOLOGY	A1	
2047-4881	EUROPEAN JOURNAL OF PREVENTIVE CARDIOLOGY	A1	
2047-4873	EUROPEAN JOURNAL OF PREVENTIVE CARDIOLOGY	A1	
2396-8893	EUROPEAN JOURNAL OF PROSTHODONTICS AND RESTORATIVE DENTISTRY	A3	
1101-1262	EUROPEAN JOURNAL OF PUBLIC HEALTH	A1	
0720-048X	EUROPEAN JOURNAL OF RADIOLOGY	A2	
2279-7254	EUROPEAN JOURNAL OF REMOTE SENSING	A1	
2147-9720	EUROPEAN JOURNAL OF RHEUMATOLOGY	B2	
1450-216X	EUROPEAN JOURNAL OF SCIENTIFIC RESEARCH	C	
2312-8429	EUROPEAN JOURNAL OF SOCIAL SCIENCES EDUCATION AND RESEARCH	A3	
1365-2389	EUROPEAN JOURNAL OF SOIL SCIENCE	A2	
1351-0754	EUROPEAN JOURNAL OF SOIL SCIENCE (PRINT)	A2	
2501-2428	EUROPEAN JOURNAL OF SPECIAL EDUCATION RESEARCH	A4	
1536-7290	EUROPEAN JOURNAL OF SPORT SCIENCE (ONLINE)	A1	
1746-1391	EUROPEAN JOURNAL OF SPORT SCIENCE (PRINT)	A1	
2239-6101	EUROPEAN JOURNAL OF SUSTAINABLE DEVELOPMENT	C	
2118-9773	EUROPEAN JOURNAL OF TAXONOMY	B1	
2786-7447	EUROPEAN JOURNAL OF THEORETICAL AND APPLIED SCIENCES (ONLINE)	B4	
2182-4924	EUROPEAN JOURNAL OF TOURISM, HOSPITALITY AND RECREATION	B2	
2037-7460	EUROPEAN JOURNAL OF TRANSLATIONAL MYOLOGY	A4	
1078-5884	EUROPEAN JOURNAL OF VASCULAR AND ENDOVASCULAR SURGERY	A1	
2059-450X	EUROPEAN MEDICAL JOURNAL: REPRODUCTIVE HEALTH	B4	
2522-9400	EUROPEAN MODERN STUDIES JOURNAL	B4	
0014-3022	EUROPEAN NEUROLOGY	A4	
0924-977X	EUROPEAN NEUROPSYCHOPHARMACOLOGY	A1	
1434-6001	EUROPEAN PHYSICAL JOURNAL A. HADRONS AND NUCLEI	A3	
1434-6052	EUROPEAN PHYSICAL JOURNAL C. PARTICLES AND FIELDS	A1	
1434-6044	EUROPEAN PHYSICAL JOURNAL. C, PARTICLES AND FIELDS (PRINT)	A1	
2190-5444	EUROPEAN PHYSICAL JOURNAL PLUS	A2	
1469-5944	EUROPEAN PLANNING STUDIES (ONLINE)	A1	
0965-4313	EUROPEAN PLANNING STUDIES (PRINT)	A1	
0924-9338	EUROPEAN PSYCHIATRY (PARIS)	A1	
0905-9180	EUROPEAN RESPIRATORY REVIEW	A1	
1128-3602	EUROPEAN REVIEW FOR MEDICAL AND PHARMACOLOGICAL SCIENCES	A3	
1857-7431	EUROPEAN SCIENTIFIC JOURNAL	C	
2235-0640	EUROPEAN THYROID JOURNAL	A3	
0302-2838	EUROPEAN UROLOGY	A1	
2405-4569	EUROPEAN UROLOGY FOCUS	A1	
2666-1683	EUROPEAN UROLOGY OPEN SCIENCE	A2	
1432-1076	EUROPEN JOURNAL OF PEDIATRICS	A2	
0295-5075	EUROPHYSICS LETTERS (PRINT)	A4	
2795-448X	EUROPUB JOURNAL OF EDUCATION RESEARCH (ONLINE)	B3	
2795-4498	EUROPUB JOURNAL OF HEALTH RESEARCH	B3	
1390-5708	EUTOPÍA	A3	
2340-115X	EU-TOPÍAS (ONLINE)	B1	
0149-7189	EVALUATION AND PROGRAM PLANNING	A3	
1741-4288	EVIDENCE-BASED COMPLEMENTARY AND ALTERNATIVE MEDICINE (ONLINE)	C	
1741-427X	EVIDENCE-BASED COMPLEMENTARY AND ALTERNATIVE MEDICINE (PRINT)	C	
2236-6059	EVIDÊNCIA - CIÊNCIA E BIOTECNOLOGIA	B2	
1519-5287	EVIDÊNCIA (UNOESC)	B2	
1645-6297	EVOLUÇÃO	C	
1520-541X	EVOLUTION & DEVELOPMENT	A2	
1349-4961	EVOLUTIONARY AND INSTITUTIONAL ECONOMICS REVIEW (TOKYO)	A3	
0071-3260	EVOLUTIONARY BIOLOGY	A3	
1530-9304	EVOLUTIONARY COMPUTATION (ONLINE)	A2	
1864-5909	EVOLUTIONARY INTELLIGENCE	A1	
1868-6478	EVOLVING SYSTEMS	A2	
2184-0385	EX AEQUO (LISBOA. EM LINHA)	B2	
1983-9308	EXACTA (ONLINE)	B2	
1678-5428	EXACTA (SÃO PAULO)	B2	
2526-9259	EXAMEN: PESQUISA EM AVALIAÇÃO, CERTIFICAÇÃO E SELEÇÃO	A4	
2178-0471	EXATAS ONLINE - REVISTA CIENTÍFICA DO DEPARTAMENTO DE QUÍMICA E EXATAS	B1	
1611-2156	EXCLI JOURNAL	A1	
1077-5552	EXERCISE IMMUNOLOGY REVIEW	A1	
2675-6188	EXILIUM	B3	
2179-6386	EXPEDIÇÕES: TEORIA DA HISTÓRIA E HISTORIOGRAFIA	A2	
2447-1151	EXPERIÊNCIA - REVISTA CIENTÍFICA DE EXTENSÃO	B2	
1982-2413	EXPERIÊNCIAS EM ENSINO DE CIÊNCIAS (UFRGS)	A3	
2526-2866	EXPERIÊNCIAS EXITOSAS DE FARMACÊUTICOS NO SUS (IMPRESSO)	C	
0168-8162	EXPERIMENTAL & APPLIED ACAROLOGY	A2	
0361-073X	EXPERIMENTAL AGING RESEARCH	A2	
0014-4797	EXPERIMENTAL AGRICULTURE (PRINT)	A4	
1936-2293	EXPERIMENTAL AND CLINICAL PSYCHOPHARMACOLOGY	A3	
1535-3702	EXPERIMENTAL BIOLOGY AND MEDICINE (MAYWOOD, N.J.: PRINT)	A3	
0014-4819	EXPERIMENTAL BRAIN RESEARCH	B1	
0906-6705	EXPERIMENTAL DERMATOLOGY	A1	
0014-4835	EXPERIMENTAL EYE RESEARCH	A2	
0531-5565	EXPERIMENTAL GERONTOLOGY	A3	
0014-4886	EXPERIMENTAL NEUROLOGY	A1	
0014-4894	EXPERIMENTAL PARASITOLOGY	B1	
1469-445X	EXPERIMENTAL PHYSIOLOGY	A3	
0958-0670	EXPERIMENTAL PHYSIOLOGY (PRINT)	A3	
1742-5247	EXPERT OPINION ON DRUG DELIVERY (PRINT)	A1	
1746-0441	EXPERT OPINION ON DRUG DISCOVERY (PRINT)	A1	
1742-5255	EXPERT OPINION ON DRUG METABOLISM & TOXICOLOGY	A2	
1354-3776	EXPERT OPINION ON THERAPEUTIC PATENTS	A1	
1472-8222	EXPERT OPINION ON THERAPEUTIC TARGETS	A2	
1477-9072	EXPERT REVIEW OF CARDIOVASCULAR THERAPY	A4	
1744-666X	EXPERT REVIEW OF CLINICAL IMMUNOLOGY	A3	
1751-2433	EXPERT REVIEW OF CLINICAL PHARMACOLOGY	A1	
1747-4124	EXPERT REVIEW OF GASTROENTEROLOGY & HEPATOLOGY (PRINT)	A2	
1473-7175	EXPERT REVIEW OF NEUROTHERAPEUTICS	A2	
1473-7167	EXPERT REVIEW OF PHARMACOECONOMICS & OUTCOMES RESEARCH	A4	
1747-6348	EXPERT REVIEW OF RESPIRATORY MEDICINE	A2	
0266-4720	EXPERT SYSTEMS (PRINT)	A2	
0957-4174	EXPERT SYSTEMS WITH APPLICATIONS	A1	
3060-9046	EXPLORA: ENVIRONMENT AND RESOURCE (ONLINE)	C	
2836-7677	EXPLORATION OF DRUG SCIENCE (ONLINE)	C	
2472-0712	EXPLORATORY RESEARCH AND HYPOTHESIS IN MEDICINE (ONLINE)	B2	
2667-2766	EXPLORATORY RESEARCH IN CLINICAL AND SOCIAL PHARMACY	A4	
1550-8307	EXPLORE (NEW YORK, N.Y.)	A2	
1788-618X	EXPRESS POLYMER LETTERS	A3	
2358-8195	EXPRESSA EXTENSÃO	A4	
1414-4190	EXPRESSA EXTENSÃO (UFPEL)	A4	
2499-1341	EXPRESSION	B2	
2358-7180	EXTENSÃO EM FOCO	A4	
2525-5347	EXTENSÃO EM REVISTA	B1	
2318-1796	EXTENSÃO RURAL	A4	
2674-9319	EXTENSÃO TECNOLÓGICA (ONLINE)	A4	
1807-0221	EXTENSIO: REVISTA ELETRÔNICA DE EXTENSÃO	B2	
2318-3640	EXTRAMUROS - REVISTA DE EXTENSÃO DA UNIVASF	B1	
1519-6895	EXTRAPRENSA (USP)	A2	
1431-0651	EXTREMOPHILES (TOKYO. PRINT)	A4	
1542-2321	EYE & CONTACT LENS	A2	
2183-7201	E3 - REVISTA DE ECONOMIA, EMPRESAS E EMPREENDEDORES NA CPLP	B3	
1516-6503	FACEF PESQUISA	B3	
2316-3402	FACEF PESQUISA: DESENVOLVIMENTO E GESTÃO (ONLINE)	B3	
2358-3878	FACES DA HISTÓRIA	B2	
2359-4489	FACES DE CLIO	B2	
1984-6975	FACES (FACE/FUMEC)	B1	
0263-2772	FACILITIES (LONDON)	A1	
2526-4281	FACIT BUSINESS AND TECHNOLOGY JOURNAL	A2	
0354-2025	FACTA UNIVERSITATIS. SERIES: MECHANICAL ENGINEERING	A1	
2526-8023	FACULDADE SANT'ANA EM REVISTA	A4	
2525-5169	FALANGE MIÚDA	B1	
2763-7654	FARMACOTERAPÊUTICA (ONLINE)	B4	
2949-9119	FARMING SYSTEM (ONLINE)	B1	
2764-2097	FAROFA CRÍTICA (ONLINE)	B4	
2358-6311	FAROL - REVISTA DE ESTUDOS ORGANIZACIONAIS E SOCIEDADE	B1	
1517-7858	FAROL (VITÓRIA)	A3	
1677-0439	FAZ CIÊNCIA (UNIOESTE. IMPRESSO)	B2	
2525-3417	FEIRA LITERÁRIA BRASIL - ÁFRICA DE VITÓRIA-ES	B2	
0100-7254	FEMINA (RIO DE JANEIRO)	B4	
1557-0851	FEMINIST CRIMINOLOGY	A1	
0966-3622	FEMINIST LEGAL STUDIES	A1	
1471-5902	FEMINIST MEDIA STUDIES	A1	
0168-6496	FEMS MICROBIOLOGY ECOLOGY (PRINT)	A1	
0378-1097	FEMS MICROBIOLOGY LETTERS	B1	
1574-6968	FEMS MICROBIOLOGY LETTERS (ONLINE)	B1	
1567-1356	FEMS YEAST RESEARCH	A4	
1567-1364	FEMS YEAST RESEARCH (ONLINE)	A4	
1807-6971	FENIX: REVISTA DE HISTORIA E ESTUDOS CULTURAIS	A3	
1688-6151	FERMENTARIO (ONLINE) - DEPARTAMENTO DE HISTORIA Y FILOSOFÍ-A DE LA EDUCACIÓN.	B2	
2311-5637	FERMENTATION	B1	
0798-3069	FERMENTUM	A3	
2674-6719	FERNÃO	B2	
0015-0193	FERROELECTRICS (PRINT)	B3	
0015-0282	FERTILITY AND STERILITY	A1	
1551-3815	FETAL AND PEDIATRIC PATHOLOGY	A4	
0177-7963	FEW-BODY SYSTEMS	A4	
2079-6439	FIBERS	A4	
1229-9197	FIBERS AND POLYMERS	A2	
0378-4290	FIELD CROPS RESEARCH	A1	
2317-4625	FIGURA. STUDI SULL`IMMAGINE NELLA TRADIZIONE CLASSICA	A3	
2594-0449	FILHA (EN LÍNEA)	A2	
1980-5934	FILOSOFIA AURORA	A1	
1984-9605	FILOSOFIA E EDUCAÇÃO	A3	
1983-053X	FILOSOFIA E HISTÓRIA DA BIOLOGIA	B2	
1984-8234	FILOSOFIA UNISINOS	A1	
1519-5023	FILOSOFIA UNISINOS	A1	
2310-8770	FINANCIAL AND CREDIT ACTIVITY: PROBLEMS OF THEORY AND PRACTICE (ONLINE)	B3	
2236-5907	FINEDUCA: REVISTA DE FINANCIAMENTO DA EDUCAÇÃO	A3	
0430-5027	FINISTERRA	A1	
0168-874X	FINITE ELEMENTS IN ANALYSIS AND DESIGN	A1	
2341-9938	FINNISH BUSINESS REVIEW	A4	
2674-1032	FINTECH (ONLINE)	C	
0379-7112	FIRE SAFETY JOURNAL	A2	
1396-0466	FIRST MONDAY (ONLINE)	A1	
1050-4648	FISH & SHELLFISH IMMUNOLOGY (PRINT)	A1	
2667-0119	FISH & SHELLFISH IMMUNOLOGY REPORTS	A2	
0920-1742	FISH PHYSIOLOGY AND BIOCHEMISTRY	A2	
0165-7836	FISHERIES RESEARCH	A3	
0919-9268	FISHERIES SCIENCE	A4	
2410-3888	FISHES	A3	
2238-8028	FISIOTERAPIA & SAÚDE FUNCIONAL	B3	
1518-9740	FISIOTERAPIA BRASIL	B2	
2526-9747	FISIOTERAPIA BRASIL (ONLINE)	B2	
2316-9117	FISIOTERAPIA E PESQUISA	B1	
0103-5150	FISIOTERAPIA EM MOVIMENTO	B1	
1980-5918	FISIOTERAPIA EM MOVIMENTO	B1	
1809-3469	FISIOTERAPIA SER	B4	
2318-3381	FISISENECTUS	B3	
0367-326X	FITOTERAPIA (MILANO)	A4	
2452-2627	FLATCHEM	A2	
0367-2530	FLORA (JENA)	A3	
2179-8087	FLORAM	A4	
2687-6442	FLORENCE NIGHTINGALE JOURNAL OF NURSING	B3	
1982-4688	FLORESTA (ONLINE) (CURITIBA)	B1	
0015-3826	FLORESTA (UFPR. IMPRESSO)	B1	
2643-6248	FLORIDA PUBLIC HEALTH REVIEW	B4	
0955-5986	FLOW MEASUREMENT AND INSTRUMENTATION	A3	
0219-4775	FLUCTUATION AND NOISE LETTERS	A2	
0378-3812	FLUID PHASE EQUILIBRIA	A1	
2311-5521	FLUIDS	C	
1661-5719	FLUSSER STUDIES	B3	
1981-223X	FOCO (FACULDADE NOVO MILÊNIO)	C	
1415-8248	FOCO (RIBEIRÃO PRETO)	C	
1982-5986	FOLHETIM: REVISTA DE PSICANÁLISE DO FÓRUM DO CAMPO LACANIANO DO RIO DE JANEIRO	B4	
2410-1184	FOLIA AMAZÓNICA	B4	
0325-8238	FOLIA HISTÓRICA DEL NORDESTE	A1	
2083-5965	FOLIA HORTICULTURAE	A3	
0015-5632	FOLIA MICROBIOLOGICA (PRAGUE)	A4	
1021-7762	FOLIA PHONIATRICA ET LOGOPAEDICA	A2	
1421-9972	FOLIA PHONIATRICA ET LOGOPAEDICA (ONLINE)	A2	
2176-4182	FÓLIO - REVISTA DE LETRAS	A3	
2560-3191	FOLKLORISTIKA [FOLKLORISTICS]	B3	
1668-9402	FONOAUDIOLÓGICA (BUENOS AIRES)	B4	
2042-650X	FOOD & FUNCTION	A1	
5406-5415	FOOD & FUNCTION (ONLINE)	A1	
1944-0049	FOOD ADDITIVES & CONTAMINANTS. PART A. CHEMISTRY, ANALYSIS, CONTROL, EXPOSURE & RISK ASSESSMENT (PRINT)	A2	
1939-3210	FOOD ADDITIVES & CONTAMINANTS. PART B. SURVEILLANCE COMMUNICATIONS	A3	
1944-0057	FOOD ADDITVES & CONTAMINANTS - PART A - CHEMISTRY, ANALYSIS,	A2	
1936-976X	FOOD ANALYTICAL METHODS (INTERNET)	A2	
1936-9751	FOOD ANALYTICAL METHODS (PRINT)	A2	
1935-5130	FOOD AND BIOPROCESS TECHNOLOGY (PRINT)	A1	
0960-3085	FOOD AND BIOPRODUCTS PROCESSING	A1	
0278-6915	FOOD AND CHEMICAL TOXICOLOGY	A1	
2048-3694	FOOD AND ENERGY SECURITY	A1	
1867-0342	FOOD AND ENVIRONMENTAL VIROLOGY	A2	
1867-0334	FOOD AND ENVIRONMENTAL VIROLOGY	A2	
2949-8244	FOOD AND HUMANITY (ONLINE)	C	
1557-1858	FOOD BIOPHYSICS	A3	
2212-4292	FOOD BIOSCIENCE	A2	
0308-8146	FOOD CHEMISTRY	A1	
2772-753X	FOOD CHEMISTRY ADVANCES	B1	
2666-5662	FOOD CHEMISTRY: MOLECULAR SCIENCES	A3	
2590-1575	FOOD CHEMISTRY: X	A1	
0956-7135	FOOD CONTROL	A1	
1552-8014	FOOD, CULTURE, & SOCIETY	B1	
0268-005X	FOOD HYDROCOLLOIDS	A1	
2667-0259	FOOD HYDROCOLLOIDS FOR HEALTH	A2	
2771-4683	FOOD MATERIALS RESEARCH (ONLINE)	B3	
2214-2894	FOOD PACKAGING AND SHELF LIFE	A1	
2381-182X	FOOD PROCESSING & TECHNOLOGY	C	
2661-8974	FOOD PRODUCTION, PROCESSING AND NUTRITION	A2	
0950-3293	FOOD QUALITY AND PREFERENCE	A1	
2399-1399	FOOD QUALITY AND SAFETY	A2	
0963-9969	FOOD RESEARCH INTERNATIONAL	A1	
8755-9129	FOOD REVIEWS INTERNATIONAL (PRINT)	A1	
0101-2061	FOOD SCIENCE & TECHNOLOGY (IMPRESSO)	C	
1096-1127	FOOD SCIENCE & TECHNOLOGY (ONLINE)	A1	
2603-3380	FOOD SCIENCE AND APPLIED BIOTECHNOLOGY	B2	
1226-7708	FOOD SCIENCE AND BIOTECHNOLOGY (SEOUL)	A3	
2717-5839	FOOD SCIENCE AND ENGINEERING	C	
1082-0132	FOOD SCIENCE AND TECHNOLOGY INTERNATIONAL	A2	
2965-1190	FOOD SCIENCE TODAY (ONLINE)	C	
2213-3291	FOOD STRUCTURE	A2	
1330-9862	FOOD TECHNOLOGY AND BIOTECHNOLOGY	A4	
2352-2496	FOOD WEBS	A4	
1535-3141	FOODBORNE PATHOGENS AND DISEASE	A1	
2304-8158	FOODS	A2	
1268-7731	FOOT AND ANKLE SURGERY (PRINT)	A3	
2571-9394	FORECASTING (ONLINE)	A3	
1665-1707	FOREIGN AFFAIRS: LATINOAMEIRCA	A2	
2468-1709	FORENSIC CHEMISTRY	A1	
2469-2794	FORENSIC RESEARCH & CRIMINOLOGY INTERNATIONAL JOURNAL	A3	
0379-0738	FORENSIC SCIENCE INTERNATIONAL	A1	
2096-1790	FORENSIC SCIENCES RESEARCH (PRINT)	A1	
2500-2597	FORESIGHT AND STI GOVERNANCE	A3	
1463-6689	FORESIGHT (CAMBRIDGE)	A1	
0378-1127	FOREST ECOLOGY AND MANAGEMENT	A1	
1389-9341	FOREST POLICY AND ECONOMICS	A1	
0015-7473	FOREST PRODUCTS JOURNAL	A4	
0015-749X	FOREST SCIENCE	A3	
2171-5068	FOREST SYSTEMS	B1	
2171-9845	FOREST SYSTEMS (INTERNET)	B1	
1999-4907	FORESTS	A2	
2176-4360	FORMAÇÃO DOCENTE	A2	
2675-181X	FORMAÇÃO EM MOVIMENTO	B1	
2178-7298	FORMAÇÃO (ONLINE)	A2	
1517-543X	FORMAÇÃO (PRESIDENTE PRUDENTE)	A2	
2675-4797	FORM@ÇÃO DE PROFESSORES EM REVISTA	B3	
2318-986X	FORM@RE -REVISTA DO PLANO NACIONAL DE FORMAÇÃO DE PROFESSOES DA EDUCAÇÃO BÁSICA/UFPI	B1	
1698-7799	FORO DE EDUCACIÓN	A2	
1698-7802	FORO DE EDUCACIÓN	A2	
2644-2906	FORTUNE JOURNAL OF HEALTH SCIENCES	B3	
1678-8648	FÓRUM ADMINISTRATIVO	B1	
1984-4107	FÓRUM ADMINISTRATIVO - DIREITO PÚBLICO	B1	
1980-0827	FÓRUM AMBIENTAL DA ALTA PAULISTA	B2	
1984-4166	FÓRUM DE DIREITO URBANO E AMBIENTAL	B2	
2675-6560	FÓRUM FASHION REVOLUTION	B4	
0803-9410	FORUM FOR DEVELOPMENT STUDIES	A3	
1415-8698	FÓRUM LINGUÍSTICO	A1	
1984-8412	FÓRUM LINGUISTICO (ONLINE)	A1	
1982-9531	FÓRUM PATRIMÔNIO : AMBIENTE CONSTRUÍDO E PATRIMÔNIO SUSTENTÁVEL (UFMG. ONLINE)	A4	
2182-7427	FORUM SOCIOLÓGICO	B3	
2595-3559	FOTOCRONOGRAFIAS	B2	
1554-057X	FOUNDATIONS AND TRENDS IN NETWORKING	B4	
0867-6356	FOUNDATIONS OF COMPUTING AND DECISION SCIENCES	A4	
1233-1821	FOUNDATIONS OF SCIENCE (PRINT)	A2	
2504-3110	FRACTAL AND FRACTIONAL	A3	
1984-0292	FRACTAL: REVISTA DE PSICOLOGIA	A2	
0218-348X	FRACTALS (SINGAPORE)	A1	
1311-0454	FRACTIONAL CALCULUS AND APPLIED ANALYSIS	A1	
1983-7828	FRAGMENTOS DE CULTURA	A1	
1519-9894	FRAGMENTUM (UFSM)	A3	
2179-2194	FRAGMENTUM (UFSM)	A3	
1957-6668	FRANCE AMERIQUE LATINE MAGAZINE	B4	
0891-5849	FREE RADICAL BIOLOGY & MEDICINE	A1	
1071-5762	FREE RADICAL RESEARCH	A3	
0046-5070	FRESHWATER BIOLOGY (PRINT)	A1	
1679-5377	FRONTEIRA (PUCMG)	B1	
2764-3743	FRONTEIRAS DA REPRESENTAÇÃO DO CONHECIMENTO	B1	
2446-8215	FRONTEIRAS E DEBATES	B2	
1518-6113	FRONTEIRAS: ESTUDOS MIDIÁTICOS	A2	
2238-8869	FRONTEIRAS: JOURNAL OF SOCIAL, TECHNOLOGICAL AND ENVIRONMENTAL SCIENCE	A4	
2238-9717	FRONTEIRAS: REVISTA CATARINENSE DE HISTÓRIA	A1	
2175-0742	FRONTEIRAS: REVISTA DE HISTÓRIA	A2	
1983-4373	FRONTEIRAZ (SÃO PAULO)	A3	
2618-2459	FRONTERAS EN MEDICINA  (CIUDAD AUTÓNOMA DE BUENOS AIRES) (PRINT)	B3	
2675-9470	FRONTERÍA	C	
2813-2467	FRONTIER IN ANTIBIOTICS (ONLINE)	B2	
2673-6217	FRONTIERS AGING	A4	
2296-6846	FRONTIERS FOR YOUNG MINDS	C	
1663-4365	FRONTIERS IN AGING NEUROSCIENCE	A3	
2673-9283	FRONTIERS IN ANALYTICAL SCIENCE	C	
2673-6225	FRONTIERS IN ANIMAL SCIENCE	A2	
2296-987X	FRONTIERS IN ASTRONOMY AND SPACE SCIENCES	B1	
1662-5153	FRONTIERS IN BEHAVIORAL NEUROSCIENCE	A3	
2624-909X	FRONTIERS IN BIG DATA	C	
2296-4185	FRONTIERS IN BIOENGINEERING AND BIOTECHNOLOGY	A2	
2673-7647	FRONTIERS IN BIOINFORMATICS	A3	
1945-0516	FRONTIERS IN BIOSCIENCE - SCHOLAR	A4	
2813-4192	FRONTIERS IN CARBON	C	
2297-055X	FRONTIERS IN CARDIOVASCULAR MEDICINE	A3	
2296-634X	FRONTIERS IN CELL AND DEVELOPMENTAL BIOLOGY	A1	
2235-2988	FRONTIERS IN CELLULAR AND INFECTION MICROBIOLOGY	A2	
1662-5102	FRONTIERS IN CELLULAR NEUROSCIENCE	A2	
2673-2718	FRONTIERS IN CHEMICAL ENGINEERING.	B1	
2296-2646	FRONTIERS IN CHEMISTRY	A2	
2624-9553	FRONTIERS IN CLIMATE	C	
2297-900X	FRONTIERS IN COMMUNICATION	C	
1662-5188	FRONTIERS IN COMPUTATIONAL NEUROSCIENCE	C	
2673-611X	FRONTIERS IN CONSERVATION SCIENCE	A4	
2673-4915	FRONTIERS IN DENTAL MEDICINE	C	
2673-253X	FRONTIERS IN DIGITAL HEALTH	A3	
2674-0338	FRONTIERS IN DRUG DISCOVERY (LAUSANNE)	C	
2296-6463	FRONTIERS IN EARTH SCIENCE	A3	
2296-701X	FRONTIERS IN ECOLOGY AND EVOLUTION	A3	
1540-9295	FRONTIERS IN ECOLOGY AND THE ENVIRONMENT (PRINT)	A1	
2504-284X	FRONTIERS IN EDUCATION	C	
1664-2392	FRONTIERS IN ENDOCRINOLOGY	A3	
2296-665X	FRONTIERS IN ENVIRONMENTAL SCIENCE	A3	
2674-1199	FRONTIERS IN EPIDEMIOLOGY	B3	
2624-893X	FRONTIERS IN FORESTS AND GLOBAL CHANGE	A2	
1664-8021	FRONTIERS IN GENETICS	A4	
1662-5161	FRONTIERS IN HUMAN NEUROSCIENCE	B1	
1664-3224	FRONTIERS IN IMMUNOLOGY (ONLINE)	A2	
1662-5145	FRONTIERS IN INTEGRATIVE NEUROSCIENCE	B1	
2296-7745	FRONTIERS IN MARINE SCIENCE	A1	
2673-3129	FRONTIERS IN MEDICAL TECHNOLOGY	A1	
2296-858X	FRONTIERS IN MEDICINE	A2	
1664-302X	FRONTIERS IN MICROBIOLOGY (ONLINE)	A3	
2296-889X	FRONTIERS IN MOLECULAR BIOSCIENCES	A2	
2673-3013	FRONTIERS IN NANOTECHNOLOGY	A2	
1662-5110	FRONTIERS IN NEURAL CIRCUITS	A2	
1662-5129	FRONTIERS IN NEUROANATOMY	A2	
2673-6195	FRONTIERS IN NEUROERGONOMICS	B1	
1662-5196	FRONTIERS IN NEUROINFORMATICS	B1	
1664-2295	FRONTIERS IN NEUROLOGY	A4	
1662-453X	FRONTIERS IN NEUROSCIENCE	A3	
2296-861X	FRONTIERS IN NUTRITION	A3	
2813-8287	FRONTIERS IN OCEAN SUSTAINABILITY	C	
2234-943X	FRONTIERS IN ONCOLOGY	A3	
2673-4842	FRONTIERS IN ORAL HEALTH	C	
2673-561X	FRONTIERS IN PAIN RESEARCH	A2	
2296-2360	FRONTIERS IN PEDIATRICS	B1	
1663-9812	FRONTIERS IN PHARMACOLOGY	A2	
2296-424X	FRONTIERS IN PHYSICS	A4	
1664-042X	FRONTIERS IN PHYSIOLOGY	A3	
1664-462X	FRONTIERS IN PLANT SCIENCE	A1	
2673-3145	FRONTIERS IN POLITICAL SCIENCE	C	
1664-0640	FRONTIERS IN PSYCHIATRY	A4	
1664-1078	FRONTIERS IN PSYCHOLOGY	A2	
2296-2565	FRONTIERS IN PUBLIC HEALTH	A1	
2673-6861	FRONTIERS IN REHABILITATION SCIENCES	B1	
2673-6187	FRONTIERS IN REMOTE SENSING	A3	
2673-3153	FRONTIERS IN REPRODUCTIVE HEALTH	B1	
2504-0537	FRONTIERS IN RESEARCH METRICS AND ANALYTICS	C	
2297-7775	FRONTIERS IN SOCIOLOGY	C	
2673-8619	FRONTIERS IN SOIL SCIENCE	B1	
2624-9367	FRONTIERS IN SPORTS AND ACTIVE LIVING	A2	
2673-4524	FRONTIERS IN SUSTAINABILITY	C	
2624-9634	FRONTIERS IN SUSTAINABLE CITIES	C	
2571-581X	FRONTIERS IN SUSTAINABLE FOOD SYSTEMS	A1	
2673-3080	FRONTIERS IN TOXICOLOGY	A2	
2673-7515	FRONTIERS IN TROPICAL DISEASES	B4	
2297-1769	FRONTIERS IN VETERINARY SCIENCE	A1	
2673-818X	FRONTIERS IN VIROLOGY	B2	
2624-9375	FRONTIERS IN WATER	C	
1742-9994	FRONTIERS IN ZOOLOGY	A1	
1948-6596	FRONTIERS OF BIOGEOGRAPHY	A3	
2544-8994	FRONTIERS OF NURSING	B3	
0016-2361	FUEL (GUILDFORD)	A1	
0378-3820	FUEL PROCESSING TECHNOLOGY	A1	
2526-4494	FULIA UFMG	A4	
0104-351X	FUMDHAMENTOS	B3	
2633-8823	FUNCTION	A1	
1438-793X	FUNCTIONAL & INTEGRATIVE GENOMICS (PRINT)	A2	
2631-6331	FUNCTIONAL COMPOSITES AND STRUCTURES (ONLINE)	A3	
0269-8463	FUNCTIONAL ECOLOGY (PRINT)	A1	
1445-4408	FUNCTIONAL PLANT BIOLOGY (PRINT)	A2	
2595-9433	FUNCTIONAL PLANT BREEDING JOURNAL	B2	
0767-3981	FUNDAMENTAL & CLINICAL PHARMACOLOGY	A3	
1472-8206	FUNDAMENTAL & CLINICAL PHARMACOLOGY	A3	
1878-6146	FUNGAL BIOLOGY	A2	
1560-2745	FUNGAL DIVERSITY	A1	
1809-4929	FUNORTE HUMANIDADES	B3	
2314-7210	FUTURE BUSINESS JOURNAL	A2	
1876-0899	FUTURE CITY	A4	
2666-8335	FUTURE FOODS	A1	
0167-739X	FUTURE GENERATION COMPUTER SYSTEMS	A1	
1999-5903	FUTURE INTERNET	C	
2314-7253	FUTURE JOURNAL OF PHARMACEUTICAL SCIENCES	A3	
1756-8919	FUTURE MEDICINAL CHEMISTRY	A4	
1746-0913	FUTURE MICROBIOLOGY (PRINT)	A4	
2673-9879	FUTURE PHARMACOLOGY	B3	
2175-5825	FUTURE STUDIES RESEARCH JOURNAL	A4	
1746-0794	FUTURE VIROLOGY (PRINT)	B1	
0016-3287	FUTURES (LONDON)	A1	
0165-0114	FUZZY SETS AND SYSTEMS	A1	
2046-1402	F1000RESEARCH	A2	
2565-005X	GACETA MEXICANA DE ONCOLOGÍA	B2	
0213-9111	GACETA SANITARIA (BARCELONA. ED. IMPRESA)	A2	
1981-1268	GAIA SCIENTIA (UFPB)	B3	
0966-6362	GAIT & POSTURE	A2	
1982-2553	GALÁXIA (SÃO PAULO. ONLINE)	A1	
2075-4434	GALAXIES — OPEN ACCESS COSMOLOGY, ASTRONOMY & ASTROPHYSICS JOURNAL	A3	
1604-7982	GAME STUDIES: THE INTERNATIONAL JOURNAL OF COMPUTER GAME RESEARCH	B2	
2073-4336	GAMES	C	
2161-783X	GAMES FOR HEALTH JOURNAL	A1	
2161-7856	GAMES FOR HEALTH: RESEARCH, DEVELOPMENT, AND CLINICAL APPLICATIONS	A1	
2364-382X	GAMEVIRONMENTS	B2	
2673-5628	GASES	C	
1918-2805	GASTROENTEROLOGY RESEARCH	B3	
1687-6121	GASTROENTEROLOGY RESEARCH AND PRACTICE	B1	
2358-0666	GAVAGAI: REVISTA INTERDISCIPLINAR DE HUMANIDADES	B3	
1827-1812	GAZZETTA MEDICA ITALIANA ARCHIVIO PER LE SCIENZE MEDICHE	B2	
0393-3660	GAZZETTA MEDICA ITALIANA. ARCHIVIO PER LE SCIENZE MEDICHE (TESTO STAMPATO)	B2	
1981-5751	GC BRASIL	B4	
2674-5887	GEEKERD	B4	
2310-2861	GELS	C	
1754-2413	GENDER IN MANAGEMENT (PRINT)	A1	
0968-6673	GENDER, WORK AND ORGANIZATION	A1	
1468-0432	GENDER, WORK AND ORGANIZATION	A1	
2811-003X	GENE & PROTEIN IN DISEASE (ONLINE)	B3	
0378-1119	GENE (AMSTERDAM)	A4	
2452-0144	GENE REPORTS	B2	
0363-6771	GENERAL DENTISTRY	B1	
0163-8343	GENERAL HOSPITAL PSYCHIATRY	A1	
0001-7701	GENERAL RELATIVITY AND GRAVITATION	A3	
1517-9699	GÊNERO	A2	
2238-8184	GÊNERO NA AMAZÔNIA	B2	
2992-7862	GÉNEROOS (ONLINE)	A3	
2014-3613	GÉNEROS - MULTIDISCIPLINARY JOURNAL OF GENDER STUDIES	B2	
2073-4425	GENES	A4	
1466-4879	GENES AND IMMUNITY	A2	
1601-1848	GENES, BRAIN AND BEHAVIOR (PRINT)	A2	
1389-2576	GENETIC PROGRAMMING AND EVOLVABLE MACHINES	A2	
0925-9864	GENETIC RESOURCES AND CROP EVOLUTION (PRINT)	A2	
1980-3540	GENÉTICA NA ESCOLA	B3	
0016-6707	GENETICA ('S-GRAVENHAGE)	A3	
2566-431X	GENETICS & APPLICATIONS (ONLINE)	B3	
1415-4757	GENETICS AND MOLECULAR BIOLOGY (IMPRESSO)	A3	
1678-4685	GENETICS AND MOLECULAR BIOLOGY (ONLINE VERSION)	A3	
1676-5680	GENETICS AND MOLECULAR RESEARCH	B4	
1759-6653	GENOME BIOLOGY AND EVOLUTION	A2	
1480-3321	GENOME (OTTAWA. ONLINE)	A4	
0831-2796	GENOME (OTTAWA. PRINT)	A4	
1088-9051	GENOME RESEARCH	A1	
2234-0742	GENOMICS & INFORMATICS	B1	
1672-0229	GENOMICS, PROTEOMICS & BIOINFORMATICS	A1	
0888-7543	GENOMICS (SAN DIEGO, CALIF.)	A2	
1415-7543	GEO UERJ	A1	
1981-9021	GEO UERJ (2007)	A1	
1980-7759	GEOAMAZÔNIA (UFPA)	A3	
1679-9860	GEOAMBIENTE ON-LINE	A3	
1472-4669	GEOBIOLOGY	A1	
1010-6049	GEOCARTO INTERNATIONAL	A1	
1525-2027	GEOCHEMISTRY, GEOPHYSICS, GEOSYSTEMS	A1	
0102-9800	GEOCHIMICA BRASILIENSIS	B2	
0016-7037	GEOCHIMICA ET COSMOCHIMICA ACTA	A1	
1980-900X	GEOCIÊNCIAS (SÃO PAULO. ONLINE)	B2	
2359-6007	GEOCONEXÕES	A4	
0016-7061	GEODERMA (AMSTERDAM)	A1	
2352-0094	GEODERMA REGIONAL	A2	
2949-8910	GEOENERGY SCIENCE AND ENGINEERING	B3	
1578-5157	GEOFOCUS (MADRID)	B1	
0016-7185	GEOFORUM	A1	
2447-9195	GEOFRONTER	A3	
1518-2002	GEOGRAFARES: REVISTA DO MESTRADO E DO DEPARTAMENTO DE GEOGRAFIA, CENTRO DE CIÊNCIAS HUMANAS E NATURAIS (UFES)	A2	
2595-9026	GEOGRAFIA	B2	
1984-1647	GEOGRAFIA EM ATOS (ONLINE)	A2	
2178-0234	GEOGRAFIA EM QUESTÃO (ONLINE)	A3	
2236-4994	GEOGRAFIA ENSINO & PESQUISA	A2	
0102-3888	GEOGRAFIA (LONDRINA)	A2	
2447-1747	GEOGRAFIA (LONDRINA)	A2	
2178-3306	GEOGRAFIA, MEIO AMBIENTE E ENSINO (GEOMAE)	A4	
1983-8700	GEOGRAFIA (RIO CLARO. ONLINE)	A1	
1852-8031	GEOGRAFÍA Y SISTEMAS DE INFORMACIÓN GEOGRÁFICA	B2	
2237-549X	GEOGRAFIAS	A2	
1668-5180	GEOGRAFICA DIGITAL	B2	
2346-898X	GEOGRAFICANDO	B2	
2446-9165	GEOGRAPHIA MERIDIONALIS	A3	
2358-1972	GEOGRAPHIA OPPORTUNO TEMPORE	A3	
1517-7793	GEOGRAPHIA (UFF)	A1	
2674-8126	GEOGRAPHIA (UFF)	A1	
1295-926X	GÉOGRAPHIE, ÉCONOMIE, SOCIÉTÉ	B4	
2673-7086	GEOGRAPHIES	C	
2542-1565	GEOGRAPHY, ENVIRONMENT, SUSTAINABILITY (ONLINE)	A4	
2175-862X	GEOINGÁ: REVISTA DO PROGRAMA DE PÓS-GRADUAÇÃO EM GEOGRAFIA	A3	
0343-2521	GEOJOURNAL	A2	
1572-9893	GEOJOURNAL	A2	
2316-9095	GEOLOGIA USP. SÉRIE CIENTÍFICA (ONLINE)	B2	
1696-5728	GEOLOGICA ACTA	A3	
0016-7606	GEOLOGICAL SOCIETY OF AMERICA BULLETIN	A1	
0091-7613	GEOLOGY (BOULDER, COLO.)	A1	
0276-0460	GEO-MARINE LETTERS	A2	
1748-6025	GEOMECHANICS AND GEOENGINEERING (PRINT)	A4	
0149-0451	GEOMICROBIOLOGY JOURNAL	A2	
0169-555X	GEOMORPHOLOGY (AMSTERDAM)	A1	
1518-6059	GEONORDESTE (UFS)	A2	
2237-1419	GEONORTE	A2	
2594-5033	GEOPAUTA	A2	
0956-540X	GEOPHYSICAL JOURNAL INTERNATIONAL (PRINT)	A1	
0016-8025	GEOPHYSICAL PROSPECTING (PRINT)	A2	
0094-8276	GEOPHYSICAL RESEARCH LETTERS	A1	
0016-8033	GEOPHYSICS	A2	
1983-3644	GEOPUC (RIO DE JANEIRO)	B3	
2178-0463	GEOSABERES REVISTA DE ESTUDOS GEOEDUCACIONAIS	A2	
2569-7110	GEOSCIENCE COMMUNICATION	A3	
1674-9871	GEOSCIENCE FRONTIERS	A1	
2076-3263	GEOSCIENCES	A2	
1827-1987	GEOSPATIAL HEALTH (TESTO STAMPATO)	B1	
1009-5020	GEO-SPATIAL INFORMATION SCIENCE	A1	
2177-5230	GEOSUL	A1	
0103-3964	GEOSUL (UFSC)	A1	
0960-3182	GEOTECHNICAL AND GEOLOGICAL ENGINEERING	A2	
1984-5537	GEOTEXTOS (ONLINE)	A2	
0375-6505	GEOTHERMICS (NEW YORK)	A1	
2179-0892	GEOUSP: ESPAÇO E TEMPO	A1	
2675-4967	GEPLAT PAPERS. ACADEMIC JOURNAL OF STUDIES IN SOCIETY, SCIENCES AND TECHNOLOGIES	B4	
1984-2430	GEPROS GESTÃO DA PRODUÇÃO, OPERAÇÕES E SISTEMAS	B3	
1983-8220	GERAIS: REVISTA INTERINSTITUCIONAL DE PSICOLOGIA	A3	
0197-4572	GERIATRIC NURSING (NEW YORK)	A2	
1444-1586	GERIATRICS AND GERONTOLOGY INTERNATIONAL	A2	
2308-3417	GERIATRICS (BASEL)	A4	
2447-2123	GERIATRICS, GERONTOLOGY AND AGING	B1	
2447-2115	GERIATRICS, GERONTOLOGY AND AGING	B1	
2750-624X	GERMAN JOURNAL OF PHARMACEUTICALS AND BIOMATERIALS (PRINT)	B3	
2175-5604	GERMINAL: MARXISMO E EDUCAÇÃO EM DEBATE	A3	
0734-0664	GERODONTOLOGY	A2	
1741-2358	GERODONTOLOGY	A2	
1569-1101	GERONTECHNOLOGY (VALKENSWAARD. GEDRUKT)	B2	
2101-0218	GÉRONTOLOGIE ET SOCIÉTÉ	A2	
2578-0093	GERONTOLOGY & GERIATRICS STUDIES	C	
2333-7214	GERONTOLOGY AND GERIATRIC MEDICINE	B1	
2509-2715	GEROSCIENCE	A1	
2965-4440	GESTADI - REVISTA DO GRUPO DE ESTUDO DE ANÁLISE DO DISCURSO (ONLINE)	B4	
2965-4556	GESTÃO & CUIDADO EM SAÚDE	B4	
1806-9649	GESTÃO & PRODUÇÃO	B1	
0104-530X	GESTÃO & PRODUÇÃO (UFSCAR. IMPRESSO)	B1	
1808-5792	GESTÃO & REGIONALIDADE	A4	
2176-5308	GESTÃO & REGIONALIDADE (ONLINE)	A4	
1981-1543	GESTÃO & TECNOLOGIA DE PROJETOS	A2	
2177-3068	GESTÃO CONTEMPORÂNEA	B4	
2238-4170	GESTÃO CONTEMPORÂNEA	B3	
2317-5087	GESTÃO E CONEXÕES	B1	
2446-8738	GESTÃO E DESENVOLVIMENTO EM REVISTA	B3	
2446-6875	GESTÃO E DESENVOLVIMENTO (ONLINE)	B1	
2178-8030	GESTAO E PLANEJAMENTO	A4	
1980-5756	GESTÃO E SOCIEDADE	B1	
2594-9020	GESTÃO EM CONHECIMENTO – RGC	B3	
2175-733X	GESTÃO EM FOCO - UNISEPE	B4	
2595-5861	GESTÃO, INOVAÇÃO E EMPREENDEDORISMO	B3	
1679-1827	GESTÃO.ORG	B1	
1989-8991	GESTIÓN Y ANÁLISIS DE POLÍTICAS PÚBLICAS	A4	
2539-3669	GESTIÓN Y DESARROLLO LIBRE	A4	
1405-1079	GESTIÓN Y POLÍTICA PÚBLICA	A4	
2595-3109	GESTO-DEBATE	A4	
2709-4715	GIGABYTE	B1	
2174-9515	GIGAPP ESTUDIOS WORKING PAPERS	B1	
2047-217X	GIGASCIENCE (ONLINE)	A1	
1593-0793	GIORNALE DI STORIA COSTITUZIONALE	A2	
1121-4171	GIORNALE ITALIANO DI ENDODONZIA	B3	
2358-4467	GIRAMUNDO - REVISTA DE GEOGRAFIA DO COLÉGIO PEDRO II	A3	
2525-3123	GIS - GESTO, IMAGEM E SOM - REVISTA DE ANTROPOLOGIA	A3	
1654-9716	GLOB HEALTH ACTION	A2	
2675-5602	GLOBAL ACADEMIC NURSING JOURNAL	B1	
0921-8181	GLOBAL AND PLANETARY CHANGE (PRINT)	A1	
1128-7462	GLOBAL BIOETHICS	B2	
0886-6236	GLOBAL BIOGEOCHEMICAL CYCLES	A1	
1757-1693	GLOBAL CHANGE BIOLOGY. BIOENERGY	A1	
1354-1013	GLOBAL CHANGE BIOLOGY (PRINT)	A1	
2763-8847	GLOBAL CLINICAL RESEARCH JOURNAL (ONLINE)	C	
1986-2601	GLOBAL DIALOGUE	A4	
1466-822X	GLOBAL ECOLOGY AND BIOGEOGRAPHY (PRINT)	A1	
2351-9894	GLOBAL ECOLOGY AND CONSERVATION	A1	
1973-3739	GLOBAL ENVIRONMENT	A3	
2590-1133	GLOBAL EPIDEMIOLOGY	A3	
2211-9124	GLOBAL FOOD SECURITY	A1	
1654-9880	GLOBAL HEALTH ACTION	A2	
2965-7024	GLOBAL HEALTH LAW JOURNAL (ONLINE)	B4	
1757-9759	GLOBAL HEALTH PROMOTION (PRINT)	A4	
2169-575X	GLOBAL HEALTH, SCIENCE AND PRACTICE	A4	
2211-8179	GLOBAL HEART	A1	
2211-8160	GLOBAL HEART (PRINT)	A1	
2662-9275	GLOBAL IMPLEMENTATION RESEARCH AND APPLICATIONS (ONLINE)	B3	
2832-7926	GLOBAL JOURNAL OF AGING & GERIATRIC RESEARCH (GJAGR) (ONLINE)	B4	
2575-8608	GLOBAL JOURNAL OF ARCHAEOLOGY AND ANTHROPOLOGY	B3	
1916-9736	GLOBAL JOURNAL OF HEALTH SCIENCE	A4	
1916-9744	GLOBAL JOURNAL OF HEALTH SCIENCES (ONLINE)	A4	
0975-587X	GLOBAL JOURNAL OF HUMAN SOCIAL SCIENCES	A1	
2249-460X	GLOBAL JOURNAL OF HUMAN-SOCIAL SCIENCE	A3	
2249-4588	GLOBAL JOURNAL OF MANAGEMENT AND BUSINESS RESEARCH (ONLINE)	C	
0975-5888	GLOBAL JOURNAL OF MEDICAL RESEARCH	B3	
2249-4618	GLOBAL JOURNAL OF MEDICAL RESEARCH	B3	
2249-4626	GLOBAL JOURNAL OF SCIENCE FRONTIER RESEARCH	A3	
2518-0614	GLOBAL JOURNAL OF SOCIAL SCIENCES STUDIES (ONLINE)	B3	
2301-2714	GLOBAL JOURNAL ON HUMANITIES & SOCIAL SCIENCES	B4	
1918-6711	GLOBAL LABOUR JOURNAL	A2	
2054-4251	GLOBAL MENTAL HEALTH	A4	
2333-794X	GLOBAL PEDIATRIC HEALTH	B3	
2667-0097	GLOBAL PEDIATRICS (ONLINE)	B2	
2575-7350	GLOBAL PERSPECTIVES	A4	
2754-9380	GLOBAL PSYCHIATRY ARCHIVES	B2	
1744-1706	GLOBAL PUBLIC HEALTH (ONLINE)	A2	
2709-5533	GLOBAL RHEUMATOLOGY BY PANLAR	B3	
2347-8594	GLOBAL SHOUTH - SEPHIS E-MAGAZINE	B3	
2192-5682	GLOBAL SPINE JOURNAL	A1	
2811-0021	GLOBAL TRANSLATIONAL MEDICINE (ONLINE)	B3	
1476-7724	GLOBALISATION, SOCIETIES AND EDUCATION (PRINT)	A1	
1474-774X	GLOBALIZATIONS	A1	
1474-7731	GLOBALIZATIONS (PRINT)	A1	
0282-0080	GLYCOCONJUGATE JOURNAL	A3	
2196-5226	GMS. HYGIENE AND INFECTION CONTROL	B2	
2317-2002	GNARUS REVISTA DE HISTÓRIA	B4	
2346-4712	GÓNDOLA, ENSEÑANZA Y APRENDIZAJE DE LAS CIENCIAS	A2	
1342-937X	GONDWANA RESEARCH	A1	
1818-5606	GORNYE VEDOMOSTI	B2	
0952-1895	GOVERNANCE (OXFORD)	A1	
0740-624X	GOVERNMENT INFORMATION QUARTERLY	A1	
1080-5370	GPS SOLUTIONS (HEIDELBERG)	A1	
0721-832X	GRAEFE'S ARCHIVE FOR CLINICAL AND EXPERIMENTAL OPHTHALMOLOGY	A2	
2358-4114	GRAGOATÁ	A1	
2675-9403	GRALHA AZUL	B2	
0017-3134	GRANA (STOCKHOLM)	B1	
1524-0703	GRAPHICAL MODELS (PRINT)	A1	
1516-1536	GRAPHOS - REVISTA DA PÓS-GRADUAÇÃO EM LETRAS (PRINT)	B3	
0911-0119	GRAPHS AND COMBINATORICS	B1	
1988-4214	GRASAS Y ACEITES	B1	
0017-3495	GRASAS Y ACEITES (SEVILLA)	B1	
0142-5242	GRASS AND FORAGE SCIENCE (PRINT)	A1	
1744-6961	GRASSLAND SCIENCE (PRINT)	A4	
2581-6853	GRASSROOTS JOURNAL OF NATURAL RESOURCES (ONLINE)	A4	
2318-7085	GRAU ZERO	B1	
2212-974X	GREEK AND ROMAN MUSICAL STUDIES	A1	
2772-5774	GREEN ANALYTICAL CHEMISTRY	B1	
1751-8253	GREEN CHEMISTRY LETTERS AND REVIEWS	A2	
1463-9270	GREEN CHEMISTRY (ON OLINE)	A1	
1463-9262	GREEN CHEMISTRY (PRINT)	A1	
2949-7361	GREEN TECHNOLOGIES AND SUSTAINABILITY (ONLINE)	A4	
2152-3878	GREENHOUSE GASES: SCIENCE AND TECHNOLOGY	A4	
2043-9377	GREY SYSTEMS	A2	
0017-4181	GRIAL (VIGO)	B2	
1107-0196	GRIFOS (ATHENA)	B4	
2178-1036	GRIOT - REVISTA DE FILOSOFIA	A1	
2352-801X	GROUNDWATER FOR SUSTAINABLE DEVELOPMENT	A1	
0926-2644	GROUP DECISION AND NEGOTIATION	A1	
0362-4021	GROUP (NEW YORK. 1977)	B4	
1368-4302	GROUP PROCESSES & INTERGROUP RELATIONS (PRINT)	A1	
1096-6374	GROWTH HORMONE & IGF RESEARCH	B1	
2632-8623	GRUR INTERNATIONAL	A1	
2179-9180	GUAIRACÁ	A4	
2447-4096	GUAJU, REVISTA BRASILEIRA DE DESENVOLVIMENTO TERRITORIAL SUSTENTÁVEL	B1	
2237-4957	GUARÁ - LINGUAGEM E LITERATURA	B2	
1949-0976	GUT MICROBES	A1	
2763-938X	GUTENBERG - REVISTA DE PRODUÇÃO EDITORIAL	B2	
1806-8979	GV EXECUTIVO	B2	
2160-1836	G3: GENES, GENOMES, GENETICS (BETHESDA)	A4	
1983-7798	HABITUS	A2	
1678-6475	HABITUS - REVISTA DO INSTITUTO GOIANO DE PRÉ-HISTÓRIA E ANTROPOLOGIA	A2	
2462-8425	HACIA LA PROMOCIÓN DE LA SALUD	B1	
0390-6078	HAEMATOLOGICA (ROMA)	A1	
1982-5161	HANSENOLOGIA INTERNATIONALIS: HANSENÍASE E OUTRAS DOENÇAS INFECCIOSAS	B4	
1477-7517	HARM REDUCTION JOURNAL	A2	
1568-9883	HARMFUL ALGAE	A1	
2675-4142	HAWÒ	B3	
1746-160X	HEAD & FACE MEDICINE	A2	
1043-3074	HEAD & NECK	A1	
1936-0568	HEAD AND NECK PATHOLOGY (ONLINE)	A1	
1936-055X	HEAD AND NECK PATHOLOGY (PRINT)	A1	
2178-7468	HEADACHE MEDICINE	C	
1578-5319	HEALTH & ADDICTIONS/SALUD Y DROGAS	B3	
0966-0410	HEALTH & SOCIAL CARE IN THE COMMUNITY (PRINT)	A2	
2548-1010	HEALTH ACADEMY KASTAMONU	B2	
2675-276X	HEALTH AND BIOSCIENCES	C	
2526-7914	HEALTH AND DIVERSITY	B4	
1353-8292	HEALTH AND PLACE	A2	
1477-7525	HEALTH AND QUALITY OF LIFE OUTCOMES	A1	
2763-5724	HEALTH AND SOCIETY	B4	
2190-7188	HEALTH AND TECHNOLOGY	A3	
2326-4403	HEALTH BEHAVIOR AND POLICY REVIEW	B2	
0739-9332	HEALTH CARE FOR WOMEN INTERNATIONAL	A4	
1041-0236	HEALTH COMMUNICATION	A1	
2191-1991	HEALTH ECONOMICS REVIEW (ONLINE)	A2	
1090-1981	HEALTH EDUCATION & BEHAVIOR	A2	
2473-1242	HEALTH EQUITY	A3	
1369-6513	HEALTH EXPECTATIONS	A2	
1460-4582	HEALTH INFORMATICS JOURNAL	A2	
2047-2501	HEALTH INFORMATION SCIENCE AND SYSTEMS	A1	
1949-5005	HEALTH (IRVINE)	B1	
0017-9078	HEALTH PHYSICS (1958)	A4	
0168-8510	HEALTH POLICY	A1	
1460-2237	HEALTH POLICY AND PLANNING	A2	
0268-1080	HEALTH POLICY AND PLANNING (PRINT)	A2	
2211-8837	HEALTH POLICY AND TECHNOLOGY	A2	
2590-2296	HEALTH POLICY OPEN	B1	
0957-4824	HEALTH PROMOTION INTERNATIONAL (PRINT)	A2	
2164-2850	HEALTH PSYCHOLOGY AND BEHAVIORAL MEDICINE	A4	
1478-4505	HEALTH RESEARCH POLICY AND SYSTEMS	A1	
2675-2913	HEALTH RESIDENCIES JOURNAL	B3	
1791-809X	HEALTH SCIENCE JOURNAL	B2	
2398-8835	HEALTH SCIENCE REPORTS	A3	
2966-0408	HEALTH SCIENCES JOURNAL (ONLINE)	B2	
2251-8959	HEALTH SCOPE (PRINT)	B4	
0951-4848	HEALTH SERVICES MANAGEMENT RESEARCH	A3	
2227-9032	HEALTHCARE	A3	
2772-4425	HEALTHCARE ANALYTICS	A4	
2093-369X	HEALTHCARE INFORMATICS RESEARCH	A4	
1082-6734	HEALTHINFORM (MONTROSE, N.Y.)	C	
0147-9563	HEART & LUNG	A2	
2468-6476	HEART AND MIND (MUMBAI. PRINT)	B1	
1382-4147	HEART FAILURE REVIEWS	A1	
1355-6037	HEART (LONDON. 1996)	A1	
2666-5018	HEART RHYTHM O2	A4	
2405-8440	HELIYON	A2	
1109-9666	HELLENIC JOURNAL OF CARDIOLOGY	A3	
2531-1379	HEMATOLOGY, TRANSFUSION AND CELL THERAPY (IMPRESSO)	A4	
1499-3872	HEPATOBILIARY AND PANCREATIC DISEASES INTERNATIONAL	A3	
1936-0533	HEPATOLOGY INTERNATIONAL	A2	
1937-5867	HERD (NEW YORK)	A3	
2359-165X	HERINGERIANA	C	
2571-9408	HERITAGE	C	
0767-9513	HERMÈS	A2	
2448-2609	HERÓDOTO - REVISTA DO GRUPO DE ESTUDOS E PESQUISAS SOBRE A ANTIGUIDADE CLÁSSICA E SUAS CONEXÕES AFRO-ASIÁTICAS	B1	
2316-4670	HERPETOLOGIA BRASILEIRA	C	
1473-0928	HERPETOLOGICAL BULLETIN	B4	
1931-7603	HERPETOLOGICAL CONSERVATION AND BIOLOGY	B2	
0018-084X	HERPETOLOGICAL REVIEW	B2	
2071-5773	HERPETOLOGY NOTES	B2	
1013-4425	HERPETOZOA (WIEN)	B1	
2711-2152	HETAERINA, BOLETÍN DE LA SOCIEDAD DE ODONATOLOGÍA LATINOAMERICANA	C	
2250-5482	HIC RHODUS	A4	
0018-1544	HIGH TEMPERATURES. HIGH PRESSURES (PRINT)	B3	
2397-7264	HIGH VOLTAGE	A2	
2042-3896	HIGHER EDUCATION, SKILLS AND WORK-BASED LEARNING	A2	
2675-0260	HIGIENE ALIMENTAR (ONLINE)	B3	
1851-703X	H-INDUSTRIA. REVISTA DE HISTORIA DE LA INDUSTRIA Y EL DESARROLLO EN AMÉRICA LATINA (ONLINE)	B3	
1809-4260	HIPERTENSÃO (SÃO PAULO. IMPRESSO)	B4	
1695-5498	HIPERTEXT.NET (BARCELONA)	A1	
1676-9058	HISPANISTA (EDICIÓN ESPAÑOLA)	B1	
0948-6143	HISTOCHEMISTRY AND CELL BIOLOGY	A2	
0213-3911	HISTOLOGY AND HISTOPATHOLOGY	A3	
2238-5541	HISTORIÆ	A2	
1414-3488	HISTÓRIA & ENSINO (UEL)	A3	
1696-2060	HISTORIA ACTUAL ON-LINE	A1	
1139-1472	HISTORIA AGRARIA - REVISTA DE AGRICULTURA E HISTORIA RURAL	A1	
2452-5162	HISTORIA AGRARIA DE AMÉRICA LATINA	A4	
2237-2717	HISTORIA AMBIENTAL LATINOAMERICANA Y CARIBEÑA (HALAC)	A1	
1678-4758	HISTÓRIA, CIÊNCIAS, SAÚDE (ONLINE)	A1	
0104-5970	HISTÓRIA, CIÊNCIAS, SAÚDE-MANGUINHOS (IMPRESSO)	A1	
1900-6152	HISTÓRIA CRÍTICA	A1	
0121-1617	HISTORIA CRÍTICA (BOGOTÁ)	A1	
2178-2911	HISTÓRIA DA CIÊNCIA E ENSINO: CONSTRUINDO INTERFACES	A4	
2236-3459	HISTÓRIA DA EDUCAÇÃO	A1	
1983-9928	HISTÓRIA DA HISTORIOGRAFIA	A1	
0212-0267	HISTORIA DE LA EDUCACIÓN	B1	
2313-9277	HISTORIA DE LA EDUCACIÓN. ANUARIO	B1	
2238-8885	HISTÓRIA: DEBATES E TENDÊNCIAS	A1	
1517-2856	HISTÓRIA: DEBATES E TENDÊNCIAS (PASSO FUNDO)	A1	
2675-9284	HISTÓRIA DO DIREITO	A4	
2238-6270	HISTÓRIA E CULTURA	A4	
2318-8294	HISTÓRIA E CULTURAS	B3	
1808-5318	HISTÓRIA E ECONOMIA	A3	
2238-3018	HISTÓRIA E ENSINO	A3	
1519-3314	HISTÓRIA ECONÔMICA & HISTÓRIA DE EMPRESAS (ABPHE)	B1	
2596-2876	HISTÓRIA EM REVISTA	B1	
2318-1729	HISTÓRIA, HISTÓRIAS	A4	
2358-1654	HISTÓRIA ORAL	A2	
1516-7658	HISTÓRIA ORAL (RIO DE JANEIRO)	A2	
0100-6932	HISTÓRIA. QUESTÕES E DEBATES	A2	
1414-6312	HISTÓRIA REVISTA	A2	
1984-4530	HISTÓRIA REVISTA (ONLINE)	A2	
0101-9074	HISTÓRIA (SÃO PAULO)	A1	
1980-4369	HISTÓRIA (SÃO PAULO)	A1	
2359-2370	HISTÓRIA UNICAP	B2	
1519-3861	HISTÓRIA UNISINOS	A1	
2236-1782	HISTÓRIA UNISINOS	A1	
2027-5137	HISTORIA Y MEMORIA	A1	
2444-0043	HISTORIA Y MEMORIA DE LA EDUCACIÓN	A3	
2357-4720	HISTORIA Y SOCIEDAD	A1	
0121-8417	HISTORIA Y SOCIEDAD (MEDELLIN. 1994)	A1	
1519-8502	HISTORIAE (RIO GRANDE. IMPRESSO)	A2	
2447-8261	HISTÓRIAS QUESTÕES E DEBATES	A2	
0891-2963	HISTORICAL BIOLOGY (PRINT)	A3	
0143-9685	HISTORICAL JOURNAL OF FILM RADIO AND TELEVISION	A3	
2174-4289	HISTORIOGRAFIAS, REVISTA DE HISTORIA Y TEORÍA	A4	
2624-4888	HISTORY & PHILOSOPHY OF MEDICINE (ONLINE)	B4	
1971-1131	HISTORY OF EDUCATION & CHILDREN'S LITERATURE (ONLINE)	A3	
2596-0113	HISTORY OF EDUCATION IN LATIN AMERICA	A3	
0046-760X	HISTORY OF EDUCATION (TAVISTOCK)	B1	
0018-2702	HISTORY OF POLITICAL ECONOMY	A1	
1468-1293	HIV MEDICINE	A2	
2949-9283	HLIFE (ONLINE)	B3	
2236-8906	HOEHNEA	B4	
0073-2877	HOEHNEA (SÃO PAULO)	B4	
0959-6836	HOLOCENE (SEVENOAKS)	A1	
1519-8634	HOLOS ENVIRONMENT (ONLINE)	B2	
1518-1634	HOLOS (NATAL. IMPRESSO)	A1	
1807-1600	HOLOS (NATAL. ONLINE)	A1	
0018-3830	HOLZFORSCHUNG (BERLIN. PRINT)	A2	
2526-0774	HOMA PUBLICA: REVISTA INTERNACIONAL DE DIREITOS HUMANOS E EMPRESAS	A2	
2359-5124	HOMENS DO MATO - REVISTA CIENTÍFICA DE PESQUISA EM SEGURANÇA PÚBLICA (ONLINE)	C	
1475-4916	HOMEOPATHY (EDINBURGH. PRINT)	A3	
1088-7679	HOMICIDE STUDIES	A1	
1569-1861	HONG KONG JOURNAL OF OCCUPATIONAL THERAPY (PRINT)	B1	
1013-7025	HONG KONG PHYSIOTHERAPY JOURNAL (PRINT)	B1	
2175-5841	HORIZONTE: REVISTA DE ESTUDOS DE TEOLOGIA E CIÊNCIAS DA RELIGIÃO (ONLINE)	A1	
2318-1540	HORIZONTES - REVISTA DE EDUCAÇÃO	B2	
1806-9983	HORIZONTES ANTROPOLÓGICOS (ONLINE)	A1	
0104-7183	HORIZONTES ANTROPOLÓGICOS (UFRGS. IMPRESSO)	A1	
0103-7706	HORIZONTES (EDUSF)	A3	
2237-0951	HORIZONTES EM LINGUÍSTICA APLICADA	A4	
2596-0377	HORIZONTES HISTÓRICOS	B2	
2594-7788	HORIZONTES INTERDISCIPLINARES DA GESTÃO	B2	
1109-3099	HORM-INT J ENDOCRINO	A3	
0018-506X	HORMONES AND BEHAVIOR (PRINT)	A2	
1806-9991	HORTICULTURA BRASILEIRA	A4	
0102-0536	HORTICULTURA BRASILEIRA (IMPRESSO)	A4	
2311-7524	HORTICULTURAE	A2	
0018-5345	HORTSCIENCE	A3	
1679-9267	HÓRUS (FAESO)	B2	
2154-8331	HOSPITAL PRACTICE	B2	
2639-5681	HSO JOURNAL OF PRACTICAL AND PROFESSIONAL NURSING	B4	
1982-8047	HU REVISTA	B2	
0103-3123	HU REVISTA (UFJF. IMPRESSO)	B2	
1853-6506	HUELLAS DE LOS ESTADOS UNIDOS	B1	
0960-3271	HUMAN & EXPERIMENTAL TOXICOLOGY	A3	
2595-0711	HUMAN  REPRODUCTION ARCHIVES	B3	
1065-9471	HUMAN BRAIN MAPPING (PRINT)	A1	
1087-1209	HUMAN DIMENSIONS OF WILDLIFE (PRINT)	A3	
0300-7839	HUMAN ECOLOGY (NEW YORK, N.Y.)	A2	
1074-4827	HUMAN ECOLOGY REVIEW	B1	
1090-8471	HUMAN FACTORS AND ERGONOMICS IN MANUFACTURING	A2	
1520-6564	HUMAN FACTORS AND ERGONOMICS IN MANUFACTURING & SERVICE INDUSTRIES	A2	
2316-7963	HUMAN FACTORS IN DESIGN	A3	
2059-2302	HUMAN LEUKOCYTE ANTIGENS	A1	
1732-3991	HUMAN MOVEMENT	A4	
1899-1955	HUMAN MOVEMENT (ONLINE)	A4	
0167-9457	HUMAN MOVEMENT SCIENCE (PRINT)	A3	
1059-7794	HUMAN MUTATION	A2	
2666-1497	HUMAN NUTRITION & METABOLISM	B2	
2054-2240	HUMAN REMAINS AND VIOLENCE: AN INTERDISCIPLINARY JOURNAL	B3	
0268-1161	HUMAN REPRODUCTION (OXFORD. PRINT)	A1	
1355-4786	HUMAN REPRODUCTION UPDATE (PRINT)	A1	
2399-3529	HUMAN REPRODUTION OPEN	A1	
1478-4491	HUMAN RESOURCES FOR HEALTH	A2	
2164-5515	HUMAN VACCINES & IMMUNOTHERAPEUTICS	A2	
2358-8322	HUMANIDADES & INOVAÇÃO	A3	
1809-1628	HUMANIDADES & TECNOLOGIA EM REVISTA (FINOM)	B1	
2675-5416	HUMANIDADES & TECNOLOGIA (FINOM) (ONLINE)	B1	
0102-9479	HUMANIDADES (BRASÍLIA)	B4	
2674-6468	HUMANIDADES EM REVISTA	B2	
0104-9585	HUMANITAS (UFPA)	B4	
2662-9992	HUMANITIES & SOCIAL SCIENCES COMMUNICATIONS	A1	
2675-1038	HUMANITIES AND RIGHTS GLOBAL NETWORK JOURNAL	A4	
2763-5155	HUMBOLDT	B2	
0871-1569	HVMANITAS (COIMBRA)	B1	
0718-8382	HYBRIS.REVISTA DE FILOSOFÍA	A3	
1573-5117	HYDROBIOLOGIA	A2	
0018-8158	HYDROBIOLOGIA (THE HAGUE. PRINT)	A2	
2673-9917	HYDROBIOLOGY	C	
1099-1085	HYDROLOGICAL PROCESSES (ONLINE)	A2	
0262-6667	HYDROLOGICAL SCIENCES JOURNAL	A2	
2306-5338	HYDROLOGY	C	
1607-7938	HYDROLOGY AND EARTH SYSTEM SCIENCES	A1	
1980-1726	HYGEIA : REVISTA BRASILEIRA DE GEOGRAFIA MÉDICA E DA SAÚDE (UBERLÂNDIA)	A1	
2673-947X	HYGIENE	C	
0887-5367	HYPATIA (EDWARDSVILLE, ILL.)	A2	
0194-911X	HYPERTENSION (DALLAS, TEX. 1979)	A1	
1064-1955	HYPERTENSION IN PREGNANCY (PRINT)	A4	
0916-9636	HYPERTENSION RESEARCH	A2	
1348-4214	HYPERTENSION RESEARCH (ONLINE)	A2	
1413-9138	HYPNOS (PUCSP)	A3	
2184-9978	HYPOTHESIS HISTORIA PERIODICAL (ONLINE)	C	
2595-2781	IAÇA ARTES DA CENA	A4	
1646-3692	IADIS INTERNATIONAL JOURNAL ON COMPUTER SCIENCE AND INFORMATION SYSTEMS	B3	
0928-1541	IAWA JOURNAL	A3	
2260-2534	IBERIC@L: REVUE D'ÉTUDES IBÉRIQUES ET IBÉRO-AMÉRICAINES	B2	
2237-4523	IBEROAMERICAN JOURNAL OF APPLIED COMPUTING	B2	
2764-6165	IBERO-AMERICAN JOURNAL OF HEALTH SCIENCE RESEARCH (ONLINE)	B3	
2175-8018	IBEROAMERICAN JOURNAL OF INDUSTRIAL ENGINEERING	B4	
2709-7595	IBEROAMERICAN JOURNAL OF SCIENCE MEASUREMENT AND COMMUNICATION	A3	
1577-3388	IBEROAMERICANA (MADRID)	A1	
1646-2858	IBEROGRAFIAS: REVISTA DE ESTUDOS IBÉRICOS	B1	
1888-0967	IBERSID (ZARAGOZA)	A3	
2667-2421	IBRO NEUROSCIENCE REPORTS	B1	
1090-2643	ICARUS (ONLINE)	A2	
2958-4647	ICAS PROCEEDINGS (ONLINE)	C	
2306-4161	ICOFOM STUDY SERIES	B1	
2309-1290	ICOFOM STUDY SERIES	B1	
2595-8097	ICOM	B2	
1982-7717	ÍCONE: REVISTA DE LETRAS (UEG. SÃO LUÍS DE MONTES BELOS)	B2	
2032-9407	ICST TRANSACTIONS ON SCALABLE INFORMATION SYSTEMS	A4	
2238-6599	ICTUS	A3	
1981-1179	ID ONLINE - REVISTA MULTIDISCIPLINAR E DE PSICOLOGIA	B1	
1415-4668	IDEAÇÃO (UEFS)	A2	
1518-6911	IDEAÇÃO (UNIOESTE. IMPRESSO)	A2	
1950-5701	IDEAS	A1	
0104-7876	IDÉIAS - REVISTA DO INSTITUTO DE FILOSOFIA E CIÊNCIAS HUMANAS DA UNICAMP	B1	
2179-5525	IDÉIAS - REVISTA DO INSTITUTO DE FILOSOFIA E CIÊNCIAS HUMANAS DA UNICAMP	B1	
2178-437X	IDENTIDADE!	B2	
0718-3429	IDESIA	B3	
0073-4675	IDESIA (ARICA. IMPRESA)	B3	
2082-7571	IDO MOVEMENT FOR CULTURE	A3	
2084-3763	IDO MOVEMENT FOR CULTURE. JOURNAL OF MARTIAL ARTS ANTHROPOLOGY	A3	
1759-5436	IDS BULLETIN (ONLINE)	A2	
2169-3536	IEEE ACCESS	A3	
0885-8985	IEEE AEROSPACE AND ELECTRONIC SYSTEMS MAGAZINE	A1	
1058-6180	IEEE ANNALS OF THE HISTORY OF COMPUTING	A4	
1558-2558	IEEE COMMUNICATIONS LETTERS	A1	
0163-6804	IEEE COMMUNICATIONS MAGAZINE (PRINT)	A1	
2162-2256	IEEE CONSUMER ELECTRONICS MAGAZINE	A1	
2475-1456	IEEE CONTROL SYSTEMS LETTERS	A2	
0883-7554	IEEE ELECTRICAL INSULATION MAGAZINE	A3	
0360-8581	IEEE ENGINEERING MANAGEMENT REVIEW	A2	
1558-0571	IEEE GEOSCIENCE AND REMOTE SENSING LETTERS	A1	
1545-598X	IEEE GEOSCIENCE AND REMOTE SENSING LETTERS (PRINT)	A1	
2168-6831	IEEE GEOSCIENCE AND REMOTE SENSING MAGAZINE	A1	
1094-6969	IEEE INSTRUMENTATION & MEASUREMENT MAGAZINE	A4	
1089-7801	IEEE INTERNET COMPUTING	A2	
2327-4662	IEEE INTERNET OF THINGS JOURNAL	A1	
2687-9735	IEEE JOURNAL OF EMERGING AND SELECTED TOPICS IN INDUSTRIAL ELECTRONICS	A4	
2168-6777	IEEE JOURNAL OF EMERGING AND SELECTED TOPICS IN POWER ELECTRONICS	A1	
2156-3381	IEEE JOURNAL OF PHOTOVOLTAICS	A2	
1939-1404	IEEE JOURNAL OF SELECTED TOPICS IN APPLIED EARTH OBSERVATIONS AND REMOTE SENSING	A1	
1558-4542	IEEE JOURNAL OF SELECTED TOPICS IN QUANTUM ELECTRONICS (ONLINE)	A1	
2644-1314	IEEE OPEN JOURNAL OF POWER ELECTRONICS	A2	
2377-3766	IEEE ROBOTICS AND AUTOMATION LETTERS	A1	
1558-1748	IEEE SENSORS JOURNAL	A1	
1530-437X	IEEE SENSORS JOURNAL	A1	
2475-1472	IEEE SENSORS LETTERS	A3	
1070-9908	IEEE SIGNAL PROCESSING LETTERS	A1	
1053-5888	IEEE SIGNAL PROCESSING MAGAZINE (PRINT)	A1	
0740-7459	IEEE SOFTWARE	A3	
0018-926X	IEEE TRANSACTIONS ON ANTENNAS AND PROPAGATION (PRINT)	A1	
2691-4581	IEEE TRANSACTIONS ON ARTIFICIAL INTELLIGENCE	A2	
0018-9286	IEEE TRANSACTIONS ON AUTOMATIC CONTROL (PRINT)	A1	
0018-9294	IEEE TRANSACTIONS ON BIOMEDICAL ENGINEERING	A1	
1549-7747	IEEE TRANSACTIONS ON CIRCUITS AND SYSTEMS. II, EXPRESS BRIEFS	A2	
2329-924X	IEEE TRANSACTIONS ON COMPUTATIONAL SOCIAL SYSTEMS	A1	
1063-6536	IEEE TRANSACTIONS ON CONTROL SYSTEMS TECHNOLOGY (PRINT)	A1	
2168-2267	IEEE TRANSACTIONS ON CYBERNETICS	A1	
0018-9375	IEEE TRANSACTIONS ON ELECTROMAGNETIC COMPATIBILITY (PRINT)	A3	
0018-9383	IEEE TRANSACTIONS ON ELECTRON DEVICES	A1	
0885-8969	IEEE TRANSACTIONS ON ENERGY CONVERSION	A1	
0018-9391	IEEE TRANSACTIONS ON ENGINEERING MANAGEMENT	A2	
1089-778X	IEEE TRANSACTIONS ON EVOLUTIONARY COMPUTATION	A1	
1063-6706	IEEE TRANSACTIONS ON FUZZY SYSTEMS	A1	
0278-0046	IEEE TRANSACTIONS ON INDUSTRIAL ELECTRONICS (1982. PRINT)	A1	
0093-9994	IEEE TRANSACTIONS ON INDUSTRY APPLICATIONS	A1	
0018-9448	IEEE TRANSACTIONS ON INFORMATION THEORY	A1	
0018-9456	IEEE TRANSACTIONS ON INSTRUMENTATION AND MEASUREMENT	A1	
2379-8904	IEEE TRANSACTIONS ON INTELLIGENT VEHICLES	A1	
1939-1382	IEEE TRANSACTIONS ON LEARNING TECHNOLOGIES	A1	
0018-9464	IEEE TRANSACTIONS ON MAGNETICS	A4	
1932-4537	IEEE TRANSACTIONS ON NETWORK AND SERVICE MANAGEMENT	A2	
2327-4697	IEEE TRANSACTIONS ON NETWORK SCIENCE AND ENGINEERING	A1	
0162-8828	IEEE TRANSACTIONS ON PATTERN ANALYSIS AND MACHINE INTELLIGENCE	A1	
0093-3813	IEEE TRANSACTIONS ON PLASMA SCIENCE	A4	
0885-8950	IEEE TRANSACTIONS ON POWER SYSTEMS	A1	
2469-7311	IEEE TRANSACTIONS ON RADIATION AND PLASMA MEDICAL SCIENCES (PRINT)	A1	
1949-3053	IEEE TRANSACTIONS ON SMART GRID	A1	
0098-5589	IEEE TRANSACTIONS ON SOFTWARE ENGINEERING	A1	
2168-2216	IEEE TRANSACTIONS ON SYSTEMS, MAN, AND CYBERNETICS: SYSTEMS	A1	
2332-7782	IEEE TRANSACTIONS ON TRANSPORTATION ELECTRIFICATION	A1	
1525-8955	IEEE TRANSACTIONS ON ULTRASONICS, FERROELECTRICS, AND FREQUENCY CONTROL	A1	
1077-2626	IEEE TRANSACTIONS ON VISUALIZATION AND COMPUTER GRAPHICS	A1	
1536-1276	IEEE TRANSACTIONS ON WIRELESS COMMUNICATIONS	A1	
2162-2337	IEEE WIRELESS COMMUNICATIONS LETTERS	A1	
2329-9290	IEEE/ACM TRANSACTIONS ON AUDIO, SPEECH AND LANGUAGE PROCESSING	A1	
1557-9964	IEEE/ACM TRANSACTIONS ON COMPUTATIONAL BIOLOGY AND BIOINFORMATICS	A1	
2329-9274	IEEE-CAA JOURNAL OF AUTOMATICA SINICA	A1	
1932-8540	IEEE-RITA	A2	
1306-3030	IEJME-INTERNATIONAL ELECTRONIC JOURNAL OF MATHEMATICS EDUCATION	A1	
1751-8598	IET CIRCUITS, DEVICES & SYSTEMS (ONLINE)	A3	
2516-8398	IET COLLABORATIVE INTELLIGENT MANUFACTURING	A2	
1751-8660	IET ELECTRIC POWER APPLICATIONS (PRINT)	A3	
1751-8687	IET GENERATION, TRANSMISSION & DISTRIBUTION (PRINT)	A3	
1755-4543	IET POWER ELECTRONICS (ONLINE)	A3	
1752-1416	IET RENEWABLE POWER GENERATION (PRINT)	A3	
0924-5812	IFIP CONGRESS SERIES	C	
1971-7458	IFOREST (VITERBO)	A3	
2358-7482	IF-SOPHIA	B2	
2238-4286	IGAPÓ - REVISTA DE EDUCAÇÃO CIÊNCIA E TECNOLOGIA DO IFAM	A4	
1807-2526	IGT NA REDE	A4	
0073-4705	IHERINGIA. SÉRIE BOTÂNICA	B4	
2446-8231	IHERINGIA SÉRIE BOTÂNICA	B4	
1678-4766	IHERINGIA. SÉRIE ZOOLOGIA (ONLINE)	B3	
0018-9855	IIC. INTERNATIONAL REVIEW OF INDUSTRIAL PROPERTY AND COPYRIGHT LAW	A1	
2472-5854	IISE TRANSACTIONS	A2	
2230-7818	IJAEST - INTERNATIONAL JOURNAL OF ADVANCED ENGINEERING SCIENCES AND TECHNOLOGIES	B3	
2764-9733	IJERESEARCH, INTERNATIONAL JOURNAL OF EDUCATION AND RESEARCH (ONLINE)	C	
1352-7258	IJHS. INTERNATIONAL JOURNAL OF HERITAGE STUDIES	A2	
2772-7076	IJID REGIONS	B2	
2683-345X	IJIEM. INTERNATIONAL JOURNAL OF INDUSTRIAL ENGINEERING AND MANAGEMENT (ONLINE)	A2	
2811-2504	IJO -INTERNATIONAL JOURNAL OF BUSINESS MANAGEMENT	B2	
1023-666X	IJPAC. INTERNATIONAL JOURNAL OF POLYMER ANALYSIS AND CHARACTERIZATION (PRINT)	B1	
0123-3432	IKALA REVISTA DE LENGUAJE Y CULTURA	A1	
1826-9885	IL NUOVO CIMENTO DELLA SOCIETÀ ITALIANA DI FISICA. C. GEOPHYSICS AND SPACE PHYSICS (ONLINE)	B3	
2175-8034	ILHA - REVISTA DE ANTROPOLOGIA	A2	
2175-8026	ILHA DO DESTERRO	A1	
1517-395X	ILHA. REVISTA DE ANTROPOLOGIA (FLORIANÓPOLIS)	A2	
1984-1191	ILUMINURAS (PORTO ALEGRE)	A3	
0272-4979	IMA JOURNAL OF NUMERICAL ANALYSIS	A1	
1519-6283	IMAGEM BRASILEIRA	A4	
2965-2952	IMAGEM: REVISTA DE HISTÓRIA DA ARTE (ONLINE)	A2	
2179-8427	IMAGENS DA EDUCAÇÃO	A4	
2233-7822	IMAGING SCIENCE IN DENTISTRY	A2	
1852-9550	IMAGOFAGIA	A3	
1742-4933	IMMUNITY & AGEING	A2	
0171-2985	IMMUNOBIOLOGY.	A3	
0257-277X	IMMUNOLOGIC RESEARCH	A4	
0882-0139	IMMUNOLOGICAL INVESTIGATIONS	B1	
1532-4311	IMMUNOLOGICAL INVESTIGATIONS	B1	
1365-2567	IMMUNOLOGY	A2	
0165-2478	IMMUNOLOGY LETTERS	A3	
1750-743X	IMMUNOTHERAPY (PRINT)	A4	
1461-5517	IMPACT ASSESSMENT AND PROJECT APPRAISAL (PRINT)	A2	
2321-8843	IMPACT: INTERNATIONAL JOURNAL OF RESEARCH IN ENGINEERING & TECHNOLOGY	B3	
2764-9725	IMPACT PROJECTS	B2	
2764-7161	IMPACTO: PESQUISA EM ENSINO DE CIÊNCIAS	B3	
1983-6171	ÍMPETO	A3	
1748-5908	IMPLEMENTATION SCIENCE	A1	
0020-7918	IMS NEWSLETTER	C	
1980-6418	IN REVISTA (UNAERP)	B4	
2353-0073	IN TRANSLATION (PRINT)	B2	
1071-2690	IN VITRO CELLULAR & DEVELOPMENTAL BIOLOGY. ANIMAL (PRINT)	B2	
0258-851X	IN VIVO (ATHENS)	A4	
2317-417X	INCANTARE	A4	
2179-5304	INCAPER EM REVISTA	B4	
2178-2075	INCID: REVISTA DE DOCUMENTAÇÃO E CIÊNCIA DA INFORMAÇÃO	A3	
1808-8392	INCLUSÃO SOCIAL (IMPRESSO)	A4	
1808-8678	INCLUSÃO SOCIAL (ONLINE)	A4	
2675-7176	INCOMUM REVISTA	A3	
2965-3037	INCORPORAÇÃO (ONLINE)	B4	
1647-3582	INDAGATIO DIDACTICA	A3	
2236-269X	INDEPENDENT JOURNAL OF MANAGEMENT & PRODUCTION	B4	
1132-1296	INDEX DE ENFERMERÍA	A3	
2249-555X	INDIAN JOURNAL OF APPLIED RESEARCH	C	
0972-5229	INDIAN JOURNAL OF CRITICAL CARE MEDICINE	A4	
0970-9290	INDIAN JOURNAL OF DENTAL RESEARCH	B1	
0019-5154	INDIAN JOURNAL OF DERMATOLOGY	B1	
0378-6323	INDIAN JOURNAL OF DERMATOLOGY VENEREOLOGY AND LEPROLOGY	A3	
0973-3922	INDIAN JOURNAL OF DERMATOLOGY, VENEREOLOGY AND LEPROLOGY (ONLINE)	A3	
0971-4189	INDIAN JOURNAL OF GERONTOLOGY	B2	
2321-3698	INDIAN JOURNAL OF HEALTH AND WELLBEING (ONLINE)	B1	
0255-0857	INDIAN JOURNAL OF MEDICAL MICROBIOLOGY	A4	
0971-5916	INDIAN JOURNAL OF MEDICAL RESEARCH	A2	
0046-8991	INDIAN JOURNAL OF MICROBIOLOGY	A4	
0971-4065	INDIAN JOURNAL OF NEPHROLOGY	B2	
0019-5413	INDIAN JOURNAL OF ORTHOPAEDICS	B1	
0973-1075	INDIAN JOURNAL OF PALLIATIVE CARE	B1	
0973-1458	INDIAN JOURNAL OF PHYSICS (2004)	B1	
0973-5666	INDIAN JOURNAL OF PHYSIOTHERAPY AND OCCUPATIONAL THERAPY (ONLINE)	B3	
0019-5588	INDIAN JOURNAL OF PURE AND APPLIED MATHEMATICS	B2	
0971-3026	INDIAN JOURNAL OF RADIOLOGY AND IMAGING (PRINT)	B2	
2320-7094	INDIAN JOURNAL OF RESEARCH IN HOMOEOPATHY (ONLINE)	B2	
0974-6846	INDIAN JOURNAL OF SCIENCE AND TECHNOLOGY (PRINT)	A3	
0888-5885	INDUSTRIAL & ENGINEERING CHEMISTRY RESEARCH	A1	
1931-8421	INDUSTRIAL BIOTECHNOLOGY	B2	
1550-9087	INDUSTRIAL BIOTECHNOLOGY (NEW ROCHELLE)	B2	
0926-6690	INDUSTRIAL CROPS AND PRODUCTS (PRINT)	A1	
0263-5577	INDUSTRIAL MANAGEMENT + DATA SYSTEMS	A1	
0019-8501	INDUSTRIAL MARKETING MANAGEMENT	A1	
0950-4222	INDUSTRY & HIGHER EDUCATION	A2	
0214-9877	INFAD (BARCELONA)	A1	
0163-6383	INFANT BEHAVIOR & DEVELOPMENT	A3	
2318-9312	INFARMA	B4	
0104-0219	INFARMA (BRASÍLIA)	B4	
2092-6448	INFECTION AND CHEMOTHERAPY	A2	
1178-6973	INFECTION AND DRUG RESISTANCE	A3	
1559-6834	INFECTION CONTROL & HOSPITAL EPIDEMIOLOGY (ONLINE)	A3	
0899-823X	INFECTION CONTROL AND HOSPITAL EPIDEMIOLOGY	A3	
1567-7257	INFECTION, GENETICS AND EVOLUTION	A1	
1567-1348	INFECTION, GENETICS AND EVOLUTION (PRINT)	A1	
2468-0427	INFECTIOUS DISEASE MODELLING	A2	
2036-7449	INFECTIOUS DISEASE REPORTS	C	
2577-1515	INFECTIOUS DISEASES DIAGNOSIS & TREATMENT	B4	
1056-9103	INFECTIOUS DISEASES IN CLINICAL PRACTICE	B3	
2049-9957	INFECTIOUS DISEASES OF POVERTY (ONLINE)	A1	
2595-9549	INFINITUM	B2	
0360-3997	INFLAMMATION	A2	
1023-3830	INFLAMMATION RESEARCH (PRINTED ED.)	A2	
0925-4692	INFLAMMOPHARMACOLOGY (DORDRECHT. PRINT)	A2	
1808-5377	INFODESIGN (SBDI. ONLINE)	A2	
1414-2139	INFORMAÇÃO & INFORMAÇÃO	A2	
1981-8920	INFORMAÇÃO & INFORMAÇÃO	A2	
1809-4783	INFORMAÇÃO & SOCIEDADE (UFPB. ONLINE)	A2	
2316-7300	INFORMAÇÃO ARQUIVÍSTICA	B4	
2525-3468	INFORMAÇÃO EM PAUTA	A3	
2317-4390	INFORMAÇÃO@PROFISSÕES	A4	
1678-832X	INFORMAÇÕES ECONÔMICAS (ONLINE)	B4	
1982-1654	INFORMÁTICA NA EDUCAÇÃO	A4	
1516-084X	INFORMÁTICA NA EDUCAÇÃO (IMPRESSO)	A4	
1648-5831	INFORMATICS IN EDUCATION	A1	
2335-8971	INFORMATICS IN EDUCATION (ONLINE)	A1	
2352-9148	INFORMATICS IN MEDICINE UNLOCKED	A2	
2301-1378	INFORMATIO	A3	
2078-2489	INFORMATION	C	
2398-5348	INFORMATION AND LEARNING SCIENCE	A1	
0950-5849	INFORMATION AND SOFTWARE TECHNOLOGY	A2	
0266-6669	INFORMATION DEVELOPMENT	A2	
1566-2535	INFORMATION FUSION (PRINT)	A1	
1570-1255	INFORMATION POLITY	A3	
0306-4573	INFORMATION PROCESSING & MANAGEMENT	A1	
2214-3173	INFORMATION PROCESSING IN AGRICULTURE	A1	
0020-0190	INFORMATION PROCESSING LETTERS (PRINT)	B2	
0020-0255	INFORMATION SCIENCES	A1	
0306-4379	INFORMATION SYSTEMS	A2	
1350-1917	INFORMATION SYSTEMS JOURNAL	A1	
1058-0530	INFORMATION SYSTEMS MANAGEMENT	A1	
0959-3845	INFORMATION TECHNOLOGY & PEOPLE (BRADFORD)	A1	
1473-8716	INFORMATION VISUALIZATION	A3	
0100-3364	INFORME AGROPECUÁRIO (BELO HORIZONTE)	B2	
1517-6258	INFORME ECONÔMICO (UFPI)	B3	
2764-1392	INFORME ECONÔMICO (UFPI)	B3	
1676-0670	INFORME GEPEC (IMPRESSO)	A2	
1679-415X	INFORME GEPEC (ONLINE)	A2	
2526-317X	INFORME GOIANO (PRINT)	B4	
1547-9684	INFORMING SCIENCE THE INTERNATIONAL JOURNAL OF AN EMERGING TRANSDISCIPLINE	A4	
1091-9856	INFORMS JOURNAL ON COMPUTING	A4	
1851-1996	INFOSUR (ONLINE)	A2	
2412-3811	INFRASTRUCTURES	A4	
0718-3305	INGENIARE. REVISTA CHILENA DE INGENIERÍA (EN LÍNEA)	B3	
0120-5609	INGENIERIA E INVESTIGACION	B1	
1815-5901	INGENIERÍA ENERGÉTICA	B2	
1815-5944	INGENIERIA MECANICA (ONLINE)	B4	
2764-6211	INGETEC - INOVAÇÃO, GESTÃO & TECNOLOGIA (ONLINE)	B3	
2176-9192	INICIAÇÃO CIENTÍFICA (CESUMAR )	B2	
1980-3494	INICIACOM: REVISTA BRASILEIRA DE INICIACAO CIENTIFICA EM COMUNICACAO SOCIAL	B2	
0020-1383	INJURY	A2	
0121-5051	INNOVAR (UNIVERSIDAD NACIONAL DE COLOMBIA)	A3	
1351-1610	INNOVATION (ABINGDON)	A1	
2157-930X	INNOVATION AND DEVELOPMENT (PRINT)	A4	
2399-5300	INNOVATION IN AGING (ONLINE)	A2	
1470-3297	INNOVATIONS IN EDUCATION AND TEACHING INTERNATIONAL (PRINT)	A2	
1466-8564	INNOVATIVE FOOD SCIENCE & EMERGING TECHNOLOGIES	A1	
2364-4184	INNOVATIVE INFRASTRUCTURE SOLUTIONS	A3	
1814-2427	INNOVATIVE MARKETING (PRINT)	A2	
3060-8740	INNOVATIVE MEDICINES & OMICS (ONLINE)	C	
0020-1669	INORGANIC CHEMISTRY	A2	
1387-7003	INORGANIC CHEMISTRY COMMUNICATIONS	A1	
0020-1693	INORGANICA CHIMICA ACTA (TESTO STAMPATO)	A3	
2965-6885	INOVA JUR (ONLINE)	B2	
2317-2460	INOVA SAÚDE	B4	
2675-0090	INOVAÇÃO & TECNOLOGIA SOCIAL	B3	
2525-3476	INOVAÇÃO E FORMAÇÃO, REVISTA DO NÚCLEO DE EDUCAÇÃO A DISTÂNCIA DA UNIVERSIDADE ESTADUAL PAULISTA – NEAD/UNESP	A4	
2357-7797	INOVAE - JOURNAL OF ENGINEERING AND TECHNOLOGY INNOVATION	B2	
0046-9580	INQUIRY (CHICAGO)	A3	
1752-458X	INSECT CONSERVATION AND DIVERSITY (PRINT)	A1	
0962-1075	INSECT MOLECULAR BIOLOGY (PRINT)	A2	
0020-1812	INSECTES SOCIAUX (PRINTED ED.)	A3	
2075-4450	INSECTS	A2	
1517-6940	INSIGHT INTELIGÊNCIA (RIO DE JANEIRO)	B4	
1869-4101	INSIGHTS INTO IMAGING	A2	
2764-054X	INSÓLITA - REVISTA BRASILEIRA DE ESTUDOS INTERDISCIPLINARES DO INSÓLITO, DA FANTASIA E DO IMAGINÁRIO	B1	
2447-6811	INSTITUTO DE ENGENHARIA NUCLEAR: PROGRESS REPORT	B3	
1073-9149	INSTRUMENTATION SCIENCE & TECHNOLOGY	A4	
1984-5499	INSTRUMENTO - REVISTA EM ESTUDO E PESQUISA EM EDUCAÇÃO	A3	
1516-6368	INSTRUMENTO (JUIZ DE FORA)	A3	
2447-6684	INSURGÊNCIA: REVISTA DE DIREITOS E MOVIMENTOS SOCIAIS	A4	
1735-1472	INT J ENVIRON SCI TE	A2	
1097-461X	INT. JOURNAL OF QUANTUM CHEMISTRY	A3	
1026-0463	INTEGRACIÓN & COMERCIO	B3	
2347-0658	INTEGRACIÓN Y CONOCIMIENTO	A3	
1551-3777	INTEGRATED ENVIRONMENTAL ASSESSMENT AND MANAGEMENT	A2	
2770-9329	INTEGRATIVE CONSERVATION (ONLINE)	B2	
1932-4502	INTEGRATIVE PSYCHOLOGICAL & BEHAVIORAL SCIENCE	A3	
1988-3064	INTELIGÊNCIA ARTIFICIAL	A4	
1517-3860	INTELIGÊNCIA EMPRESARIAL (UFRJ)	B3	
1807-1260	INTELLECTOR (CENEGRI. ONLINE)	A4	
1679-8902	INTELLECTUS REVISTA ACADÊMICA DIGITAL	B2	
1676-7640	INTELLÈCTUS (UERJ. ONLINE)	A3	
1872-4981	INTELLIGENT DECISION TECHNOLOGIES	B1	
2667-1026	INTELLIGENT MEDICINE	A2	
2667-3053	INTELLIGENT SYSTEMS WITH APPLICATIONS (ISWA)	A2	
2447-9020	INTELLIGERE - REVISTA DE HISTÓRIA INTELECTUAL	A3	
0964-3397	INTENSIVE & CRITICAL CARE NURSING	A1	
0342-4642	INTENSIVE CARE MEDICINE (PRINT)	A1	
2596-3503	INTER	B2	
0328-8935	INTER LITTERAS	B2	
2357-7975	INTERAÇÃO	A3	
1516-1854	INTERAÇÃO (CURITIBA)	A3	
1981-8076	INTERAÇÃO EM PSICOLOGIA (ONLINE)	A3	
1981-2183	INTERAÇÃO (SÃO PAULO)	B2	
1981-8416	INTER-AÇÃO (UFG. ONLINE)	A2	
1517-848X	INTERAÇÃO (VARGINHA)	B1	
2446-9874	INTERAÇÃO (VARGINHA ONLINE)	B1	
2695-6578	INTERACCIÓN	B2	
1646-2335	INTERACCOES	A3	
2184-3929	INTERAÇÕES	B2	
1983-2478	INTERAÇÕES	A1	
1809-8479	INTERAÇÕES : CULTURA E COMUNIDADE (FACULDADE CATÓLICA DE UBERLÂNDIA. IMPRESSO)	A1	
1984-042X	INTERAÇÕES (CAMPO GRANDE)	A3	
1518-7012	INTERAÇÕES (CAMPO GRANDE)	A3	
1873-7951	INTERACTING WITH COMPUTERS (ONLINE)	A3	
1826-9745	INTERACTION DESIGN AND ARCHITECTURE(S) JOURNAL	C	
1929-073X	INTERACTIVE JOURNAL OF MEDICAL RESEARCH	A4	
1049-4820	INTERACTIVE LEARNING ENVIRONMENTS	A1	
1741-5659	INTERACTIVE TECHNOLOGY AND SMART EDUCATION	A1	
1519-8847	INTERAGIR (UERJ)	B2	
2236-4447	INTERAGIR (UERJ)	B2	
2595-6647	INTERAMERICAN JOURNAL OF MEDICINE AND HEALTH	B3	
0034-9690	INTERAMERICAN JOURNAL OF PSYCHOLOGY	A2	
1981-3775	INTERBIO	C	
2237-759X	INTERCÂMBIO	B1	
2176-669X	INTERCÂMBIO (MONTES CLAROS)	B3	
0102-6453	INTERCOM: REVISTA BRASILEIRA DE CIENCIAS DA COMUNICACAO	A1	
1809-5844	INTERCOM: REVISTA BRASILEIRA DE CIÊNCIAS DA COMUNICAÇÃO	A1	
1980-3508	INTERCOM (SÃO PAULO. ONLINE)	A1	
1980-8879	INTERDISCIPLINAR: REVISTA DE ESTUDOS EM LÍNGUA E LITERATURA	A3	
1984-431X	INTERDISCIPLINAR: REVISTA ELETRÔNICA DA UNIVAR	B1	
2633-6537	INTERDISCIPLINARY JOURNAL OF ENVIRONMENTAL AND SCIENCE EDUCATION	B2	
2525-8001	INTERDISCIPLINARY JOURNAL OF HEALTH EDUCATION	B1	
2446-6549	INTERESPAÇO: REVISTA DE GEOGRAFIA E INTERDISCIPLINARIDADE	A2	
1982-8497	INTERESSE NACIONAL	B4	
1676-8701	INTERESSE PÚBLICO (IMPRESSO)	B1	
2318-9401	INTERETHNIC@ - REVISTA DE ESTUDOS EM RELAÇÕES INTERÉTNICAS	A4	
2237-7506	INTERFACE	B3	
1414-3283	INTERFACE (BOTUCATU. IMPRESSO)	A2	
1807-5762	INTERFACE (BOTUCATU. ONLINE)	A2	
2042-8898	INTERFACE FOCUS	A1	
2042-8901	INTERFACE FOCUS (ON LINE)	A1	
2318-2326	INTERFACES - REVISTA DE EXTENSÃO DA UFMG	B1	
1984-5677	INTERFACES BRASIL CANADÁ	B2	
2316-381X	INTERFACES CIENTÍFICAS - DIREITO	A3	
2316-3321	INTERFACES CIENTÍFICAS - DIREITO	A3	
2316-3828	INTERFACES CIENTÍFICAS - EDUCAÇÃO	A3	
2316-3801	INTERFACES CIENTÍFICAS - HUMANAS E SOCIAIS	A2	
2316-3798	INTERFACES CIENTÍFICAS - SAÚDE E AMBIENTE	B1	
2316-3313	INTERFACES CIENTÍFICAS - SAÚDE E AMBIENTE	B1	
2965-7474	INTERFACES DA COMUNICAÇÃO (ONLINE)	B2	
2177-7691	INTERFACES DA EDUCAÇÃO	A2	
1993-4912	INTERFASES	B3	
1980-5276	INTERIN	A3	
1982-1662	INTER-LEGERE (UFRN)	A4	
1807-1597	INTERLETRAS (DOURADOS)	A4	
2675-8318	INTERMATHS	B2	
2674-9947	INTERMEIO (ONLINE)	A2	
1828-0447	INTERN EMERG MED	A1	
1444-0903	INTERNAL MEDICINE JOURNAL (PRINT)	A3	
1468-2346	INTERNATIONAL AFFAIRS	A1	
2752-7697	INTERNATIONAL ANIMAL HEALTH JOURNAL (PRINT)	B4	
1018-2438	INTERNATIONAL ARCHIVES OF ALLERGY AND IMMUNOLOGY	A4	
2469-5823	INTERNATIONAL ARCHIVES OF NURSING AND HEALTH CARE	B2	
0340-0131	INTERNATIONAL ARCHIVES OF OCCUPATIONAL AND ENVIRONMENTAL HEALTH	A2	
1432-1246	INTERNATIONAL ARCHIVES OF OCCUPATIONAL AND ENVIRONMENTAL HEALTH (INTERNET)	A2	
1809-4864	INTERNATIONAL ARCHIVES OF OTORHINOLARYNGOLOGY (ONLINE)	A4	
1809-9777	INTERNATIONAL ARCHIVES OF OTORHINOLARYNGOLOGY (PRINT)	A4	
2643-4512	INTERNATIONAL ARCHIVES OF PUBLIC HEALTH AND COMMUNITY MEDICINE	B4	
0964-8305	INTERNATIONAL BIODETERIORATION & BIODEGRADATION	A1	
1677-6119	INTERNATIONAL BRAZILIAN JOURNAL OF UROLOGY	A2	
1677-5538	INTERNATIONAL BRAZILIAN JOURNAL OF UROLOGY (IMPRESSO)	A2	
2396-9407	INTERNATIONAL BULLETIN OF MISSION RESEARCH (ONLINE)	A3	
0735-1933	INTERNATIONAL COMMUNICATIONS IN HEAT AND MASS TRANSFER	A1	
2595-0428	INTERNATIONAL CONTEMPORARY MANAGEMENT REVIEW - ICMR	C	
2662-9976	INTERNATIONAL CRIMINOLOGY	B1	
0958-6946	INTERNATIONAL DAIRY JOURNAL	A2	
0020-6539	INTERNATIONAL DENTAL JOURNAL	A1	
1612-4804	INTERNATIONAL ECONOMICS AND ECONOMIC POLICY (PRINT)	A2	
2454-9916	INTERNATIONAL EDUCATION & RESEARCH JOURNAL	B4	
2411-183X	INTERNATIONAL E-JOURNAL OF ADVANCES IN SOCIAL SCIENCES	A3	
0143-2885	INTERNATIONAL ENDODONTIC JOURNAL (PRINT)	A1	
1554-7191	INTERNATIONAL ENTREPRENEURSHIP AND MANAGEMENT JOURNAL	A1	
2231-7546	INTERNATIONAL FOOD RESEARCH JOURNAL	B2	
1465-5489	INTERNATIONAL FORESTRY REVIEW	A4	
0803-706X	INTERNATIONAL FORUM OF PSYCHOANALYSIS	A3	
0219-1989	INTERNATIONAL GAME THEORY REVIEW	B3	
1836-6554	INTERNATIONAL GRAMSCI JOURNAL	B3	
1876-3413	INTERNATIONAL HEALTH (PRINT)	A2	
2563-9269	INTERNATIONAL HEALTH TRENDS AND PERSPECTIVES	B2	
2372-4501	INTERNATIONAL HIGHER EDUCATION	A2	
1084-0613	INTERNATIONAL HIGHER EDUCATION (CHESTNUT HILL, MASS.)	A2	
1878-1705	INTERNATIONAL IMMUNOPHARMACOLOGY	A2	
1567-5769	INTERNATIONAL IMMUNOPHARMACOLOGY (PRINT)	A2	
1573-0743	INTERNATIONAL JOUNAL OF CARDIOVASCULAR IMAGING	A3	
1476-5497	INTERNATIONAL JOUNAL OF OBESITY	A1	
0268-3768	INTERNATIONAL JOURNAL, ADVANCED MANUFACTURING TECHNOLOGY	A2	
2595-2498	INTERNATIONAL JOURNAL EDUCATION AND TEACHING	B2	
1863-0383	INTERNATIONAL JOURNAL: EMERGING TECHNOLOGIES IN LEARNING	A2	
2202-8005	INTERNATIONAL JOURNAL FOR CRIME, JUSTICE AND SOCIAL DEMOCRACY	A1	
1475-9276	INTERNATIONAL JOURNAL FOR EQUITY IN HEALTH (ONLINE)	A1	
2411-3123	INTERNATIONAL JOURNAL FOR INNOVATION EDUCATION AND RESEARCH	C	
2411-2933	INTERNATIONAL JOURNAL FOR INNOVATION EDUCATION AND RESEARCH	C	
2348-2249	INTERNATIONAL JOURNAL FOR MULTI DISCIPLINARY ENGINEERING AND BUSINESS MANAGEMENT	B4	
1543-1649	INTERNATIONAL JOURNAL FOR MULTISCALE COMPUTATIONAL ENGINEERING	A3	
0363-9061	INTERNATIONAL JOURNAL FOR NUMERICAL AND ANALYTICAL METHODS IN GEOMECHANICS (PRINT)	A2	
2040-7939	INTERNATIONAL JOURNAL FOR NUMERICAL METHODS IN BIOMEDICAL ENGINEERING (PRINT)	A2	
0029-5981	INTERNATIONAL JOURNAL FOR NUMERICAL METHODS IN ENGINEERING (PRINT)	A1	
0271-2091	INTERNATIONAL JOURNAL FOR NUMERICAL METHODS IN FLUIDS (PRINT)	A3	
0020-7519	INTERNATIONAL JOURNAL FOR PARASITOLOGY	A1	
2211-3207	INTERNATIONAL JOURNAL FOR PARASITOLOGY: DRUGS AND DRUG RESISTANCE	A1	
2213-2244	INTERNATIONAL JOURNAL FOR PARASITOLOGY: PARASITES AND WILDLIFE	A2	
1353-4505	INTERNATIONAL JOURNAL FOR QUALITY IN HEALTH CARE	A2	
1800-6450	INTERNATIONAL JOURNAL FOR QUALITY RESEARCH	A4	
2347-4718	INTERNATIONAL JOURNAL FOR TECHNOLOGICAL RESEARCH IN ENGINEERING (ONLINE)	C	
0300-9831	INTERNATIONAL JOURNAL FOR VITAMIN AND NUTRITION RESEARCH	A3	
0164-7954	INTERNATIONAL JOURNAL OF ACAROLOGY	A4	
2162-3082	INTERNATIONAL JOURNAL OF ACCOUNTING & FINANCIAL REPORTING	B1	
2191-0278	INTERNATIONAL JOURNAL OF ADOLESCENT MEDICINE AND HEALTH	A4	
0976-2612	INTERNATIONAL JOURNAL OF ADVANCED BIOTECHNOLOGY AND RESEARCH (PRINT)	A4	
1867-5565	INTERNATIONAL JOURNAL OF ADVANCED CORPORATE LEARNING	B2	
2456-3676	INTERNATIONAL JOURNAL OF ADVANCED ENGINEERING AND MANAGEMENT RESEARCH	B2	
2456-1908	INTERNATIONAL JOURNAL OF ADVANCED ENGINEERING RESEARCH AND SCIENCE	C	
2349-6495	INTERNATIONAL JOURNAL OF ADVANCED ENGINEERING RESEARCH AND SCIENCE	C	
2456-0421	INTERNATIONAL JOURNAL OF ADVANCED SCIENTIFIC RESEARCH	C	
2395-5252	INTERNATIONAL JOURNAL OF ADVANCES IN ENGINEERING AND MANAGEMENT (IJAEM)	C	
2231-1963	INTERNATIONAL JOURNAL OF ADVANCES IN ENGINEERING AND TECHNOLOGY	C	
2595-3931	INTERNATIONAL JOURNAL OF ADVANCES IN MEDICAL BIOTECHNOLOGY (IJAMB)	B3	
0265-0487	INTERNATIONAL JOURNAL OF ADVERTISING	A1	
2764-3425	INTERNATIONAL JOURNAL OF AGRARIAN SCIENCES (IJAS) (ONLINE)	C	
1747-762X	INTERNATIONAL JOURNAL OF AGRICULTURAL SUSTAINABILITY	A2	
1814-9596	INTERNATIONAL JOURNAL OF AGRICULTURE & BIOLOGY (ONLINE)	B1	
2455-6939	INTERNATIONAL JOURNAL OF AGRICULTURE AND ENVIRONMENTAL RESEARCH	C	
2223-7054	INTERNATIONAL JOURNAL OF AGRONOMY AND AGRICULTURAL RESEARCH	B1	
2366-1003	INTERNATIONAL JOURNAL OF ANTHROPOLOGY AND ETHNOLOGY (ONLINE)	A4	
0924-8579	INTERNATIONAL JOURNAL OF ANTIMICROBIAL AGENTS (PRINT)	A1	
2349-5103	INTERNATIONAL JOURNAL OF APPLIED AND COMPUTATIONAL MATHEMATICS (PRINT)	A3	
1546-542X	INTERNATIONAL JOURNAL OF APPLIED CERAMIC TECHNOLOGY	A4	
1744-7402	INTERNATIONAL JOURNAL OF APPLIED CERAMIC TECHNOLOGY (ONLINE)	A4	
1569-8432	INTERNATIONAL JOURNAL OF APPLIED EARTH OBSERVATION AND GEOINFORMATION	A1	
0303-2434	INTERNATIONAL JOURNAL OF APPLIED EARTH OBSERVATION AND GEOINFORMATION	A1	
0973-4562	INTERNATIONAL JOURNAL OF APPLIED ENGINEERING RESEARCH	B3	
1311-1728	INTERNATIONAL JOURNAL OF APPLIED MATHEMATICS	B1	
1301-9724	INTERNATIONAL JOURNAL OF APPLIED THERMODYNAMICS	B2	
1558-3058	INTERNATIONAL JOURNAL OF ARCHITECTURAL HERITAGE	A1	
2466-1171	INTERNATIONAL JOURNAL OF ARRHYTHMIA (ONLINE)	B3	
1560-4306	INTERNATIONAL JOURNAL OF ARTIFICIAL INTELLIGENCE IN EDUCATION	A1	
1929-7106	INTERNATIONAL JOURNAL OF ARTS AND COMMERCE	C	
2581-7922	INTERNATIONAL JOURNAL OF ARTS AND SOCIAL SCIENCE	C	
1480-8986	INTERNATIONAL JOURNAL OF ARTS MANAGEMENT	A2	
1499-2027	INTERNATIONAL JOURNAL OF AUDIOLOGY	A1	
1470-9511	INTERNATIONAL JOURNAL OF AUTOMOTIVE TECHNOLOGY AND MANAGEMENT	A4	
2374-6793	INTERNATIONAL JOURNAL OF AVIATION, AERONAUTICS, AND AEROSPACE (ONLINE)	B1	
0265-2323	INTERNATIONAL JOURNAL OF BANK MARKETING	A1	
0218-1274	INTERNATIONAL JOURNAL OF BIFURCATION AND CHAOS IN APPLIED SCIENCES AND ENGINEERING	A3	
2475-9651	INTERNATIONAL JOURNAL OF BIOBASED PLASTICS	C	
1744-5493	INTERNATIONAL JOURNAL OF BIOINFORMATICS RESEARCH AND APPLICATIONS (ONLINE)	B3	
1744-5485	INTERNATIONAL JOURNAL OF BIOINFORMATICS RESEARCH AND APPLICATIONS (PRINT)	B3	
1758-0374	INTERNATIONAL JOURNAL OF BIO-INSPIRED COMPUTATION (ONLINE)	A3	
2764-1813	INTERNATIONAL JOURNAL OF BIOLOGICAL AND NATURAL SCIENCES	B3	
0141-8130	INTERNATIONAL JOURNAL OF BIOLOGICAL MACROMOLECULES	A1	
1879-0003	INTERNATIONAL JOURNAL OF BIOLOGICAL MACROMOLECULES	A1	
2664-9934	INTERNATIONAL JOURNAL OF BIOLOGY SCIENCES (ONLINE)	C	
1752-6418	INTERNATIONAL JOURNAL OF BIOMEDICAL ENGINEERING AND TECHNOLOGY	B3	
1432-1254	INTERNATIONAL JOURNAL OF BIOMETEOROLOGY	A1	
0020-7128	INTERNATIONAL JOURNAL OF BIOMETEOROLOGY (PRINT)	A1	
2573-2838	INTERNATIONAL JOURNAL OF BIOSENSORS & BIOELECTRONICS	C	
2356-6965	INTERNATIONAL JOURNAL OF BRAIN SCIENCE (PRINT)	C	
2694-1430	INTERNATIONAL JOURNAL OF BUSINESS & MANAGEMENT STUDIES	B3	
1923-4015	INTERNATIONAL JOURNAL OF BUSINESS ADMINISTRATION	A4	
1753-3627	INTERNATIONAL JOURNAL OF BUSINESS AND GLOBALISATION	A4	
1833-8119	INTERNATIONAL JOURNAL OF BUSINESS AND MANAGEMENT	B2	
2319-801X	INTERNATIONAL JOURNAL OF BUSINESS AND MANAGEMENT INVENTION (PRINT)	C	
2312-0916	INTERNATIONAL JOURNAL OF BUSINESS, ECONOMICS AND MANAGEMENT	B1	
1746-0980	INTERNATIONAL JOURNAL OF BUSINESS INFORMATION SYSTEMS (ONLINE)	B2	
1751-0252	INTERNATIONAL JOURNAL OF BUSINESS INNOVATION AND RESEARCH	A2	
1743-8187	INTERNATIONAL JOURNAL OF BUSINESS INTELLIGENCE AND DATA MINING	B2	
2447-7451	INTERNATIONAL JOURNAL OF BUSINESS MARKETING	B2	
1741-8763	INTERNATIONAL JOURNAL OF BUSINESS PROCESS INTEGRATION AND MANAGEMENT	B4	
0167-5273	INTERNATIONAL JOURNAL OF CARDIOLOGY (PRINT)	A2	
2359-5647	INTERNATIONAL JOURNAL OF CARDIOVASCULAR SCIENCES (ONLINE)	B3	
2359-4802	INTERNATIONAL JOURNAL OF CARDIOVASCULAR SCIENCES (PRINT)	B3	
0976-3198	INTERNATIONAL JOURNAL OF CASE REPORTS AND IMAGES	B3	
2578-3270	INTERNATIONAL JOURNAL OF CERAMIC ENGINEERING & SCIENCE	A4	
2523-2843	INTERNATIONAL JOURNAL OF CHEMICAL SCIENCE (ONLINE)	B3	
0098-9886	INTERNATIONAL JOURNAL OF CIRCUIT THEORY AND APPLICATIONS (PRINT)	A3	
1735-0522	INTERNATIONAL JOURNAL OF CIVIL ENGINEERING	A3	
0899-8418	INTERNATIONAL JOURNAL OF CLIMATOLOGY	A1	
1097-0088	INTERNATIONAL JOURNAL OF CLIMATOLOGY	A1	
1940-5901	INTERNATIONAL JOURNAL OF CLINICAL AND EXPERIMENTAL MEDICINE	B4	
1936-2625	INTERNATIONAL JOURNAL OF CLINICAL AND EXPERIMENTAL PATHOLOGY	B3	
2394-6377	INTERNATIONAL JOURNAL OF CLINICAL BIOCHEMISTRY AND RESEARCH (ONLINE)	C	
2690-4861	INTERNATIONAL JOURNAL OF CLINICAL CASE REPORTS AND REVIEWS (ONLINE)	B3	
0974-7052	INTERNATIONAL JOURNAL OF CLINICAL PEDIATRIC DENTISTRY	A3	
2210-7703	INTERNATIONAL JOURNAL OF CLINICAL PHARMACY	A1	
1368-5031	INTERNATIONAL JOURNAL OF CLINICAL PRACTICE (ESHER)	A2	
2349-3259	INTERNATIONAL JOURNAL OF CLINICAL TRIALS	B2	
2076-0930	INTERNATIONAL JOURNAL OF COMMUNICATION NETWORKS AND INFORMATION SECURITY (PRINT)	C	
1932-8036	INTERNATIONAL JOURNAL OF COMMUNICATION (ONLINE)	A1	
1074-5351	INTERNATIONAL JOURNAL OF COMMUNICATION SYSTEMS (PRINT)	A4	
0952-617X	INTERNATIONAL JOURNAL OF COMPARATIVE LABOUR LAW AND INDUSTRIAL RELATIONS	A1	
1875-6883	INTERNATIONAL JOURNAL OF COMPUTATIONAL INTELLIGENCE SYSTEMS	A2	
2790-2412	INTERNATIONAL JOURNAL OF COMPUTATIONS INFORMATION AND MANUFACTURING (IJCIM) (ONLINE)	A4	
0975-8887	INTERNATIONAL JOURNAL OF COMPUTER APPLICATIONS	C	
0952-8091	INTERNATIONAL JOURNAL OF COMPUTER APPLICATIONS IN TECHNOLOGY	A4	
1741-5047	INTERNATIONAL JOURNAL OF COMPUTER APPLICATIONS IN TECHNOLOGY	A4	
2316-9915	INTERNATIONAL JOURNAL OF COMPUTER ARCHITECTURE EDUCATION	B1	
1687-7047	INTERNATIONAL JOURNAL OF COMPUTER GAMES TECHNOLOGY	C	
2150-7988	INTERNATIONAL JOURNAL OF COMPUTER INFORMATION SYSTEMS AND INDUSTRIAL MANAGEMENT APPLICATIONS	B1	
0975-2293	INTERNATIONAL JOURNAL OF COMPUTER NETWORKS AND COMMUNICATIONS	B3	
1947-5500	INTERNATIONAL JOURNAL OF COMPUTER SCIENCE AND INFORMATION SECURITY	C	
2067-533X	INTERNATIONAL JOURNAL OF CONSERVATION SCIENCE (PRINT)	B4	
1474-2640	INTERNATIONAL JOURNAL OF CONSTITUTIONAL LAW (PRINT)	A1	
1470-6423	INTERNATIONAL JOURNAL OF CONSUMER STUDIES	A1	
1560-4624	INTERNATIONAL JOURNAL OF CONTINUING ENGINEERING EDUCATION AND LIFE-LONG LEARNING	B1	
0020-7179	INTERNATIONAL JOURNAL OF CONTROL (PRINT)	A3	
1178-2005	INTERNATIONAL JOURNAL OF COPD	A2	
1687-9333	INTERNATIONAL JOURNAL OF CORROSION	A4	
0142-5463	INTERNATIONAL JOURNAL OF COSMETIC SCIENCE (PRINT)	A2	
1947-3117	INTERNATIONAL JOURNAL OF CREATIVE INTERFACES AND COMPUTER GRAPHICS (IJCICG)	A4	
1874-5482	INTERNATIONAL JOURNAL OF CRITICAL INFRASTRUCTURE PROTECTION	A2	
1367-8779	INTERNATIONAL JOURNAL OF CULTURAL STUDIES (PRINT)	A1	
2319-7706	INTERNATIONAL JOURNAL OF CURRENT MICROBIOLOGY AND APPLIED SCIENCES	C	
0975-833X	INTERNATIONAL JOURNAL OF CURRENT RESEARCH	C	
2320-8090	INTERNATIONAL JOURNAL OF CURRENT SCIENCE AND TECHNOLOGY	C	
2581-8341	INTERNATIONAL JOURNAL OF CURRENT SCIENCE RESEARCH AND REVIEW	C	
1364-727X	INTERNATIONAL JOURNAL OF DAIRY TECHNOLOGY (PRINT)	A2	
2364-415X	INTERNATIONAL JOURNAL OF DATA SCIENCE AND ANALYTICS	A2	
1601-5037	INTERNATIONAL JOURNAL OF DENTAL HYGIENE (ONLINE)	A2	
1601-5029	INTERNATIONAL JOURNAL OF DENTAL HYGIENE (PRINT)	A2	
1687-8736	INTERNATIONAL JOURNAL OF DENTISTRY (ONLINE)	A4	
1687-8728	INTERNATIONAL JOURNAL OF DENTISTRY (PRINT)	A4	
0011-9059	INTERNATIONAL JOURNAL OF DERMATOLOGY	A2	
1365-4632	INTERNATIONAL JOURNAL OF DERMATOLOGY (ONLINE)	A2	
1873-474X	INTERNATIONAL JOURNAL OF DEVELOPMENT NEUROSCIENCE	B1	
2230-9926	INTERNATIONAL JOURNAL OF DEVELOPMENT RESEARCH	C	
2047-3869	INTERNATIONAL JOURNAL OF DEVELOPMENTAL DISABILITIES	A3	
0736-5748	INTERNATIONAL JOURNAL OF DEVELOPMENTAL NEUROSCIENCE	B1	
1998-3832	INTERNATIONAL JOURNAL OF DIABETES IN DEVELOPING COUNTRIES	B1	
0973-3930	INTERNATIONAL JOURNAL OF DIABETES IN DEVELOPING COUNTRIES	B1	
2553-6893	INTERNATIONAL JOURNAL OF DIGITAL AND DATA LAW	A4	
1753-8947	INTERNATIONAL JOURNAL OF DIGITAL EARTH (PRINT)	A2	
2675-7087	INTERNATIONAL JOURNAL OF DIGITAL LAW	A3	
2212-4209	INTERNATIONAL JOURNAL OF DISASTER RISK REDUCTION	A1	
1539-3100	INTERNATIONAL JOURNAL OF DISTANCE EDUCATION TECHNOLOGIES	A1	
2195-2698	INTERNATIONAL JOURNAL OF DYNAMICS AND CONTROL	A2	
2456-351X	INTERNATIONAL JOURNAL OF EARTH & ENVIRONMENTAL SCIENCES	B2	
2687-5993	INTERNATIONAL JOURNAL OF EARTH SCIENCES KNOWLEDGE AND APPLICATIONS	B1	
1687-9708	INTERNATIONAL JOURNAL OF ECOLOGY	C	
1916-971X	INTERNATIONAL JOURNAL OF ECONOMICS AND FINANCE	A3	
1916-9728	INTERNATIONAL JOURNAL OF ECONOMICS AND FINANCE	A3	
2411-5681	INTERNATIONAL JOURNAL OF EDUCATION AND RESEARCH	C	
2386-4303	INTERNATIONAL JOURNAL OF EDUCATIONAL RESEARCH AND INNOVATION	A4	
2666-3740	INTERNATIONAL JOURNAL OF EDUCATIONAL RESEARCH OPEN	A1	
2365-9440	INTERNATIONAL JOURNAL OF EDUCATIONAL TECHNOLOGY IN HIGHER EDUCATION	A1	
0142-0615	INTERNATIONAL JOURNAL OF ELECTRICAL POWER & ENERGY SYSTEMS	A2	
1452-3981	INTERNATIONAL JOURNAL OF ELECTROCHEMICAL SCIENCE (ONLINE)	B3	
1865-1380	INTERNATIONAL JOURNAL OF EMERGENCY MEDICINE	A3	
1553-779X	INTERNATIONAL JOURNAL OF EMERGING ELECTRIC POWER SYSTEMS	A4	
1746-8809	INTERNATIONAL JOURNAL OF EMERGING MARKETS	A1	
1687-8337	INTERNATIONAL JOURNAL OF ENDOCRINOLOGY	A4	
2146-4553	INTERNATIONAL JOURNAL OF ENERGY ECONOMICS AND POLICY	A2	
1099-114X	INTERNATIONAL JOURNAL OF ENERGY RESEARCH	C	
0363-907X	INTERNATIONAL JOURNAL OF ENERGY RESEARCH (PRINT)	C	
1750-6220	INTERNATIONAL JOURNAL OF ENERGY SECTOR MANAGEMENT	A2	
1468-0874	INTERNATIONAL JOURNAL OF ENGINE RESEARCH	A2	
2321-0869	INTERNATIONAL JOURNAL OF ENGINEERING & TECHNICAL RESEARCH	C	
0949-149X	INTERNATIONAL JOURNAL OF ENGINEERING EDUCATION	A4	
2248-9622	INTERNATIONAL JOURNAL OF ENGINEERING RESEARCH AND APPLICATIONS (IJERA)	C	
2278-067X	INTERNATIONAL JOURNAL OF ENGINEERING RESEARCH AND DEVELOPMENT	C	
0020-7225	INTERNATIONAL JOURNAL OF ENGINEERING SCIENCE	A1	
2231-5381	INTERNATIONAL JOURNAL OF ENGINEERING TRENDS AND TECHNOLOGY	C	
1099-9264	INTERNATIONAL JOURNAL OF ENTREPRENEURSHIP	A3	
1741-5098	INTERNATIONAL JOURNAL OF ENTREPRENEURSHIP AND INNOVATION MANAGEMENT (ONLINE)	A3	
2581-8627	INTERNATIONAL JOURNAL OF ENVIRONMENT AND CLIMATE CHANGE	B3	
1474-6778	INTERNATIONAL JOURNAL OF ENVIRONMENT AND SUSTAINABLE DEVELOPMENT	A4	
1478-9868	INTERNATIONAL JOURNAL OF ENVIRONMENT AND WASTE MANAGEMENT (ONLINE)	B2	
1478-9876	INTERNATIONAL JOURNAL OF ENVIRONMENT AND WASTE MANAGEMENT (PRINT)	B2	
0306-7319	INTERNATIONAL JOURNAL OF ENVIRONMENTAL ANALYTICAL CHEMISTRY (PRINT)	A2	
2454-1850	INTERNATIONAL JOURNAL OF ENVIRONMENTAL AND AGRICULTURE RESEARCH	C	
0960-3123	INTERNATIONAL JOURNAL OF ENVIRONMENTAL HEALTH RESEARCH (PRINT)	A2	
1735-6865	INTERNATIONAL JOURNAL OF ENVIRONMENTAL OF RESEARCH (PRINT)	A3	
1660-4601	INTERNATIONAL JOURNAL OF ENVIRONMENTAL RESEARCH AND PUBLIC HEALTH	C	
1661-7827	INTERNATIONAL JOURNAL OF ENVIRONMENTAL RESEARCH AND PUBLIC HEALTH (PRINT)	C	
2675-3456	INTERNATIONAL JOURNAL OF ENVIRONMENTAL RESILIENCE RESEARCH AND SCIENCE (IJERRS)	B3	
1735-2630	INTERNATIONAL JOURNAL OF ENVIRONMENTAL SCIENCE AND TECHNOLOGY	A2	
2572-1119	INTERNATIONAL JOURNAL OF ENVIRONMENTAL SCIENCES & NATURAL RESOURCES	A4	
0020-7233	INTERNATIONAL JOURNAL OF ENVIRONMENTAL STUDIES	A3	
2383-4366	INTERNATIONAL JOURNAL OF EPIDEMIOLOGIC RESEARCH	A4	
0300-5771	INTERNATIONAL JOURNAL OF EPIDEMIOLOGY	A1	
2514-9369	INTERNATIONAL JOURNAL OF ETHICS AND SYSTEMS (PRINT)	A1	
1744-1609	INTERNATIONAL JOURNAL OF EVIDENCE-BASED HEALTHCARE	B1	
1939-795X	INTERNATIONAL JOURNAL OF EXERCISE SCIENCE	A3	
1742-8297	INTERNATIONAL JOURNAL OF EXERGY (PRINT)	B1	
0959-9673	INTERNATIONAL JOURNAL OF EXPERIMENTAL PATHOLOGY (PRINT)	A3	
2577-8269	INTERNATIONAL JOURNAL OF FAMILY & COMMUNITY MEDICINE	B4	
1937-4585	INTERNATIONAL JOURNAL OF FEMINIST APPROACHES TO BIOETHICS (PRINT)	A4	
2008-076X	INTERNATIONAL JOURNAL OF FERTILITY AND STERILITY	A3	
2227-7072	INTERNATIONAL JOURNAL OF FINANCIAL STUDIES	C	
2149-3766	INTERNATIONAL JOURNAL OF FOOD AND AGRICULTURAL ECONOMICS (IJFAEC) (ONLINE)	A3	
2056-6522	INTERNATIONAL JOURNAL OF FOOD DESIGN	A1	
0168-1605	INTERNATIONAL JOURNAL OF FOOD MICROBIOLOGY	A1	
2314-5765	INTERNATIONAL JOURNAL OF FOOD SCIENCE	A2	
1365-2621	INTERNATIONAL JOURNAL OF FOOD SCIENCE & TECHNOLOGY (ONLINE)	A2	
0950-5423	INTERNATIONAL JOURNAL OF FOOD SCIENCE & TECHNOLOGY (PRINT)	A2	
0169-2070	INTERNATIONAL JOURNAL OF FORECASTING	A1	
1494-2119	INTERNATIONAL JOURNAL OF FOREST ENGINEERING	A2	
1553-8362	INTERNATIONAL JOURNAL OF FRUIT SCIENCE	A1	
1553-8621	INTERNATIONAL JOURNAL OF FRUIT SCIENCE (ONLINE)	A1	
1562-2479	INTERNATIONAL JOURNAL OF FUZZY SYSTEMS	A1	
2155-6849	INTERNATIONAL JOURNAL OF GAME-BASED LEARNING.	A3	
1878-450X	INTERNATIONAL JOURNAL OF GASTRONOMY AND FOOD SCIENCE	A1	
1178-7074	INTERNATIONAL JOURNAL OF GENERAL MEDICINE	A3	
1365-8816	INTERNATIONAL JOURNAL OF GEOGRAPHICAL INFORMATION SCIENCE (PRINT)	A1	
1532-3641	INTERNATIONAL JOURNAL OF GEOMECHANICS	A2	
2675-2883	INTERNATIONAL JOURNAL OF GEOSCIENCE, ENGINEERING AND TECHNOLOGY	B4	
0885-6230	INTERNATIONAL JOURNAL OF GERIATRIC PSYCHIATRY	A2	
2278-3229	INTERNATIONAL JOURNAL OF GREEN AND HERBAL CHEMISTRY	C	
1750-5836	INTERNATIONAL JOURNAL OF GREENHOUSE GAS CONTROL	A2	
0020-7292	INTERNATIONAL JOURNAL OF GYNAECOLOGY AND OBSTETRICS	A2	
1048-891X	INTERNATIONAL JOURNAL OF GYNECOLOGICAL CANCER	A1	
0952-6862	INTERNATIONAL JOURNAL OF HEALTH CARE QUALITY ASSURANCE	A4	
2526-1606	INTERNATIONAL JOURNAL OF HEALTH MANAGEMENT REVIEW - JHMREVIEW	B2	
2231-3265	INTERNATIONAL JOURNAL OF HEALTH, PHYSICAL EDUCATION AND COMPUTER SCIENCE IN SPORTS	B3	
2322-5939	INTERNATIONAL JOURNAL OF HEALTH POLICY AND MANAGEMENT	A2	
2764-0159	INTERNATIONAL JOURNAL OF HEALTH SCIENCE	B3	
2372-5079	INTERNATIONAL JOURNAL OF HEALTH SCIENCES	B3	
0020-7314	INTERNATIONAL JOURNAL OF HEALTH SERVICES (PRINT)	A4	
1741-5144	INTERNATIONAL JOURNAL OF HEALTHCARE TECHNOLOGY AND MANAGEMENT	B1	
0017-9310	INTERNATIONAL JOURNAL OF HEAT AND MASS TRANSFER	A1	
2321-2187	INTERNATIONAL JOURNAL OF HERBAL MEDICINE	C	
1982-6206	INTERNATIONAL JOURNAL OF HIGH DILUTION RESEARCH	B4	
0278-4319	INTERNATIONAL JOURNAL OF HOSPITALITY MANAGEMENT	A1	
1753-8270	INTERNATIONAL JOURNAL OF HOUSING MARKETS AND ANALYSIS (PRINT)	A3	
1364-2987	INTERNATIONAL JOURNAL OF HUMAN RIGHTS	A1	
2764-0558	INTERNATIONAL JOURNAL OF HUMAN SCIENCES RESEARCH.	C	
1044-7318	INTERNATIONAL JOURNAL OF HUMAN-COMPUTER INTERACTION	A1	
1532-7590	INTERNATIONAL JOURNAL OF HUMAN-COMPUTER INTERACTION (ONLINE)	A1	
1071-5819	INTERNATIONAL JOURNAL OF HUMAN-COMPUTER STUDIES (PRINT)	A1	
2220-8488	INTERNATIONAL JOURNAL OF HUMANITIES AND SOCIAL SCIENCE (IMPRESSO)	C	
2319-7722	INTERNATIONAL JOURNAL OF HUMANITIES AND SOCIAL SCIENCE INVENTION	C	
2221-0989	INTERNATIONAL JOURNAL OF HUMANITIES AND SOCIAL SCIENCE (ONLINE)	C	
2349-0381	INTERNATIONAL JOURNAL OF HUMANITIES, SOCIAL SCIENCES AND EDUCATION	C	
0360-3199	INTERNATIONAL JOURNAL OF HYDROGEN ENERGY	A1	
2576-4454	INTERNATIONAL JOURNAL OF HYDROLOGY (ONLINE)	C	
2515-0472	INTERNATIONAL JOURNAL OF HYDROMECHATRONICS	A1	
1438-4639	INTERNATIONAL JOURNAL OF HYGIENE AND ENVIRONMENTAL HEALTH (PRINT)	A1	
0265-6736	INTERNATIONAL JOURNAL OF HYPERTHERMIA	A3	
1744-3121	INTERNATIONAL JOURNAL OF IMMUNOGENETICS (PRINT)	A4	
2198-4034	INTERNATIONAL JOURNAL OF IMPLANT DENTISTRY	A2	
2217-2661	INTERNATIONAL JOURNAL OF INDUSTRIAL ENGINEERING AND MANAGEMENT	A2	
1923-2926	INTERNATIONAL JOURNAL OF INDUSTRIAL ENGINEERING COMPUTATIONS	A3	
0169-8141	INTERNATIONAL JOURNAL OF INDUSTRIAL ERGONOMICS	A2	
1201-9712	INTERNATIONAL JOURNAL OF INFECTIOUS DESEASES	A1	
1756-7025	INTERNATIONAL JOURNAL OF INFORMATION AND DECISION SCIENCES	B2	
0268-4012	INTERNATIONAL JOURNAL OF INFORMATION MANAGEMENT	A1	
2667-0968	INTERNATIONAL JOURNAL OF INFORMATION MANAGEMENT DATA INSIGHTS	A1	
1941-868X	INTERNATIONAL JOURNAL OF INFORMATION SYSTEMS AND SOCIAL CHANGE	B1	
2530-3260	INTERNATIONAL JOURNAL OF INFORMATION SYSTEMS AND TOURISM (IJIST)	B1	
0219-6220	INTERNATIONAL JOURNAL OF INFORMATION TECHNOLOGY & DECISION MAKING	A1	
1745-7300	INTERNATIONAL JOURNAL OF INJURY CONTROL AND SAFETY PROMOTION (PRINT)	A2	
2318-9975	INTERNATIONAL JOURNAL OF INNOVATION	A4	
1471-8197	INTERNATIONAL JOURNAL OF INNOVATION AND LEARNING	A3	
1740-8830	INTERNATIONAL JOURNAL OF INNOVATION AND SUSTAINABLE DEVELOPMENT	A3	
1740-8822	INTERNATIONAL JOURNAL OF INNOVATION AND SUSTAINABLE DEVELOPMENT	A3	
0219-8770	INTERNATIONAL JOURNAL OF INNOVATION AND TECHNOLOGY MANAGEMENT	A2	
1757-5877	INTERNATIONAL JOURNAL OF INNOVATION MANAGEMENT (ONLINE)	A1	
1757-2223	INTERNATIONAL JOURNAL OF INNOVATION SCIENCE	A2	
2096-2487	INTERNATIONAL JOURNAL OF INNOVATION STUDIES	A3	
1751-6498	INTERNATIONAL JOURNAL OF INNOVATIVE COMPUTING AND APPLICATIONS (ONLINE)	B3	
2617-6548	INTERNATIONAL JOURNAL OF INNOVATIVE RESEARCH AND SCIENTIFIC STUDIES (ONLINE)	A4	
2456-2165	INTERNATIONAL JOURNAL OF INNOVATIVE SCIENCE AND RESEARCH TECHNOLOGY	C	
1568-4156	INTERNATIONAL JOURNAL OF INTEGRATED CARE	A2	
1478-9647	INTERNATIONAL JOURNAL OF INTELLECTUAL PROPERTY MANAGEMENT	A4	
2366-5971	INTERNATIONAL JOURNAL OF INTELLIGENT ROBOTICS AND APPLICATION	B1	
1865-7923	INTERNATIONAL JOURNAL OF INTERACTIVE MOBILE TECHNOLOGIES	A3	
1741-8100	INTERNATIONAL JOURNAL OF INTERNET MARKETING AND ADVERTISING	A3	
2316-6517	INTERNATIONAL JOURNAL OF KNOWLEDGE ENGINEERING AND MANAGEMENT - IJKEM	B2	
1743-8268	INTERNATIONAL JOURNAL OF KNOWLEDGE MANAGEMENT STUDIES	A4	
1743-8276	INTERNATIONAL JOURNAL OF KNOWLEDGE MANAGEMENT STUDIES (ONLINE)	A4	
2040-4476	INTERNATIONAL JOURNAL OF KNOWLEDGE-BASED DEVELOPMENT (ONLINE)	A3	
1368-2822	INTERNATIONAL JOURNAL OF LANGUAGE AND COMMUNICATION DISORDERS (PRINT)	A1	
2334-2358	INTERNATIONAL JOURNAL OF LANGUAGE AND LITERATURE (ONLINE)	A2	
2455-4847	INTERNATIONAL JOURNAL OF LATEST ENGINEERING AND MANAGEMENT RESEARCH (IJLEMR)	B2	
2454-5031	INTERNATIONAL JOURNAL OF LATEST RESEARCH IN ENGINEERING AND TECHNOLOGY (ONLINE)	C	
2509-9957	INTERNATIONAL JOURNAL OF LATIN AMERICAN RELIGIONS (IMPRESSO)	A1	
2509-9965	INTERNATIONAL JOURNAL OF LATIN AMERICAN RELIGIONS (ONLINE)	A1	
2640-1908	INTERNATIONAL JOURNAL OF LAW AND SOCIETY	A2	
2040-4166	INTERNATIONAL JOURNAL OF LEAN SIX SIGMA	A2	
1694-2116	INTERNATIONAL JOURNAL OF LEARNING, TEACHING AND EDUCATIONAL RESEARCH	C	
0937-9827	INTERNATIONAL JOURNAL OF LEGAL MEDICINE (PRINT)	A2	
0260-1370	INTERNATIONAL JOURNAL OF LIFELONG EDUCATION	A3	
2975-8602	INTERNATIONAL JOURNAL OF LITERATURE AND TOURISM RESEARCH (LIT&TOUR) (ONLINE)	B2	
1367-5567	INTERNATIONAL JOURNAL OF LOGISTICS	A1	
0957-4093	INTERNATIONAL JOURNAL OF LOGISTICS MANAGEMENT	A1	
1742-7967	INTERNATIONAL JOURNAL OF LOGISTICS SYSTEMS AND MANAGEMENT	A3	
1462-4621	INTERNATIONAL JOURNAL OF MANAGEMENT AND DECISION MAKING	A4	
2349-0349	INTERNATIONAL JOURNAL OF MANAGERIAL STUDIES AND RESEARCH	A4	
1753-8378	INTERNATIONAL JOURNAL OF MANAGING PROJECTS IN BUSINESS	A2	
0143-7720	INTERNATIONAL JOURNAL OF MANPOWER	A1	
1387-3806	INTERNATIONAL JOURNAL OF MASS SPECTROMETRY (PRINT)	A4	
1862-5282	INTERNATIONAL JOURNAL OF MATERIALS RESEARCH	B1	
0020-739X	INTERNATIONAL JOURNAL OF MATHEMATICAL EDUCATION IN SCIENCE AND TECHNOLOGY	A2	
2455-7749	INTERNATIONAL JOURNAL OF MATHEMATICAL, ENGINEERING AND MANAGEMENT SCIENCES	A1	
1757-5850	INTERNATIONAL JOURNAL OF MATHEMATICS IN OPERATIONAL RESEARCH	A3	
0020-7403	INTERNATIONAL JOURNAL OF MECHANICAL SCIENCES	A1	
1386-5056	INTERNATIONAL JOURNAL OF MEDICAL INFORMATICS	A1	
2345-525X	INTERNATIONAL JOURNAL OF MEDICAL REVIEWS (ONLINE)	B2	
2767-8342	INTERNATIONAL JOURNAL OF MEDICAL SCIENCE AND CLINICAL RESEARCH STUDIES (ONLINE)	B2	
2664-8768	INTERNATIONAL JOURNAL OF MEDICAL SCIENCE AND RESEARCH (ONLINE)	B4	
1521-9437	INTERNATIONAL JOURNAL OF MEDICINAL MUSHROOMS	B2	
1557-1874	INTERNATIONAL JOURNAL OF MENTAL HEALTH AND ADDICTION	A1	
1557-1882	INTERNATIONAL JOURNAL OF MENTAL HEALTH AND ADDICTION (ONLINE)	A1	
1744-2621	INTERNATIONAL JOURNAL OF METADATA, SEMANTICS AND ONTOLOGIES (PRINT)	A4	
1939-5981	INTERNATIONAL JOURNAL OF METALCASTING	A3	
1687-9198	INTERNATIONAL JOURNAL OF MICROBIOLOGY (ONLINE)	B1	
1687-918X	INTERNATIONAL JOURNAL OF MICROBIOLOGY (PRINT)	B1	
1748-0930	INTERNATIONAL JOURNAL OF MINING, RECLAMATION AND ENVIRONMENT (PRINT)	A2	
0217-751X	INTERNATIONAL JOURNAL OF MODERN PHYSICS A	A4	
2251-9645	INTERNATIONAL JOURNAL OF MOLECULAR AND CELLULAR MEDICINE	B1	
2573-2889	INTERNATIONAL JOURNAL OF MOLECULAR BIOLOGY (ONLINE)	C	
1948-1756	INTERNATIONAL JOURNAL OF MOLECULAR EPIDEMIOLOGY AND GENETICS	B3	
1422-0067	INTERNATIONAL JOURNAL OF MOLECULAR SCIENCES (ONLINE)	A1	
0717-9502	INTERNATIONAL JOURNAL OF MORPHOLOGY (ONLINE)	B2	
2581-7027	INTERNATIONAL JOURNAL OF MULTIDISCIPLINARY AND CURRENT EDUCATIONAL RESEARCH	A4	
2212-5531	INTERNATIONAL JOURNAL OF MYCOBATERIOLOGY	B2	
1178-2013	INTERNATIONAL JOURNAL OF NANOMEDICINE (ONLINE)	A1	
2476-2334	INTERNATIONAL JOURNAL OF NANOTECHNOLOGY & NANOMEDICINE	B3	
2653-6226	INTERNATIONAL JOURNAL OF NETWORK DYNAMICS AND INTELLIGENCE	B2	
0129-0657	INTERNATIONAL JOURNAL OF NEURAL SYSTEMS	A1	
0020-7454	INTERNATIONAL JOURNAL OF NEUROSCIENCE	A4	
2008-6822	INTERNATIONAL JOURNAL OF NONLINEAR ANALYSIS AND APPLICATIONS	C	
0020-7462	INTERNATIONAL JOURNAL OF NON-LINEAR MECHANICS	A2	
0894-3370	INTERNATIONAL JOURNAL OF NUMERICAL MODELLING (PRINT)	A3	
2047-3087	INTERNATIONAL JOURNAL OF NURSING KNOWLEDGE	A2	
2047-3095	INTERNATIONAL JOURNAL OF NURSING KNOWLEDGE	A2	
1322-7114	INTERNATIONAL JOURNAL OF NURSING PRACTICE	A1	
0020-7489	INTERNATIONAL JOURNAL OF NURSING STUDIES	A1	
2327-2694	INTERNATIONAL JOURNAL OF NUTRITION AND FOOD SCIENCE	C	
1984-3011	INTERNATIONAL JOURNAL OF NUTROLOGY	B3	
0307-0565	INTERNATIONAL JOURNAL OF OBESITY	A1	
1080-3548	INTERNATIONAL JOURNAL OF OCCUPATIONAL SAFETY AND ERGONOMICS	A2	
0718-381X	INTERNATIONAL JOURNAL OF ODONTOSTOMATOLOGY	B3	
1748-3743	INTERNATIONAL JOURNAL OF OLDER PEOPLE NURSING (ONLINE)	A4	
2626-8493	INTERNATIONAL JOURNAL OF ONLINE AND BIOMEDICAL ENGINEERING (IJOE)	A3	
1745-7645	INTERNATIONAL JOURNAL OF OPERATIONAL RESEARCH (PRINT)	A4	
0144-3577	INTERNATIONAL JOURNAL OF OPERATIONS & PRODUCTION MANAGEMENT	A1	
2222-3959	INTERNATIONAL JOURNAL OF OPHTHALMOLOGY (PRINT)	A4	
0901-5027	INTERNATIONAL JOURNAL OF ORAL AND MAXILLOFACIAL SURGERY	A1	
2395-7387	INTERNATIONAL JOURNAL OF ORAL HEALTH AND MEDICAL RESEARCH	C	
1934-8835	INTERNATIONAL JOURNAL OF ORGANIZATIONAL ANALYSIS (2005)	A1	
1047-482X	INTERNATIONAL JOURNAL OF OSTEOARCHAEOLOGY	A3	
1746-0689	INTERNATIONAL JOURNAL OF OSTEOPATHIC MEDICINE (PRINT)	A4	
2168-5460	INTERNATIONAL JOURNAL OF OTOLARYNGOLOGY AND HEAD & NECK SURGERY	C	
1365-263X	INTERNATIONAL JOURNAL OF PAEDIATRIC DENTISTRY (ONLINE)	A2	
0960-7439	INTERNATIONAL JOURNAL OF PAEDIATRIC DENTISTRY (PRINT)	A2	
1879-9817	INTERNATIONAL JOURNAL OF PALEOPATHOLOGY	A1	
2331-5180	INTERNATIONAL JOURNAL OF PARTICLE THERAPY (ONLINE)	A4	
0165-5876	INTERNATIONAL JOURNAL OF PEDIATRIC OTORHINOLARYNGOLOGY (PRINT)	A3	
1573-3904	INTERNATIONAL JOURNAL OF PEPTIDE RESEARCH AND THERAPEUTICS	A3	
1474-8185	INTERNATIONAL JOURNAL OF PERFORMANCE ANALYSIS IN SPORT	A2	
2474-8668	INTERNATIONAL JOURNAL OF PERFORMANCE ANALYSIS IN SPORT	A2	
0967-0874	INTERNATIONAL JOURNAL OF PEST MANAGEMENT (PRINT)	A2	
2395-3411	INTERNATIONAL JOURNAL OF PHARMA AND CHEMICAL RESEARCH	B2	
1750-6123	INTERNATIONAL JOURNAL OF PHARMACEUTICAL AND HEALTHCARE MARKETING	A2	
2456-4494	INTERNATIONAL JOURNAL OF PHARMACEUTICAL RESEARCH AND APPLICATIONS	C	
2640-7760	INTERNATIONAL JOURNAL OF PHARMACEUTICAL SCIENCES AND DEVELOPMENTAL RESEARCH	C	
0378-5173	INTERNATIONAL JOURNAL OF PHARMACEUTICS (PRINT)	A1	
2576-4772	INTERNATIONAL JOURNAL OF PHARMACOGNOSY & CHINESE MEDICINE	B2	
1110-662X	INTERNATIONAL JOURNAL OF PHOTOENERGY (PRINT)	A3	
2329-9096	INTERNATIONAL JOURNAL OF PHYSICAL MEDICINE & REHABILITATION	B3	
1944-8171	INTERNATIONAL JOURNAL OF PHYSIOLOGY, PATHOPHYSIOLOGY AND PHARMACOLOGY	B1	
1522-6514	INTERNATIONAL JOURNAL OF PHYTOREMEDIATION	A1	
2320-7035	INTERNATIONAL JOURNAL OF PLANT & SOIL SCIENCE	B1	
2037-0164	INTERNATIONAL JOURNAL OF PLANT BIOLOGY	B1	
1735-6814	INTERNATIONAL JOURNAL OF PLANT PRODUCTION (PRINT)	A2	
1563-535X	INTERNATIONAL JOURNAL OF POLYMERIC MATERIALS AND POLYMERIC BIOMATERIALS	A2	
2424-8606	INTERNATIONAL JOURNAL OF POPULATION STUDIES (ONLINE)	B4	
1744-7550	INTERNATIONAL JOURNAL OF POSTHARVEST TECHNOLOGY AND INNOVATION	C	
2008-7802	INTERNATIONAL JOURNAL OF PREVENTIVE MEDICINE	A2	
0164-0291	INTERNATIONAL JOURNAL OF PRIMATOLOGY	A2	
1741-816X	INTERNATIONAL JOURNAL OF PROCESS MANAGEMENT AND BENCHMARKING (ONLINE)	B2	
1753-8432	INTERNATIONAL JOURNAL OF PROCUREMENT MANAGEMENT	A3	
0925-5273	INTERNATIONAL JOURNAL OF PRODUCTION ECONOMICS	A1	
1366-588X	INTERNATIONAL JOURNAL OF PRODUCTION RESEARCH	A1	
0020-7543	INTERNATIONAL JOURNAL OF PRODUCTION RESEARCH (PRINT)	A1	
1746-6474	INTERNATIONAL JOURNAL OF PRODUCTIVITY AND QUALITY MANAGEMENT	B1	
2525-3654	INTERNATIONAL JOURNAL OF PROFESSIONAL BUSINESS REVIEW	C	
2475-5435	INTERNATIONAL JOURNAL OF PSYCHIATRY	B3	
1365-1501	INTERNATIONAL JOURNAL OF PSYCHIATRY IN CLINICAL PRACTICE (PRINT)	A3	
2641-4317	INTERNATIONAL JOURNAL OF PSYCHIATRY RESEARCH	B1	
2011-7922	INTERNATIONAL JOURNAL OF PSYCHOLOGICAL RESEARCH	A2	
2183-5829	INTERNATIONAL JOURNAL OF PSYCHOLOGY AND NEUROSCIENCE	B4	
0020-7594	INTERNATIONAL JOURNAL OF PSYCHOLOGY (PRINT)	A1	
0190-0692	INTERNATIONAL JOURNAL OF PUBLIC ADMINISTRATION	A1	
0951-3558	INTERNATIONAL JOURNAL OF PUBLIC SECTOR MANAGEMENT	A1	
1569-7320	INTERNATIONAL JOURNAL OF PUBLIC THEOLOGY	A3	
1872-5171	INTERNATIONAL JOURNAL OF PUBLIC THEOLOGY (PRINT)	A3	
0265-671X	INTERNATIONAL JOURNAL OF QUALITY AND RELIABILITY MANAGEMENT	A3	
0020-7608	INTERNATIONAL JOURNAL OF QUANTUM CHEMISTRY	A3	
0219-7499	INTERNATIONAL JOURNAL OF QUANTUM INFORMATION	B1	
0955-3002	INTERNATIONAL JOURNAL OF RADIATION BIOLOGY (PRINT)	A2	
0360-3016	INTERNATIONAL JOURNAL OF RADIATION ONCOLOGY, BIOLOGY, PHYSICS	A1	
2618-5717	INTERNATIONAL JOURNAL OF RECREATION AND SPORTS SCIENCE	B3	
2251-7715	INTERNATIONAL JOURNAL OF RECYCLING OF ORGANIC WASTE IN AGRIC	A4	
2195-3228	INTERNATIONAL JOURNAL OF RECYCLING OF ORGANIC WASTE IN AGRICULTURE	A4	
0263-4368	INTERNATIONAL JOURNAL OF REFRACTORY METALS AND HARD MATERIALS	A2	
0140-7007	INTERNATIONAL JOURNAL OF REFRIGERATION	A2	
0342-5282	INTERNATIONAL JOURNAL OF REHABILITATION RESEARCH	A3	
0143-1161	INTERNATIONAL JOURNAL OF REMOTE SENSING (PRINT)	A2	
2350-0530	INTERNATIONAL JOURNAL OF RESEARCH - GRANTHAALAYAH	C	
2394-3629	INTERNATIONAL JOURNAL OF RESEARCH - GRANTHAALAYAH (IMPRESSO)	C	
2148-9955	INTERNATIONAL JOURNAL OF RESEARCH IN EDUCATION AND SCIENCE	C	
2320-9364	INTERNATIONAL JOURNAL OF RESEARCH IN ENGINEERING AND SCIENCE	C	
2454-9428	INTERNATIONAL JOURNAL OF RESEARCH STUDIES IN MICROBIOLOGY AND BIOTECHNOLOGY (IJRSMB)	B3	
2056-9920	INTERNATIONAL JOURNAL OF RETINA AND VITREOUS	A3	
1687-9260	INTERNATIONAL JOURNAL OF RHEUMATOLOGY	A3	
1571-5124	INTERNATIONAL JOURNAL OF RIVER BASIN MANAGEMENT	A2	
1049-8923	INTERNATIONAL JOURNAL OF ROBUST AND NONLINEAR CONTROL (PRINT)	A1	
0973-0052	INTERNATIONAL JOURNAL OF RURAL MANAGEMENT	A4	
2581-5946	INTERNATIONAL JOURNAL OF SCIENCE AND MANAGEMENT STUDIES (IJSMS)	B4	
2319-7064	INTERNATIONAL JOURNAL OF SCIENCE AND RESEARCH	C	
2582-8185	INTERNATIONAL JOURNAL OF SCIENCE AND RESEARCH ARCHIVE	B1	
2454-2008	INTERNATIONAL JOURNAL OF SCIENCE AND RESEARCH METHODOLOGY	C	
0799-6632	INTERNATIONAL JOURNAL OF SCIENCE AND TECHNOLOGY RESEARCH ARCHIVE (ONLINE)	C	
2316-1256	INTERNATIONAL JOURNAL OF SCIENCE DENTISTRY	B3	
0950-0693	INTERNATIONAL JOURNAL OF SCIENCE EDUCATION	A1	
2330-7420	INTERNATIONAL JOURNAL OF SCIENCE, TECHNOLOGY AND SOCIETY	B1	
2395-3470	INTERNATIONAL JOURNAL OF SCIENTIFIC ENGINEERING AND APPLIED SCIENCE	C	
2386-8570	INTERNATIONAL JOURNAL OF SCIENTIFIC MANAGEMENT AND TOURISM	C	
2444-0299	INTERNATIONAL JOURNAL OF SCIENTIFIC MANAGEMENT AND TOURISM (PRINT)	C	
2321-3418	INTERNATIONAL JOURNAL OF SCIENTIFIC RESEARCH AND MANAGEMENT	C	
2345-6787	INTERNATIONAL JOURNAL OF SCIENTIFIC RESEARCH IN CHEMICAL ENGINEERING	B4	
1747-8405	INTERNATIONAL JOURNAL OF SECURITY AND NETWORKS (PRINT)	B2	
1748-1279	INTERNATIONAL JOURNAL OF SENSOR NETWORKS	B1	
1744-2370	INTERNATIONAL JOURNAL OF SERVICES AND OPERATIONS MANAGEMENT	A3	
2580-779X	INTERNATIONAL JOURNAL OF SMART GRID AND SUSTAINABLE ENERGY TECHNOLOGIES	B4	
1947-8402	INTERNATIONAL JOURNAL OF SOCIAL ECOLOGY AND SUSTAINABLE DEVELOPMENT	B1	
0306-8293	INTERNATIONAL JOURNAL OF SOCIAL ECONOMICS	A1	
2051-5804	INTERNATIONAL JOURNAL OF SOCIAL PEDAGOGY (ONLINE)	B1	
0020-7640	INTERNATIONAL JOURNAL OF SOCIAL PSYCHIATRY	A1	
1364-5579	INTERNATIONAL JOURNAL OF SOCIAL RESEARCH METHODOLOGY (PRINT)	A2	
2010-3646	INTERNATIONAL JOURNAL OF SOCIAL SCIENCE AND HUMANITY	C	
2324-8041	INTERNATIONAL JOURNAL OF SOCIAL SCIENCE STUDIES	A4	
2582-0176	INTERNATIONAL JOURNAL OF SOCIAL SCIENCES AND MANAGEMENT REVIEW (ONLINE)	B2	
0218-1940	INTERNATIONAL JOURNAL OF SOFTWARE ENGINEERING AND KNOWLEDGE ENGINEERING	B1	
0020-7683	INTERNATIONAL JOURNAL OF SOLIDS AND STRUCTURES	A1	
1754-9507	INTERNATIONAL JOURNAL OF SPEECH-LANGUAGE PATHOLOGY (PRINT)	A1	
1612-197X	INTERNATIONAL JOURNAL OF SPORT AND EXERCISE PSYCHOLOGY	A2	
1936-3907	INTERNATIONAL JOURNAL OF SPORT COMMUNICATION	A2	
0047-0767	INTERNATIONAL JOURNAL OF SPORT PSYCHOLOGY	B1	
2469-5718	INTERNATIONAL JOURNAL OF SPORTS AND EXERCISE MEDICINE	B2	
0172-4622	INTERNATIONAL JOURNAL OF SPORTS MEDICINE	A2	
2159-2896	INTERNATIONAL JOURNAL OF SPORTS PHYSICAL THERAPY	A4	
1555-0273	INTERNATIONAL JOURNAL OF SPORTS PHYSIOLOGY AND PERFORMANCE	A1	
1555-0265	INTERNATIONAL JOURNAL OF SPORTS PHYSIOLOGY AND PERFORMANCE	A1	
2048-397X	INTERNATIONAL JOURNAL OF SPORTS SCIENCE & COACHING	A2	
1927-7040	INTERNATIONAL JOURNAL OF STATISTICS AND PROBABILITY	B4	
0956-4624	INTERNATIONAL JOURNAL OF STD & AIDS	A4	
2767-9799	INTERNATIONAL JOURNAL OF STUDIES IN EDUCATION AND SCIENCE (IJSES)	B2	
1066-8969	INTERNATIONAL JOURNAL OF SURGICAL PATHOLOGY	A4	
1467-6370	INTERNATIONAL JOURNAL OF SUSTAINABILITY IN HIGHER EDUCATION	A1	
1743-761X	INTERNATIONAL JOURNAL OF SUSTAINABLE DEVELOPMENT AND PLANNING (ONLINE)	A4	
1350-4509	INTERNATIONAL JOURNAL OF SUSTAINABLE DEVELOPMENT AND WORLD ECOLOGY	A1	
2246-2929	INTERNATIONAL JOURNAL OF SUSTAINABLE ENERGY PLANNING AND MANAGEMENT	A1	
1939-7046	INTERNATIONAL JOURNAL OF SUSTAINABLE ENGINEERING (ONLINE)	A1	
1466-5026	INTERNATIONAL JOURNAL OF SYSTEMATIC AND EVOLUTIONARY MICROBIOLOGY (PRINT)	A2	
0020-7721	INTERNATIONAL JOURNAL OF SYSTEMS SCIENCE	A2	
1812-9129	INTERNATIONAL JOURNAL OF TEACHING AND LEARNING IN HIGHER EDUCATION	A2	
1753-1942	INTERNATIONAL JOURNAL OF TECHNOLOGICAL LEARNING, INNOVATION AND DEVELOPMENT (PRINT)	B1	
1471-6348	INTERNATIONAL JOURNAL OF TECHNOLOGY ASSESSMENT IN HEALTH CARE	A4	
0266-4623	INTERNATIONAL JOURNAL OF TECHNOLOGY ASSESSMENT IN HEALTH CARE (PRINT)	A4	
2651-5369	INTERNATIONAL JOURNAL OF TECHNOLOGY IN EDUCATION & SCIENCE (ONLINE)	A1	
0267-5730	INTERNATIONAL JOURNAL OF TECHNOLOGY MANAGEMENT	A2	
1741-5292	INTERNATIONAL JOURNAL OF TECHNOLOGY, POLICY AND MANAGEMENT	A4	
2595-4180	INTERNATIONAL JOURNAL OF TERRESTRIAL HEAT FLOW AND APPLIED GEOTHERMICS	B4	
1936-6744	INTERNATIONAL JOURNAL OF THE ANALYTIC HIDERARCHY PROCESS	B2	
0952-3367	INTERNATIONAL JOURNAL OF THE HISTORY OF SPORT	A1	
0165-2516	INTERNATIONAL JOURNAL OF THE SOCIOLOGY OF LANGUAGE	A1	
1741-1645	INTERNATIONAL JOURNAL OF THERAPY AND REHABILITATION	B1	
1290-0729	INTERNATIONAL JOURNAL OF THERMAL SCIENCES	A1	
0195-928X	INTERNATIONAL JOURNAL OF THERMOPHYSICS	A4	
1759-0450	INTERNATIONAL JOURNAL OF TOURISM ANTHROPOLOGY	A3	
2056-5607	INTERNATIONAL JOURNAL OF TOURISM CITIES	A2	
2689-5269	INTERNATIONAL JOURNAL OF TRANSGENDER HEALTH (PRINT)	A1	
1752-7716	INTERNATIONAL JOURNAL OF TRANSITIONAL JUSTICE (PRINT)	A1	
2046-0449	INTERNATIONAL JOURNAL OF TRANSPORTATION SCIENCE AND TECHNOLOGY	A2	
1742-7592	INTERNATIONAL JOURNAL OF TROPICAL INSECT SCIENCE (ONLINE)	A4	
1178-6469	INTERNATIONAL JOURNAL OF TRYPTOPHAN RESEARCH	A3	
1946-3138	INTERNATIONAL JOURNAL OF URBAN SUSTAINABLE DEVELOPMENT	A1	
1947-8518	INTERNATIONAL JOURNAL OF VIRTUAL AND PERSONAL LEARNING ENVIRONMENTS	B1	
1751-1062	INTERNATIONAL JOURNAL OF WINE BUSINESS RESEARCH	A2	
2639-216X	INTERNATIONAL JOURNAL OF ZOOLOGY AND ANIMAL BIOLOGY (IZAB)	C	
2088-5334	INTERNATIONAL JOURNAL ON ADVANCED SCIENCE, ENGINEERING AND INFORMATION TECHNOLOGY	B1	
1942-2679	INTERNATIONAL JOURNAL ON ADVANCES IN INTELLIGENT SYSTEMS.	B4	
2320-1827	INTERNATIONAL JOURNAL ON ADVANCES IN LIFE SCIENCES	B3	
0218-2130	INTERNATIONAL JOURNAL ON ARTIFICIAL INTELLIGENCE TOOLS	B2	
1869-6945	INTERNATIONAL JOURNAL ON FOOD SYSTEM DYNAMICS	A4	
2564-310X	INTERNATIONAL JOURNAL ON HOMELESSNESS	B2	
2764-6203	INTERNATIONAL JOURNAL SEMIARID	A4	
1618-1905	INTERNATIONAL MICROBIOLOGY	A3	
1139-6709	INTERNATIONAL MICROBIOLOGY	A3	
2424-7073	INTERNATIONAL MULTIDISCIPLINARY RESEARCH JOURNAL	C	
2321-7235	INTERNATIONAL NEUROPSYCHIATRIC DISEASE JOURNAL (ONLINE)	C	
1573-2630	INTERNATIONAL OPHTHALMOLOGY	A4	
1761-7227	INTERNATIONAL ORTHODONTICS	A3	
2468-6956	INTERNATIONAL PLANNING HISTORY SOCIETY PROCEEDINGS (ONLINE)	C	
1356-3475	INTERNATIONAL PLANNING STUDIES	A2	
0930-777X	INTERNATIONAL POLYMER PROCESSING	A4	
1041-6102	INTERNATIONAL PSYCHOGERIATRICS (PRINT)	A1	
2567-1111	INTERNATIONAL PUBLIC HISTORY	A3	
0160-0176	INTERNATIONAL REGIONAL SCIENCE REVIEW	A4	
2328-2134	INTERNATIONAL RELATIONS AND DIPLOMACY	B1	
2036-9913	INTERNATIONAL REVIEW OF CIVIL ENGINEERING	A2	
0144-8188	INTERNATIONAL REVIEW OF LAW AND ECONOMICS	A3	
0020-8590	INTERNATIONAL REVIEW OF SOCIAL HISTORY (PRINT)	A1	
2597-3479	INTERNATIONAL REVIEW OF THEORETICAL PSYCHOLOGIES	B3	
2764-9415	INTERNATIONAL SEVEN JOURNAL OF HEALTH RESEARCH	C	
1461-7242	INTERNATIONAL SOCIOLOGY (ONLINE)	A1	
2095-6339	INTERNATIONAL SOIL AND WATER CONSERVATION RESEARCH	A1	
1443-0770	INTERNATIONAL SPORTS STUDIES	B1	
1475-3995	INTERNATIONAL TRANSACTIONS IN OPERATIONAL RESEARCH	A2	
2050-7038	INTERNATIONAL TRANSACTIONS ON ELECTRICAL ENERGY SYSTEMS.	A3	
1433-3023	INTERNATIONAL UROGYNECOLOGY JOURNAL	A3	
0937-3462	INTERNATIONAL UROGYNECOLOGY JOURNAL	A3	
1573-2584	INTERNATIONAL UROLOGY AND NEPHROLOGY	A4	
0301-1623	INTERNATIONAL UROLOGY AND NEPHROLOGY	A4	
1647-7308	INTERNET LATENT CORPUS JOURNAL	B3	
2542-6605	INTERNET OF THINGS	A1	
2197-6775	INTERNET POLICY REVIEW	A1	
1980-4865	INTERNEXT (SÃO PAULO)	A4	
1981-6472	INTERPERSONA : AN INTERNATIONAL JOURNAL ON PERSONAL RELATIONSHIPS	B2	
1809-7286	INTERSABERES (FACINTER)	A3	
1679-9844	INTERSCIENCE PLACE	A3	
0718-7416	INTERSECCIONES EDUCATIVAS	B2	
2317-1456	INTERSEÇÕES - REVISTA DE ESTUDOS INTERDISCIPLINARES	A4	
1517-6088	INTERSEÇÕES (UERJ)	A4	
2250-6543	INTERSTICIOS DE LA POLÍTICA Y LA CULTURA : INTERVENCIONES LATINOAMERICANAS	A3	
1516-8158	INTERTEMAS (PRESIDENTE PRUDENTE. IMPRESSO)	B2	
1807-1384	INTERTHESIS (FLORIANÓPOLIS)	B2	
2448-5934	INTERVENCIÓN - REVISTA INTERNACIONAL DE CONSERVACIÓN, RESTAURACIÓN Y MUSEOLOGÍA	B3	
2578-0263	INTERVENTIONS IN OBESITY & DIABETES	B4	
1807-8583	INTEXTO	A2	
2186-361X	INTRACTABLE AND RARE DISEASES RESEARCH	A4	
2739-0063	INVECOM: TRANSDISCIPLINARY STUDIES IN COMMUNICATION AND SOCIETY	B2	
1679-1347	INVENTÁRIO (UNIVERSIDADE FEDERAL DA BAHIA. ONLINE)	B1	
2411-5134	INVENTIONS	C	
1741-5977	INVERSE PROBLEMS IN SCIENCE & ENGINEERING (PRINT)	B1	
0266-5611	INVERSE PROBLEMS (PRINT)	A1	
1077-8306	INVERTEBRATE BIOLOGY	A4	
2179-6742	INVESTIGAÇÃO FILOSÓFICA	B1	
0187-358X	INVESTIGACIÓN BIBLIOTECOLÓGICA	A1	
2448-8321	INVESTIGACIÓN BIBLIOTECOLÓGICA : ARCHIVONOMÍA, BIBLIOTECOLOGÍA E INFORMACIÓN	A1	
2007-5057	INVESTIGACIÓN EN EDUCACIÓN MÉDICA (ONLIINE)	B2	
0257-4306	INVESTIGACION OPERACIONAL	B2	
1390-5147	INVESTIGACIÓN, TECNOLOGÍA E INNOVACIÓN	B2	
0120-5307	INVESTIGACION Y EDUCACION EN ENFERMERIA	A1	
2683-9318	INVESTIGACIONES EN DANZA Y MOVIMIENTO (IDYM)	B3	
2448-7279	INVESTIGACIONES GEOGRÁFICAS	A3	
2174-5609	INVESTIGACIONES TURISTICAS	A4	
1518-8795	INVESTIGAÇÕES EM ENSINO DE CIÊNCIAS (ONLINE)	A1	
2175-294X	INVESTIGAÇÕES (ONLINE)	A3	
0167-6997	INVESTIGATIONAL NEW DRUGS	A2	
2466-0493	INVESTIGATIVE AND CLINICAL UROLOGY	A3	
1552-5783	INVESTIGATIVE OPHTHALMOLOGY & VISUAL SCIENCE	A1	
0947-7047	IONICS (KIEL)	A2	
1757-899X	IOP CONFERENCE SERIES: MATERIALS SCIENCE AND ENGINEERING (ONLINE)	B1	
1757-8981	IOP CONFERENCE SERIES: MATERIALS SCIENCE AND ENGINEERING (PRINT)	B1	
2319-2372	IOSR JOURNAL OF AGRICULTURE AND VETERINARY SCIENCE	B4	
2278-487X	IOSR JOURNAL OF BUSINESS AND MANAGEMENT (IOSR-JBM)	C	
2319-7668	IOSR JOURNAL OF BUSINESS AND MANAGEMENT (PRINT)	C	
2250-3021	IOSR JOURNAL OF ENGINEERING	C	
2319-2402	IOSR JOURNAL OF ENVIRONMENTAL SCIENCE, TOXICOLOGY AND FOOD TECHNOLOGY	C	
2279-0845	IOSR JOURNAL OF HUMANITIES AND SOCIAL SCIENCE (ONLINE)	C	
2279-0837	IOSR JOURNAL OF HUMANITIES AND SOCIAL SCIENCE (ONLINE)	C	
2320-1959	IOSR JOURNAL OF NURSING AND HEALTH SCIENCE	C	
2320-737X	IOSR JOURNAL OF RESEARCH & METHOD IN EDUCATION	A4	
2347-6737	IOSR JOURNAL OF SPORTS AND PHYSICAL EDUCATION	C	
2278-8719	IOSRJEN JOURNAL OF ENGINEERING	C	
2595-6906	IPÊ AGRONOMIC JOURNAL	B3	
1982-0836	IPOTESI (JUIZ DE FORA. ONLINE)	A4	
2008-2746	IRANIAN ENDODONTIC JOURNAL	A4	
1735-7497	IRANIAN ENDODONTIC JOURNAL	A4	
2383-3491	IRANIAN JOURNAL OF ORTHODONTICS	B4	
1735-7020	IRANIAN JOURNAL OF PARASITOLOGY	B2	
2345-3656	IRANIAN JOURNAL OF PATHOLOGY	B1	
2251-6085	IRANIAN JOURNAL OF PUBLIC HEALTH	B1	
2252-0589	IRANIAN JOURNAL OF VETERINARY RESEARCH	A4	
1026-1265	IRANIAN POLYMER JOURNAL	A4	
2318-4183	IRIS - REVISTA DE INFORMAÇÃO, MEMÓRIA E TECNOLOGIA	B2	
2605-0447	IROCAMM-INTERNATIONAL REVIEW OF COMMUNICATION AND MARKETING MIX	A4	
0301-9233	IRONMAKING & STEELMAKING	A3	
1808-8546	IRRIGA	B2	
1808-3765	IRRIGA (UNESP. CD-ROM)	B2	
0019-0578	ISA TRANSACTIONS	A1	
2763-7123	ISAGOGE - JOURNAL OF HUMANITIES AND SOCIAL SCIENCES	A3	
2589-0042	ISCIENCE	A1	
0959-3020	ISOKINETICS AND EXERCISE SCIENCE	B1	
1025-6016	ISOTOPES IN ENVIRONMENTAL AND HEALTH STUDIES	A4	
2194-9050	ISPRS ANNALS OF THE PHOTOGRAMMETRY, REMOTE SENSING AND SPATIAL INFORMATION SCIENCES	B1	
2220-9964	ISPRS INTERNATIONAL JOURNAL OF GEO-INFORMATION	C	
0924-2716	ISPRS JOURNAL OF PHOTOGRAMMETRY AND REMOTE SENSING	A1	
2329-521X	ISSUES IN SOCIAL SCIENCE (ONLINE)	B3	
1984-2902	ISYS: REVISTA BRASILEIRA DE SISTEMAS DE INFORMAÇÃO	A4	
1679-6799	ÍTACA (RIO DE JANEIRO. ONLINE)	A3	
2038-5625	ITALIAN JOURNAL OF AGROMETEOROLOGY	A4	
2421-7212	ITALIAN JOURNAL OF GENDER-SPECIFIC MEDICINE (PRINT)	B4	
1824-7288	ITALIAN JOURNAL OF PEDIATRICS (ONLINE)	A1	
0103-815X	ITINERARIOS (UNESP. ARARAQUARA)	B1	
1807-9342	ITINERARIUS REFLECTIONIS (ONLINE)	A3	
2616-8375	ITU JOURNAL	B2	
1995-2929	IUS ET VERITAS	A1	
2237-4965	IUS GENTIUM	A4	
0185-4259	IZTAPALAPA (UNIVERSIDAD AUTONOMA METROPOLITANA)	B1	
0967-5868	J CLIN NEUROSCI.	A2	
1936-8798	JACC: CARDIOVASCULAR INTERVENTIONS	A1	
2666-0849	JACC: CASE REPORTS	B2	
2718-6466	JACOBIN AMERICA LATINA	B3	
2691-3704	JACS AU	A1	
2675-5750	JAHEC	B4	
0098-7484	JAMA (CHICAGO, ILL.)	A1	
2168-6076	JAMA FACIAL PLASTIC SURGERY	A2	
2574-3805	JAMA NETWORK OPEN	A1	
2168-6149	JAMA NEUROLOGY	A1	
2374-2445	JAMA ONCOLOGY (ONLINE)	A1	
2168-6165	JAMA OPHTHALMOLOGY	A1	
2168-6203	JAMA PEDIATRICS (PRINT)	A1	
2594-5173	JAMAXI - REVISTA DE HISTÓRIA	B2	
2317-4722	JANGADA: CRÍTICA, LITERATURA, ARTES	B2	
0021-4922	JAPANESE JOURNAL OF APPLIED PHYSICS	A4	
2435-1210	JAPANESE JOURNAL OF GASTROENTEROLOGY AND HEPATOLOGY	B2	
2520-8764	JAPANESE JOURNAL OF STATISTICS AND DATA SCIENCE	A4	
1360-2322	JARID. JOURNAL OF APPLIED RESEARCH IN INTELLECTUAL DISABILITIES	A2	
0260-437X	JAT. JOURNAL OF APPLIED TOXICOLOGY	A2	
1318-3222	JAVNOST (LJUBLJANA)	A3	
2687-8941	JCO GLOBAL ONCOLOGY	A1	
2611-9986	JCOM AMERICA LATINA	A4	
2214-1677	JCRS ONLINE CASE REPORTS	B3	
2521-3555	JCSM CLINICAL REPORTS	B2	
2666-9102	JDS COMMUNICATIONS	B1	
2397-9070	JGH OPEN	B1	
2589-5559	JHEP REPORTS	A1	
2184-7509	JIM - JORNAL DE INVESTIGAÇÃO MÉDICA	B3	
1807-1775	JISTEM-JOURNAL OF INFORMATION SYSTEMS AND TECHNOLOGY MANAGEMENT	B1	
2561-7605	JMIR AGING	A1	
2561-326X	JMIR FORMATIVE RESEARCH	A4	
2292-9495	JMIR HUMAN FACTORS	A3	
1438-8871	JMIR. JOURNAL OF MEDICAL INTERNET RESEARCH	A1	
2369-3762	JMIR MEDICAL EDUCATION	A1	
2291-9694	JMIR MEDICAL INFORMATICS	A2	
2291-5222	JMIR MHEALTH UHEALTH	A1	
2369-2960	JMIR PUBLIC HEALTH AND SURVEILLANCE	A1	
1929-0748	JMIR RESEARCH PROTOCOLS	A3	
2291-9279	JMIR SERIOUS GAMES	A1	
2179-6750	JMPHC. JOURNAL OF MANAGEMENT AND PRIMARY HEALTH CARE	B4	
1724-6059	JN. JOURNAL OF NEPHROLOGY	A2	
2567-3173	JOHN WILEY & SONS INC	A1	
1297-319X	JOINT BONE SPINE	A2	
2575-8551	JOJ NURSING & HEALTH CARE	B4	
1047-4838	JOM (WARRENDALE)	A2	
2175-2095	JORNAL BRASILEIRO DE ECONOMIA DA SAÚDE	B3	
0368-1416	JORNAL BRASILEIRO DE GINECOLOGIA	B4	
2763-776X	JORNAL BRASILEIRO DE MEDICINA DE EMERGÊNCIA - JBMEDE	B4	
2175-8239	JORNAL BRASILEIRO DE NEFROLOGIA	A3	
0101-2800	JORNAL BRASILEIRO DE NEFROLOGIA	A3	
0103-5118	JORNAL BRASILEIRO DE NEUROCIRURGIA	B4	
2446-6786	JORNAL BRASILEIRO DE NEUROCIRURGIA (ONLINE)	B4	
1678-4774	JORNAL BRASILEIRO DE PATOLOGIA E HEMATOLOGIA LABORATORIAL	B1	
1676-2444	JORNAL BRASILEIRO DE PATOLOGIA E MEDICINA LABORATORIAL	B1	
1806-3713	JORNAL BRASILEIRO DE PNEUMOLOGIA (IMPRESSO)	A2	
1806-3756	JORNAL BRASILEIRO DE PNEUMOLOGIA (ONLINE)	A2	
1982-0208	JORNAL BRASILEIRO DE PSIQUIATRIA (ONLINE)	B3	
0047-2085	JORNAL BRASILEIRO DE PSIQUIATRIA (UFRJ. IMPRESSO)	B3	
1518-0557	JORNAL BRASILEIRO DE REPRODUÇÃO ASSISTIDA	A4	
2525-2992	JORNAL DA ASSOCIAÇÃO BRASILEIRA DE CRÍTICA DE ARTE	B2	
2525-7323	JORNAL DE ASSISTÊNCIA FARMACÊUTICA E FARMACOECONOMIA-JAFF	C	
2595-0290	JORNAL DE CIÊNCIAS DA SAÚDE DO HOSPITAL UNIVERSITÁRIO DA UNIVERSIDADE FEDERAL DO PIAUÍ	C	
0021-7557	JORNAL DE PEDIATRIA (IMPRESSO)	A2	
1678-4782	JORNAL DE PEDIATRIA (ONLINE)	A2	
1981-1969	JORNAL DE POLÍTICAS EDUCACIONAIS	A1	
0103-5835	JORNAL DE PSICANALISE	B1	
2448-0002	JORNAL INTERDISCIPLINAR DE BIOCIÊNCIAS	B4	
2516-6425	JORNAL INTERNACIONAL DE BLOCKCHAINS E CRIPTOMOEDAS	B2	
2176-5634	JORNAL INTERNACIONAL DE ESTUDOS EM EDUCAÇÃO MATEMÁTICA	A3	
1980-4288	JORNAL JURID DIGITAL	B2	
1677-7301	JORNAL VASCULAR BRASILEIRO	B2	
1677-5449	JORNAL VASCULAR BRASILEIRO (ONLINE)	B2	
2542-4351	JOULE	A1	
0037-9174	JOURNAL DE LA SOCIÉTÉ DES AMÉRICANISTES	A3	
2051-1426	JOURNAL FOR IMMUNOTHERAPY OF CANCER	A1	
1617-1381	JOURNAL FOR NATURE CONSERVATION (PRINT)	A3	
2467-8406	JOURNAL FOR SUSTAINABLE DEVELOPMENT LAW AND POLICY	B3	
0181-5512	JOURNAL FRANÇAIS D'OPHTALMOLOGIE	B2	
1661-5751	JOURNAL FUR VERBRAUCHERSCHUTZ UND LEBENSMITTELSICHERHEIT (PRINT) / JOURNAL OF CONSUMER PROTECTION AND FOOD SAFETY	A3	
2526-1010	JOURNAL HEALTH NPEPS	B1	
3033-084X	JOURNAL IDEA (ONLINE)	B4	
1935-7877	JOURNAL OF  MICROBIOLOGY & BIOLOGY EDUCATION	A3	
1984-3925	JOURNAL OF ACCOUNTING, MANAGEMENT AND GOVERNANCE (JAMG)	A4	
2005-2901	JOURNAL OF ACUPUNCTURE AND MERIDIAN STUDIES	B1	
2455-3484	JOURNAL OF ADDICTION MEDICINE AND THERAPEUTIC SCIENCE	B3	
0169-4243	JOURNAL OF ADHESION SCIENCE AND TECHNOLOGY (PRINT)	A3	
1461-5185	JOURNAL OF ADHESIVE DENTISTRY	A1	
2499-9946	JOURNAL OF ADMINISTRATIVE JUDICIAL PROCESS	A2	
1054-139X	JOURNAL OF ADOLESCENT HEALTH	A1	
2972-3264	JOURNAL OF ADVANCED AGRICULTURAL TECHNOLOGIES	C	
2637-403X	JOURNAL OF ADVANCED MANUFACTURING AND PROCESSING	A4	
2689-9817	JOURNAL OF ADVANCED PEDIATRICS AND CHILD HEALTH (ONLINE)	B4	
2090-1232	JOURNAL OF ADVANCED RESEARCH	A1	
2289-7879	JOURNAL OF ADVANCED RESEARCH IN FLUID MECHANICS AND THERMAL SCIENCES	B1	
2090-6269	JOURNAL OF ADVANCED VETERINARY RESEARCH	B3	
2394-1081	JOURNAL OF ADVANCES IN BIOLOGY & BIOTECHNOLOGY	B2	
2456-8899	JOURNAL OF ADVANCES IN MEDICINE AND MEDICAL RESEARCH	C	
2709-944X	JOURNAL OF ADVANCES IN MICROBIOLOGY RESEARCH (ONLINE)	C	
2175-9146	JOURNAL OF AEROSPACE TECHNOLOGY AND MANAGEMENT (ONLINE)	B1	
0165-0327	JOURNAL OF AFFECTIVE DISORDERS (PRINT)	A1	
2666-9153	JOURNAL OF AFFECTIVE DISORDERS REPORTS	A4	
2764-9792	JOURNAL OF AFRICAN AND AFRO-BRAZILIAN STUDIES	B3	
2161-9441	JOURNAL OF AFRICAN DIASPORA ARCHAEOLOGY AND HERITAGE	B3	
2673-9259	JOURNAL OF AGEING AND LONGEVITY	B2	
1759-6599	JOURNAL OF AGGRESSION, CONFLICT AND PEACE RESEARCH	B1	
2689-2618	JOURNAL OF AGING AND ENVIRONMENT (PRINT)	A3	
0898-2643	JOURNAL OF AGING AND HEALTH	A2	
1063-8652	JOURNAL OF AGING AND PHYSICAL ACTIVITY	A4	
2090-2212	JOURNAL OF AGING RESEARCH	A3	
1471-0366	JOURNAL OF AGRARIAN CHANGE	A2	
1471-0358	JOURNAL OF AGRARIAN CHANGE (PRINT)	A2	
0021-8561	JOURNAL OF AGRICULTURAL AND FOOD CHEMISTRY	A1	
0021-857X	JOURNAL OF AGRICULTURAL ECONOMICS	A1	
1916-9760	JOURNAL OF AGRICULTURAL SCIENCE	A3	
1916-9752	JOURNAL OF AGRICULTURAL SCIENCE	A3	
1680-7073	JOURNAL OF AGRICULTURAL SCIENCE AND TECHNOLOGY	A4	
2764-0973	JOURNAL OF AGRICULTURAL SCIENCES RESEARCH	B2	
2166-0379	JOURNAL OF AGRICULTURAL STUDIES	B1	
2334-2404	JOURNAL OF AGRICULTURE AND ENVIRONMENTAL SCIENCES	A2	
2666-1543	JOURNAL OF AGRICULTURE AND FOOD RESEARCH	A1	
1612-9830	JOURNAL OF AGRICULTURE AND RURAL DEVELOPMENT IN THE TROPICS AND SUBTROPICS (PRINT)	A4	
2316-1809	JOURNAL OF AGRONOMIC SCIENCES	B4	
2476-3071	JOURNAL OF AIR POLLUTION AND HEALTH	B2	
0969-6997	JOURNAL OF AIR TRANSPORT MANAGEMENT	A1	
2155-6121	JOURNAL OF ALLERGY & THERAPY	B4	
0091-6749	JOURNAL OF ALLERGY AND CLINICAL IMMUNOLOGY	A1	
2772-8293	JOURNAL OF ALLERGY AND CLINICAL IMMUNOLOGY: GLOBAL	B4	
0925-8388	JOURNAL OF ALLOYS AND COMPOUNDS	A1	
2950-2845	JOURNAL OF ALLOYS AND COMPOUNDS COMMUNICATIONS (ONLINE)	C	
2949-9178	JOURNAL OF ALLOYS AND METALLURGICAL SYSTEMS (ONLINE)	B3	
1875-8908	JOURNAL OF ALZHEIMER'S DISEASE	A2	
1387-2877	JOURNAL OF ALZHEIMER'S DISEASE	A2	
2542-4823	JOURNAL OF ALZHEIMER’S DISEASE REPORTS	A4	
1868-5137	JOURNAL OF AMBIENT INTELLIGENCE AND HUMANIZED COMPUTING	A2	
0744-8481	JOURNAL OF AMERICAN COLLEGE HEALTH	A2	
2509-4696	JOURNAL OF ANALYSIS AND TESTING (ONLINE)	A1	
2473-0831	JOURNAL OF ANALYTICAL & PHARMACEUTICAL RESEARCH	B1	
0165-2370	JOURNAL OF ANALYTICAL AND APPLIED PYROLYSIS (PRINT)	A1	
0267-9477	JOURNAL OF ANALYTICAL ATOMIC SPECTROMETRY (PRINT)	A1	
2093-3371	JOURNAL OF ANALYTICAL SCIENCE AND TECHNOLOGY	A3	
1469-7580	JOURNAL OF ANATOMY	A2	
0021-8782	JOURNAL OF ANATOMY (PRINT)	A2	
1439-0388	JOURNAL OF ANIMAL BREEDING AND GENETICS	A1	
0931-2668	JOURNAL OF ANIMAL BREEDING AND GENETICS (1986)	A1	
1365-2656	JOURNAL OF ANIMAL ECOLOGY	A1	
0931-2439	JOURNAL OF ANIMAL PHYSIOLOGY AND ANIMAL NUTRITION (1986)	A1	
1525-3163	JOURNAL OF ANIMAL SCIENCE	A1	
0305-7453	JOURNAL OF ANTIMICROBIAL CHEMOTHERAPY (PRINT)	A1	
0021-8839	JOURNAL OF APICULTURAL RESEARCH	A2	
2078-6913	JOURNAL OF APICULTURAL RESEARCH	A2	
2156-907X	JOURNAL OF APPLIED ANALYSIS AND COMPUTATION	A4	
2383-4536	JOURNAL OF APPLIED AND COMPUTATIONAL MECHANICS	A1	
0971-2119	JOURNAL OF APPLIED ANIMAL RESEARCH	A3	
0974-1844	JOURNAL OF APPLIED ANIMAL RESEARCH	A3	
1088-8705	JOURNAL OF APPLIED ANIMAL WELFARE SCIENCE	A2	
1045-4438	JOURNAL OF APPLIED AQUACULTURE (PRINT)	A4	
2405-710X	JOURNAL OF APPLIED BIOANALYSIS (ONLINE)	B1	
1543-2688	JOURNAL OF APPLIED BIOMECHANICS (ONLINE)	A4	
1214-0287	JOURNAL OF APPLIED BIOMEDICINE	A3	
2572-8466	JOURNAL OF APPLIED BIOTECHNOLOGY AND BIOENGINEERING	B2	
2423-5784	JOURNAL OF APPLIED BIOTECHNOLOGY REPORTS	B2	
1526-9914	JOURNAL OF APPLIED CLINICAL MEDICAL PHYSICS	A4	
1600-5767	JOURNAL OF APPLIED CRYSTALLOGRAPHY	A1	
1365-2664	JOURNAL OF APPLIED ECOLOGY (ONLINE)	A1	
0021-891X	JOURNAL OF APPLIED ELECTROCHEMISTRY	A4	
1439-0418	JOURNAL OF APPLIED ENTOMOLOGY (ONLINE)	A2	
0931-2048	JOURNAL OF APPLIED ENTOMOLOGY (1986)	A2	
1735-3572	JOURNAL OF APPLIED FLUID MECHANICS	B1	
0926-9851	JOURNAL OF APPLIED GEOPHYSICS	A2	
0733-4648	JOURNAL OF APPLIED GERONTOLOGY	A3	
1439-0426	JOURNAL OF APPLIED ICHTHYOLOGY (ONLINE)	B1	
2327-4352	JOURNAL OF APPLIED MATHEMATICS AND PHYSICS	C	
0021-8936	JOURNAL OF APPLIED MECHANICS	A3	
1365-2672	JOURNAL OF APPLIED MICROBIOLOGY	A3	
1364-5072	JOURNAL OF APPLIED MICROBIOLOGY (PRINT)	A3	
1678-7757	JOURNAL OF APPLIED ORAL SCIENCE (IMPRESSO)	A2	
1678-7765	JOURNAL OF APPLIED ORAL SCIENCE (ONLINE)	A2	
2231-3354	JOURNAL OF APPLIED PHARMACEUTICAL SCIENCE	C	
2581-5520	JOURNAL OF APPLIED PHARMACEUTICAL SCIENCES AND RESEARCH	B2	
0921-8971	JOURNAL OF APPLIED PHYCOLOGY	A1	
0021-8979	JOURNAL OF APPLIED PHYSICS	A2	
1522-1601	JOURNAL OF APPLIED PHYSIOLOGY	A2	
8750-7587	JOURNAL OF APPLIED PHYSIOLOGY (1985)	A2	
1097-4628	JOURNAL OF APPLIED POLYMER SCIENCE (ONLINE)	A1	
0021-8995	JOURNAL OF APPLIED POLYMER SCIENCE (PRINT)	A1	
1056-6171	JOURNAL OF APPLIED POULTRY RESEARCH (PRINT)	A2	
1931-3195	JOURNAL OF APPLIED REMOTE SENSING	A3	
1665-6423	JOURNAL OF APPLIED RESEARCH AND TECHNOLOGY	B2	
2211-3681	JOURNAL OF APPLIED RESEARCH IN MEMORY AND COGNITION	A3	
2676-6167	JOURNAL OF APPLIED RESEARCH ON INDUSTRIAL ENGINEERING	B1	
2214-7861	JOURNAL OF APPLIED RESEARCH ON MEDICINAL AND AROMATIC PLANTS	A2	
1936-7244	JOURNAL OF APPLIED SOCIAL SCIENCE	B1	
1360-0532	JOURNAL OF APPLIED STATISTICS	A3	
0266-4763	JOURNAL OF APPLIED STATISTICS	A3	
1049-8850	JOURNAL OF AQUATIC FOOD PRODUCT TECHNOLOGY	A4	
0305-4403	JOURNAL OF ARCHAEOLOGICAL SCIENCE	A1	
0140-1963	JOURNAL OF ARID ENVIRONMENTS	A2	
1674-6767	JOURNAL OF ARID LAND	A3	
2705-0793	JOURNAL OF ARTIFICIAL INTELLIGENCE AND CONSCIOUSNESS (ONLINE)	A4	
1226-8615	JOURNAL OF ASIA PACIFIC ENTOMOLOGY	A3	
1470-8272	JOURNAL OF ASSET MANAGEMENT	A4	
1058-0468	JOURNAL OF ASSISTED REPRODUCTION AND GENETICS	A2	
2324-9080	JOURNAL OF ATHLETIC ENHANCEMENT	B4	
1364-6826	JOURNAL OF ATMOSPHERIC AND SOLAR-TERRESTRIAL PHYSICS	A3	
0162-3257	JOURNAL OF AUTISM AND DEVELOPMENTAL DISORDERS	A1	
2637-5192	JOURNAL OF AUTOETHNOGRAPHY	B2	
1098-5530	JOURNAL OF BACTERIOLOGY	A4	
2469-2786	JOURNAL OF BACTERIOLOGY & MYCOLOGY	B2	
0378-4266	JOURNAL OF BANKING & FINANCE (PRINT)	A1	
2395-3438	JOURNAL OF BASIC AND APPLIED RESEARCH INTERNATIONAL	B1	
1521-4028	JOURNAL OF BASIC MICROBIOLOGY (ONLINE)	A3	
2063-5303	JOURNAL OF BEHAVIORAL ADDICTIONS	A1	
2160-5866	JOURNAL OF BEHAVIORAL AND BRAIN SCIENCE	C	
2589-9791	JOURNAL OF BEHAVIORAL AND COGNITIVE THERAPY (ONLINE)	A4	
2198-4220	JOURNAL OF BIO- AND TRIBO-CORROSION	A2	
2277-8330	JOURNAL OF BIO INNOVATION	C	
0883-9115	JOURNAL OF BIOACTIVE AND COMPATIBLE POLYMERS (PRINT)	B1	
1095-6670	JOURNAL OF BIOCHEMICAL AND MOLECULAR TOXICOLOGY	A3	
0021-924X	JOURNAL OF BIOCHEMISTRY (TOKYO)	B1	
0145-479X	JOURNAL OF BIOENERGETICS AND BIOMEMBRANES	A4	
2155-9538	JOURNAL OF BIOENGINEERING AND BIOMEDICAL SCIENCE	A4	
2595-2137	JOURNAL OF BIOENGINEERING AND TECHNOLOGY APPLIED TO HEALTH	B2	
2764-622X	JOURNAL OF BIOENGINEERING, TECHNOLOGIES AND HEALTH (ONLINE)	B3	
1365-2699	JOURNAL OF BIOGEOGRAPHY	A1	
0305-0270	JOURNAL OF BIOGEOGRAPHY (PRINT)	A1	
0219-7200	JOURNAL OF BIOINFORMATICS AND COMPUTATIONAL BIOLOGY (PRINT)	B2	
1083-351X	JOURNAL OF BIOLOGICAL CHEMISTRY	A1	
0021-9266	JOURNAL OF BIOLOGICAL EDUCATION	A2	
1754-1611	JOURNAL OF BIOLOGICAL ENGINEERING	A1	
1724-6083	JOURNAL OF BIOLOGICAL REGULATORS AND HOMEOSTATIC AGENTS (ONLINE)	B2	
0748-7304	JOURNAL OF BIOLOGICAL RHYTHMS	A3	
0218-3390	JOURNAL OF BIOLOGICAL SYSTEMS	A3	
2231-1874	JOURNAL OF BIOLOGICALLY ACTIVE PRODUCTS FROM NATURE	A4	
0885-3282	JOURNAL OF BIOMATERIALS APPLICATIONS	A4	
0920-5063	JOURNAL OF BIOMATERIALS SCIENCE. POLYMER ED. (PRINT)	A2	
0021-9290	JOURNAL OF BIOMECHANICS	A2	
1532-0464	JOURNAL OF BIOMEDICAL INFORMATICS	A2	
1549-3296	JOURNAL OF BIOMEDICAL MATERIALS RESEARCH. PART A	A1	
1552-4973	JOURNAL OF BIOMEDICAL MATERIALS RESEARCH. PART B, APPLIED BIOMATERIALS	A2	
1552-4981	JOURNAL OF BIOMEDICAL MATERIALS RESEARCH PART B: APPLIED BIOMATERIALS	A2	
1550-7033	JOURNAL OF BIOMEDICAL NANOTECHNOLOGY	A3	
2766-2276	JOURNAL OF BIOMEDICAL RESEARCH AND ENVIRONMENTAL SCIENCES	B3	
1423-0127	JOURNAL OF BIOMEDICAL SCIENCE	A1	
2041-1480	JOURNAL OF BIOMEDICAL SEMANTICS	A4	
0739-1102	JOURNAL OF BIOMOLECULAR STRUCTURE & DYNAMICS	A2	
1538-0254	JOURNAL OF BIOMOLECULAR STRUCTURE AND DYNAMICS	A2	
1054-3406	JOURNAL OF BIOPHARMACEUTICAL STATISTICS (PRINT)	A4	
1864-0648	JOURNAL OF BIOPHOTONICS	A2	
1389-1723	JOURNAL OF BIOSCIENCE AND BIOENGINEERING	A3	
0250-5991	JOURNAL OF BIOSCIENCES	A2	
2327-5081	JOURNAL OF BIOSCIENCES AND MEDICINES	C	
0168-1656	JOURNAL OF BIOTECHNOLOGY	A2	
2179-4804	JOURNAL OF BIOTECHNOLOGY AND BIODIVERSITY	B1	
2642-9128	JOURNAL OF BIOTECHNOLOGY AND BIOMEDICINE	B3	
2413-3256	JOURNAL OF BIOTECHNOLOGY RESEARCH (ONLINE)	B2	
1360-8592	JOURNAL OF BODYWORK AND MOVEMENT THERAPIES	A3	
1435-5604	JOURNAL OF BONE AND MINERAL METABOLISM	A2	
0914-8779	JOURNAL OF BONE AND MINERAL METABOLISM (ENGLISH ED. PRINT)	A2	
2675-374X	JOURNAL OF BONE MARROW TRANSPLANTATION AND CELLULAR THERAPY	B4	
1752-7155	JOURNAL OF BREATH RESEARCH	A2	
2352-7102	JOURNAL OF BUILDING ENGINEERING	A1	
2365-3167	JOURNAL OF BUILDING PATHOLOGY AND REHABILITATION	A4	
2365-3159	JOURNAL OF BUILDING PATHOLOGY AND REHABILITATION (PRINT)	A4	
2155-7950	JOURNAL OF BUSINESS AND ECONOMICS	B2	
1535-668X	JOURNAL OF BUSINESS AND MANAGEMENT	B3	
2056-6271	JOURNAL OF BUSINESS AND RETAIL MANAGEMENT RESEARCH	A4	
0148-2963	JOURNAL OF BUSINESS RESEARCH	A1	
2352-6734	JOURNAL OF BUSINESS VENTURING INSIGHTS	A1	
2190-6009	JOURNAL OF CACHEXIA, SARCOPENIA AND MUSCLE	A1	
2190-5991	JOURNAL OF CACHEXIA, SARCOPENIA AND MUSCLE	A1	
2692-7896	JOURNAL OF CANCER BIOLOGY	B3	
0885-8195	JOURNAL OF CANCER EDUCATION	A4	
2213-5383	JOURNAL OF CANCER POLICY	B1	
2373-633X	JOURNAL OF CANCER PREVENTION & CURRENT RESEARCH	C	
2522-5782	JOURNAL OF CANNABIS RESEARCH	A2	
2674-7081	JOURNAL OF CARDIAC ARRHYTHMIAS	B4	
1932-7501	JOURNAL OF CARDIOPULMONARY REHABILITATION AND PREVENTION	A2	
1934-5925	JOURNAL OF CARDIOVASCULAR COMPUTED TOMOGRAPHY	A1	
2308-3425	JOURNAL OF CARDIOVASCULAR DEVELOPMENT AND DISEASE	A4	
1558-2027	JOURNAL OF CARDIOVASCULAR MEDICINE (HAGERSTOWN, MD.)	A3	
1937-5387	JOURNAL OF CARDIOVASCULAR TRANSLATIONAL RESEARCH	A2	
2639-9237	JOURNAL OF CASE REPORTS AND MEDICAL IMAGES	B2	
1582-4934	JOURNAL OF CELLULAR AND MOLECULAR MEDICINE (ONLINE)	A2	
1097-4644	JOURNAL OF CELLULAR BIOCHEMISTRY	A2	
0730-2312	JOURNAL OF CELLULAR BIOCHEMISTRY (PRINT)	A2	
1097-4652	JOURNAL OF CELLULAR PHYSIOLOGY	A1	
0021-9541	JOURNAL OF CELLULAR PHYSIOLOGY (PRINT)	A1	
0021-955X	JOURNAL OF CELLULAR PLASTICS (PRINT)	A3	
1179-5735	JOURNAL OF CENTRAL NERVOUS SYSTEM DISEASE	A2	
1520-5134	JOURNAL OF CHEMICAL & ENGINEERING DATA (ONLINE)	A2	
0098-0331	JOURNAL OF CHEMICAL ECOLOGY	A2	
0021-9584	JOURNAL OF CHEMICAL EDUCATION	A1	
2446-9416	JOURNAL OF CHEMICAL ENGINEERING AND CHEMISTRY	A4	
2409-983X	JOURNAL OF CHEMICAL ENGINEERING RESEARCH UPDATES	B3	
1549-9596	JOURNAL OF CHEMICAL INFORMATION AND MODELING	A1	
1549-960X	JOURNAL OF CHEMICAL INFORMATION AND MODELING (ONLINE)	A1	
0891-0618	JOURNAL OF CHEMICAL NEUROANATOMY	B1	
1097-4660	JOURNAL OF CHEMICAL TECHNOLOGY AND BIOTECHNOLOGY	A2	
0268-2575	JOURNAL OF CHEMICAL TECHNOLOGY AND BIOTECHNOLOGY (1986)	A2	
1314-7978	JOURNAL OF CHEMICAL TECHNOLOGY AND METALLURGY	B2	
1549-9618	JOURNAL OF CHEMICAL THEORY AND COMPUTATION	A1	
0021-9614	JOURNAL OF CHEMICAL THERMODYNAMICS	A2	
1758-2946	JOURNAL OF CHEMINFORMATICS	A1	
2090-9071	JOURNAL OF CHEMISTRY	A3	
1099-128X	JOURNAL OF CHEMOMETRICS (ONLINE)	A2	
1120-009X	JOURNAL OF CHEMOTHERAPY (TESTO STAMPATO)	B1	
1044-5463	JOURNAL OF CHILD AND ADOLESCENT PSYCHOPHARMACOLOGY	A3	
1367-4935	JOURNAL OF CHILD HEALTH CARE	A1	
0883-0738	JOURNAL OF CHILD NEUROLOGY	A2	
1556-3707	JOURNAL OF CHIROPRACTIC MEDICINE (PRINT)	B1	
0021-9665	JOURNAL OF CHROMATOGRAPHIC SCIENCE	B1	
1570-0232	JOURNAL OF CHROMATOGRAPHY. B (PRINT)	A3	
0021-9673	JOURNAL OF CHROMATOGRAPHY (PRINT)	A1	
0218-1266	JOURNAL OF CIRCUITS, SYSTEMS, AND COMPUTERS	B1	
2313-5131	JOURNAL OF CITRUS PATHOLOGY	B4	
1934-7359	JOURNAL OF CIVIL ENGINEERING AND ARCHITECTURE (PRINT)	C	
0959-6526	JOURNAL OF CLEANER PRODUCTION	A2	
2348-2125	JOURNAL OF CLEFT LIP PALATE AND CRANIOFACIAL ANOMALIES	B2	
2155-9899	JOURNAL OF CLINICAL & CELLULAR IMMUNOLOGY	B4	
2475-6296	JOURNAL OF CLINICAL & EXPERIMENTAL IMMUNOLOGY	B3	
1989-5488	JOURNAL OF CLINICAL AND EXPERIMENTAL DENTISTRY	A4	
2771-019X	JOURNAL OF CLINICAL AND MEDICAL IMAGES CASE REPORTS (ONLINE)	B3	
2382-6533	JOURNAL OF CLINICAL AND TRANSLATIONAL RESEARCH	B2	
1094-6950	JOURNAL OF CLINICAL DENSITOMETRY	A2	
0895-4356	JOURNAL OF CLINICAL EPIDEMIOLOGY	A1	
2766-7820	JOURNAL OF CLINICAL IMAGES AND MEDICAL CASE REPORTS	B3	
0887-8013	JOURNAL OF CLINICAL LABORATORY ANALYSIS (PRINT)	A2	
1933-2874	JOURNAL OF CLINICAL LIPIDOLOGY	A2	
2077-0383	JOURNAL OF CLINICAL MEDICINE	A2	
1387-1307	JOURNAL OF CLINICAL MONITORING AND COMPUTING	A3	
2005-5013	JOURNAL OF CLINICAL NEUROLOGY	A3	
1522-0443	JOURNAL OF CLINICAL NEUROMUSCULAR DISEASE	B2	
0736-0258	JOURNAL OF CLINICAL NEUROPHYSIOLOGY	A4	
0962-1067	JOURNAL OF CLINICAL NURSING	A1	
1527-7755	JOURNAL OF CLINICAL ONCOLOGY	A1	
0732-183X	JOURNAL OF CLINICAL ONCOLOGY	A1	
0022-3875	JOURNAL OF CLINICAL ORTHODONTICS	B1	
0976-5662	JOURNAL OF CLINICAL ORTHOPAEDICS AND TRAUMA	A3	
2692-9562	JOURNAL OF CLINICAL OTORHINOLARYNGOLOGY	B4	
0303-6979	JOURNAL OF CLINICAL PERIODONTOLOGY	A1	
0269-4727	JOURNAL OF CLINICAL PHARMACY AND THERAPEUTICS (PRINT)	A4	
1076-1608	JOURNAL OF CLINICAL RHEUMATOLOGY	A4	
1550-9389	JOURNAL OF CLINICAL SLEEP MEDICINE	A2	
2405-5794	JOURNAL OF CLINICAL TUBERCULOSIS AND OTHER MYCOBACTERIAL DISEASES	A4	
2051-4166	JOURNAL OF CLINICAL UROLOGY	B3	
1386-6532	JOURNAL OF CLINICAL VIROLOGY	A1	
1040-7278	JOURNAL OF CLUSTER SCIENCE	A2	
0749-0208	JOURNAL OF COASTAL RESEARCH	B4	
1551-5036	JOURNAL OF COASTAL RESEARCH	B4	
1547-0091	JOURNAL OF COATINGS TECHNOLOGY AND RESEARCH	A4	
1524-8372	JOURNAL OF COGNITION AND DEVELOPMENT	A4	
2666-934X	JOURNAL OF COLLOID AND INTERFACE SCIENCE OPEN	A4	
0021-9797	JOURNAL OF COLLOID AND INTERFACE SCIENCE (PRINT)	A1	
2237-9363	JOURNAL OF COLOPROCTOLOGY (RIO DE JANEIRO. IMPRESSO)	B2	
1382-6905	JOURNAL OF COMBINATORIAL OPTIMIZATION	A3	
1980-6604	JOURNAL OF COMMUNICATION AND INFORMATION SYSTEMS (ONLINE)	A4	
1753-8068	JOURNAL OF COMMUNICATION IN HEALTHCARE	B2	
1976-5541	JOURNAL OF COMMUNICATIONS AND NETWORKS	A3	
1868-310X	JOURNAL OF COMMUNITY GENETICS	A4	
1868-6001	JOURNAL OF COMMUNITY GENETICS	A4	
0094-5145	JOURNAL OF COMMUNITY HEALTH	A1	
2692-9899	JOURNAL OF COMMUNITY MEDICINE AND PUBLIC HEALTH REPORTS (ONLINE)	B3	
1096-9861	JOURNAL OF COMPARATIVE NEUROLOGY (ONLINE)	A1	
0021-9975	JOURNAL OF COMPARATIVE PATHOLOGY	A4	
0340-7594	JOURNAL OF COMPARATIVE PHYSIOLOGY. A, SENSORY, NEURAL, AND BEHAVIORAL PHYSIOLOGY	A2	
0174-1578	JOURNAL OF COMPARATIVE PHYSIOLOGY. B, BIOCHEMICAL, SYSTEMIC, AND ENVIRONMENTAL PHYSIOLOGY	A2	
1553-3840	JOURNAL OF COMPLEMENTARY AND INTEGRATIVE MEDICINE: AN INTERNATIONAL FORUM FOR EVIDENCE-BASED PRACTICES	A4	
2051-1310	JOURNAL OF COMPLEX NETWORKS	A2	
2051-1329	JOURNAL OF COMPLEX NETWORKS (ONLINE)	A2	
0021-9983	JOURNAL OF COMPOSITE MATERIALS	A2	
2311-8717	JOURNAL OF COMPOSITES AND BIODEGRADABLE POLYMERS	C	
2716-9650	JOURNAL OF COMPOSITES AND COMPOUNDS (ONLINE)	A4	
1090-0268	JOURNAL OF COMPOSITES FOR CONSTRUCTION	A2	
2504-477X	JOURNAL OF COMPOSITES SCIENCES	A2	
0377-0427	JOURNAL OF COMPUTATIONAL AND APPLIED MATHEMATICS	A2	
1061-8600	JOURNAL OF COMPUTATIONAL AND GRAPHICAL STATISTICS	A1	
2332-4325	JOURNAL OF COMPUTATIONAL AND THEORETICAL TRANSPORT	B2	
1066-5277	JOURNAL OF COMPUTATIONAL BIOLOGY	A3	
1557-8666	JOURNAL OF COMPUTATIONAL BIOLOGY	A3	
2737-4165	JOURNAL OF COMPUTATIONAL BIOPHYSICS AND CHEMISTRY	A4	
0192-8651	JOURNAL OF COMPUTATIONAL CHEMISTRY	A1	
1096-987X	JOURNAL OF COMPUTATIONAL CHEMISTRY (ONLINE)	A1	
0929-5313	JOURNAL OF COMPUTATIONAL NEUROSCIENCE	B2	
0021-9991	JOURNAL OF COMPUTATIONAL PHYSICS (PRINT)	A1	
1877-7503	JOURNAL OF COMPUTATIONAL SCIENCE	A2	
2327-5219	JOURNAL OF COMPUTER AND COMMUNICATIONS	C	
0022-0000	JOURNAL OF COMPUTER AND SYSTEM SCIENCES (PRINT)	A3	
0266-4909	JOURNAL OF COMPUTER ASSISTED LEARNING (PRINT)	A1	
0926-227X	JOURNAL OF COMPUTER SECURITY	B1	
0920-654X	JOURNAL OF COMPUTER-AIDED MOLECULAR DESIGN	A2	
2197-9995	JOURNAL OF COMPUTERS IN EDUCATION	A1	
2950-4716	JOURNAL OF CONSERVATIVE DENTISTRY AND ENDODONTICS (PRINT)	B3	
0733-9364	JOURNAL OF CONSTRUCTION ENGINEERING AND MANAGEMENT	A1	
0143-974X	JOURNAL OF CONSTRUCTIONAL STEEL RESEARCH	A2	
1539-8285	JOURNAL OF CONSUMER HEALTH ON THE INTERNET (PRINT)	B2	
0093-5301	JOURNAL OF CONSUMER RESEARCH	A1	
0169-7722	JOURNAL OF CONTAMINANT HYDROLOGY	A2	
2573-9646	JOURNAL OF CONTEMPORARY CENTRAL AND EASTERN EUROPE (JCCEE)	A3	
1043-9862	JOURNAL OF CONTEMPORARY CRIMINAL JUSTICE	A2	
1526-3711	JOURNAL OF CONTEMPORARY DENTAL PRACTICE	B1	
2212-1447	JOURNAL OF CONTEXTUAL BEHAVIORAL SCIENCE	A2	
2195-3899	JOURNAL OF CONTROL, AUTOMATION AND ELECTRICAL SYSTEMS	A4	
2195-3880	JOURNAL OF CONTROL, AUTOMATION AND ELECTRICAL SYSTEMS (IMPRESSO)	A4	
0168-3659	JOURNAL OF CONTROLLED RELEASE	A1	
0944-6532	JOURNAL OF CONVEX ANALYSIS	A4	
2213-297X	JOURNAL OF CO-OPERATIVE ORGANIZATION AND MANAGEMENT	A3	
1476-4172	JOURNAL OF COSMETIC AND LASER THERAPY (PRINT)	A4	
1473-2130	JOURNAL OF COSMETIC DERMATOLOGY (PRINT)	A3	
2161-4105	JOURNAL OF COSMETICS, DERMATOLOGICAL SCIENCES AND APPLICATIONS	C	
2161-4512	JOURNAL OF COSMETICS, DERMATOLOGICAL SCIENCES AND APPLICATIONS	C	
1475-7516	JOURNAL OF COSMOLOGY AND ASTROPARTICLE PHYSICS	A1	
2523-3254	JOURNAL OF COTTON RESEARCH (ONLINE)	A2	
2212-9820	JOURNAL OF CO2 UTILIZATION	A1	
0883-9441	JOURNAL OF CRITICAL CARE	A1	
2948-264X	JOURNAL OF CROP HEALTH (PRINT)	C	
1975-9479	JOURNAL OF CROP SCIENCE AND BIOTECHNOLOGY (SEOUL)	A4	
0933-2790	JOURNAL OF CRYPTOLOGY	A1	
0022-0248	JOURNAL OF CRYSTAL GROWTH	A4	
1542-8052	JOURNAL OF CULINARY SCIENCE & TECHNOLOGY	A4	
2589-1316	JOURNAL OF CULTURAL ANALYSIS AND SOCIAL CHANGE	B2	
1296-2074	JOURNAL OF CULTURAL HERITAGE	A1	
2044-1266	JOURNAL OF CULTURAL HERITAGE MANAGEMENT AND SUSTAINABLE DEVELOPMENT	A1	
1868-4874	JOURNAL OF CURRENT CHINESE AFFAIRS (ONLINE)	A4	
1475-3928	JOURNAL OF CUSTOMER BEHAVIOUR	B1	
1569-1993	JOURNAL OF CYSTIC FIBROSIS	A1	
1469-7629	JOURNAL OF DAIRY RESEARCH	A2	
0022-0302	JOURNAL OF DAIRY SCIENCE	A1	
1089-313X	JOURNAL OF DANCE MEDICINE & SCIENCE	A3	
1680-743X	JOURNAL OF DATA SCIENCE (PRINT)	B2	
2634-0488	JOURNAL OF DELIBERATIVE DEMOCRACY	A3	
2383-9309	JOURNAL OF DENTAL ANESTHESIA AND PAIN MEDICINE	B3	
0022-0337	JOURNAL OF DENTAL EDUCATION	A3	
2694-6211	JOURNAL OF DENTAL HEALTH AND ORAL RESEARCH (ONLINE)	C	
2348-2915	JOURNAL OF DENTAL RESEARCH AND REVIEW	B2	
2008-2118	JOURNAL OF DENTAL RESEARCH, DENTAL CLINICS, DENTAL PROSPECTS	B2	
2596-3368	JOURNAL OF DENTISTRY & PUBLIC HEALTH	B4	
2582-3736	JOURNAL OF DENTISTRY AND ORAL SCIENCES	C	
0300-5712	JOURNAL OF DENTISTRY (BRISTON)	A1	
2767-5092	JOURNAL OF DERMATOLOGY AND SKIN SCIENCE	C	
1748-3050	JOURNAL OF DESIGN RESEARCH (PRINT)	B1	
2717-1183	JOURNAL OF DESIGN THINKING (ONLINE)	C	
0022-0388	JOURNAL OF DEVELOPMENT STUDIES	A1	
2040-1752	JOURNAL OF DEVELOPMENTAL ORIGINS OF HEALTH AND DISEASE	A3	
2040-1744	JOURNAL OF DEVELOPMENTAL ORIGINS OF HEALTH AND DISEASE (PRINT)	A3	
2251-6581	JOURNAL OF DIABETES & METABOLIC DISORDERS	A3	
1056-8727	JOURNAL OF DIABETES AND ITS COMPLICATIONS	A3	
2314-6753	JOURNAL OF DIABETES RESEARCH	A2	
2314-6745	JOURNAL OF DIABETES RESEARCH	A2	
1932-2968	JOURNAL OF DIABETES SCIENCE AND TECHNOLOGY	A2	
2965-5838	JOURNAL OF DIAGNOSTIC IMAGING (ONLINE)	C	
0022-0396	JOURNAL OF DIFFERENTIAL EQUATIONS (PRINT)	A1	
2184-3120	JOURNAL OF DIGITAL MEDIA AND INTERACTION	B1	
2003-1998	JOURNAL OF DIGITAL SOCIAL RESEARCH	A4	
0193-2691	JOURNAL OF DISPERSION SCIENCE AND TECHNOLOGY	A3	
1773-2247	JOURNAL OF DRUG DELIVERY SCIENCE AND TECHNOLOGY	A2	
1029-2330	JOURNAL OF DRUG TARGETING (ONLINE)	A2	
1545-9616	JOURNAL OF DRUGS IN DERMATOLOGY	B1	
1079-2724	JOURNAL OF DYNAMICAL AND CONTROL SYSTEMS	A4	
2050-2974	JOURNAL OF EATING DISORDERS	A2	
0165-1889	JOURNAL OF ECONOMIC DYNAMICS & CONTROL	A1	
0022-0493	JOURNAL OF ECONOMIC ENTOMOLOGY	A2	
1381-4338	JOURNAL OF ECONOMIC GROWTH (BOSTON)	A2	
0021-3624	JOURNAL OF ECONOMIC ISSUES	A1	
0148-6195	JOURNAL OF ECONOMICS AND BUSINESS	A3	
2301-3567	JOURNAL OF ECONOMICS, BUSINESS AND MANAGEMENT	C	
2277-9531	JOURNAL OF EDUCATION AND HEALTH PROMOTION	A4	
1927-5250	JOURNAL OF EDUCATION AND LEARNING	A3	
2469-9632	JOURNAL OF EDUCATION AND TEACHING METHODOLOGY	A3	
0883-2323	JOURNAL OF EDUCATION FOR BUSINESS	A3	
2763-6119	JOURNAL OF EDUCATION SCIENCE AND HEALTH	B2	
0374-3535	JOURNAL OF ELASTICITY	A3	
1572-6657	JOURNAL OF ELECTROANALYTICAL CHEMISTRY	A1	
1847-9286	JOURNAL OF ELECTROANALYTICAL SCIENCE AND ENGINEERING	A4	
1050-6411	JOURNAL OF ELECTROMYOGRAPHY AND KINESIOLOGY	A3	
0361-5235	JOURNAL OF ELECTRONIC MATERIALS	A4	
1674-862X	JOURNAL OF ELECTRONIC SCIENCE AND TECHNOLOGY (PRINT)	A4	
2513-8421	JOURNAL OF EMBODIED RESEARCH	B3	
1720-8386	JOURNAL OF ENDOCRINOLOGICAL INVESTIGATION (ONLINE)	A2	
0022-0795	JOURNAL OF ENDOCRINOLOGY	A1	
2640-1045	JOURNAL OF ENDOCRINOLOGY AND DISORDERS	B4	
0099-2399	JOURNAL OF ENDODONTICS	A1	
0892-7790	JOURNAL OF ENDOUROLOGY	A2	
0737-0652	JOURNAL OF ENERGETIC MATERIALS	A2	
2690-1692	JOURNAL OF ENERGY AND POWER TECHNOLOGY	B4	
2095-4956	JOURNAL OF ENERGY CHEMISTRY	A1	
0195-0738	JOURNAL OF ENERGY RESOURCES TECHNOLOGY	A2	
2352-152X	JOURNAL OF ENERGY STORAGE	A1	
1558-9250	JOURNAL OF ENGINEERED FIBERS AND FABRICS	A2	
2447-0228	JOURNAL OF ENGINEERING AND TECHNOLOGY FOR INDUSTRIAL APPLICATIONS	B3	
0923-4748	JOURNAL OF ENGINEERING AND TECHNOLOGY MANAGEMENT	A1	
1726-0531	JOURNAL OF ENGINEERING, DSIGN AND TECHNOLOGY	A2	
0022-0833	JOURNAL OF ENGINEERING MATHEMATICS	A3	
2764-1317	JOURNAL OF ENGINEERING RESEARCH	A4	
2831-4085	JOURNAL OF ENGINEERING RESEARCH AND SCIENCES	C	
1823-4690	JOURNAL OF ENGINEERING SCIENCE & TECHNOLOGY	B1	
1791-2377	JOURNAL OF ENGINEERING SCIENCE AND TECHNOLOGY REVIEW	B3	
1810-2328	JOURNAL OF ENGINEERING THERMOPHYSICS	B1	
2320-7078	JOURNAL OF ENTOMOLOGY AND ZOOLOGY STUDIES	A4	
2045-2101	JOURNAL OF ENTREPRENEURSHIP AND PUBLIC POLICY (PRINT)	A2	
2053-4604	JOURNAL OF ENTREPRENEURSHIP IN EMERGING ECONOMIES	A1	
2299-7326	JOURNAL OF ENTREPRENEURSHIP, MANAGEMENT AND INNOVATION (JEMI)	A2	
2325-6192	JOURNAL OF ENVIRONMENTAL ACCOUNTING AND MANAGEMENT	A4	
2525-815X	JOURNAL OF ENVIRONMENTAL ANALYSIS AND PROGRESS	B2	
1687-9813	JOURNAL OF ENVIRONMENTAL AND PUBLIC HEALTH	A4	
1687-9805	JOURNAL OF ENVIRONMENTAL AND PUBLIC HEALTH	A4	
2213-3437	JOURNAL OF ENVIRONMENTAL CHEMICAL ENGINEERING	A1	
0095-0696	JOURNAL OF ENVIRONMENTAL ECONOMICS AND MANAGEMENT (PRINT)	A1	
0733-9372	JOURNAL OF ENVIRONMENTAL ENGINEERING (NEW YORK, N.Y.)	A3	
2052-336X	JOURNAL OF ENVIRONMENTAL HEALTH SCIENCE & ENGINEERING	A1	
0301-4797	JOURNAL OF ENVIRONMENTAL MANAGEMENT	A1	
2152-2219	JOURNAL OF ENVIRONMENTAL PROTECTION (ONLINE)	C	
2152-2197	JOURNAL OF ENVIRONMENTAL PROTECTION (PRINT)	C	
0272-4944	JOURNAL OF ENVIRONMENTAL PSYCHOLOGY	A1	
1537-2537	JOURNAL OF ENVIRONMENTAL QUALITY	A3	
0265-931X	JOURNAL OF ENVIRONMENTAL RADIOACTIVITY	A2	
2162-5263	JOURNAL OF ENVIRONMENTAL SCIENCE AND ENGINEERING B	B2	
1093-4529	JOURNAL OF ENVIRONMENTAL SCIENCE AND HEALTH. PART A, TOXIC HAZARDOUS SUBSTANCES AND ENVIRONMENTAL ENGINEERING	A4	
1532-4117	JOURNAL OF ENVIRONMENTAL SCIENCE AND HEALTH. PART A: TOXIC HAZARDOUS SUBSTANCES AND ENVIRONMENTAL ENGINEERING	A4	
0360-1234	JOURNAL OF ENVIRONMENTAL SCIENCE AND HEALTH. PART B. PESTICIDES, FOOD CONTAMINANTS, AND AGRICULTURAL WASTES	A3	
1532-4109	JOURNAL OF ENVIRONMENTAL SCIENCE AND HEALTH. PART B: PESTICIDES, FOOD CONTAMINANTS, AND AGRICULTURAL WASTES	A3	
2689-6591	JOURNAL OF ENVIRONMENTAL SCIENCE AND HEALTH. PART C, TOXICOLOGY AND CARCINOGENESIS (ONLINE)	B1	
2455-0272	JOURNAL OF ENVIRONMENTAL SCIENCE AND POLLUTION RESEARCH	C	
1001-0742	JOURNAL OF ENVIRONMENTAL SCIENCES	A1	
1878-7320	JOURNAL OF ENVIRONMENTAL SCIENCES (ONLINE)	A1	
1475-6366	JOURNAL OF ENZYME INHIBITION AND MEDICINAL CHEMISTRY (PRINT)	A1	
0143-005X	JOURNAL OF EPIDEMIOLOGY AND COMMUNITY HEALTH (1979)	A1	
2210-6014	JOURNAL OF EPIDEMIOLOGY AND GLOBAL HEALTH	A3	
2471-8211	JOURNAL OF EPIDEMIOLOGY AND PUBLIC HEALTH REVIEWS	B3	
0737-0806	JOURNAL OF EQUINE VETERINARY SCIENCE (PRINT)	A2	
0972-060X	JOURNAL OF ESSENTIAL OIL-BEARING PLANTS	A4	
1496-4155	JOURNAL OF ESTHETIC AND RESTORATIVE DENTISTRY	A1	
1533-2640	JOURNAL OF ETHNICITY IN SUBSTANCE ABUSE	A4	
0278-0771	JOURNAL OF ETHNOBIOLOGY	A1	
1746-4269	JOURNAL OF ETHNOBIOLOGY AND ETHNOMEDICINE	A1	
0378-8741	JOURNAL OF ETHNOPHARMACOLOGY	A1	
1356-1294	JOURNAL OF EVALUATION IN CLINICAL PRACTICE	A2	
2675-021X	JOURNAL OF EVIDENCE-BASED HEALTHCARE	B4	
2515-690X	JOURNAL OF EVIDENCE-BASED INTEGRATIVE MEDICINE	A2	
2385-7137	JOURNAL OF EVOLUTIONARY STUDIES IN BUSINESS	B2	
2358-0348	JOURNAL OF EXACT SCIENCES - JES	B3	
1097-9751	JOURNAL OF EXERCISE PHYSIOLOGY ONLINE	B2	
2288-1778	JOURNAL OF EXERCISE REHABILITATION	A3	
1728-869X	JOURNAL OF EXERCISE SCIENCE AND FITNESS	A2	
1756-9966	JOURNAL OF EXPERIMENTAL & CLINICAL CANCER RESEARCH (ONLINE)	A1	
2457-0591	JOURNAL OF EXPERIMENTAL AGRICULTURE INTERNATIONAL	B1	
2813-4648	JOURNAL OF EXPERIMENTAL AND THEORETICAL ANALYSES	C	
0022-0949	JOURNAL OF EXPERIMENTAL BIOLOGY	A1	
0022-0957	JOURNAL OF EXPERIMENTAL BOTANY	A1	
0022-0981	JOURNAL OF EXPERIMENTAL MARINE BIOLOGY AND ECOLOGY	A3	
1179-0695	JOURNAL OF EXPERIMENTAL NEUROSCIENCE	B2	
2471-5638	JOURNAL OF EXPERIMENTAL ZOOLOGY. PART A, ECOLOGICAL AND INTEGRATIVE PHYSIOLOGY	A2	
1472-5967	JOURNAL OF FACILITIES MANAGEMENT	A4	
2278-7135	JOURNAL OF FAMILY MEDICINE AND PRIMARY CARE	B3	
1359-0790	JOURNAL OF FINANCIAL CRIME	A2	
1985-2517	JOURNAL OF FINANCIAL REPORTING AND ACCOUNTING	A2	
0022-1112	JOURNAL OF FISH BIOLOGY	A3	
1095-8649	JOURNAL OF FISH BIOLOGY	A3	
2311-3111	JOURNAL OF FISHERIES (ONLINE)	C	
1053-0509	JOURNAL OF FLUORESCENCE	A4	
2333-1240	JOURNAL OF FOOD AND NUTRITION RESEARCH	C	
1336-8672	JOURNAL OF FOOD AND NUTRITION RESEARCH	C	
2333-1119	JOURNAL OF FOOD AND NUTRITION RESEARCH	C	
0145-8884	JOURNAL OF FOOD BIOCHEMISTRY	A2	
1745-4514	JOURNAL OF FOOD BIOCHEMISTRY	A2	
0889-1575	JOURNAL OF FOOD COMPOSITION AND ANALYSIS (PRINT)	A2	
0260-8774	JOURNAL OF FOOD ENGINEERING	A1	
2193-4126	JOURNAL OF FOOD MEASUREMENT AND CHARACTERIZATION	A2	
2193-4134	JOURNAL OF FOOD MEASUREMENT AND CHARACTERIZATION	A2	
1745-4530	JOURNAL OF FOOD PROCESS ENGINEERING	A3	
1745-4549	JOURNAL OF FOOD PROCESSING AND PRESERVATION	A3	
0362-028X	JOURNAL OF FOOD PROTECTION	A4	
0022-1147	JOURNAL OF FOOD SCIENCE	A2	
1750-3841	JOURNAL OF FOOD SCIENCE	A2	
0022-1155	JOURNAL OF FOOD SCIENCE AND TECHNOLOGY	A2	
1752-928X	JOURNAL OF FORENSIC AND LEGAL MEDICINE	A2	
2575-0186	JOURNAL OF FORENSIC SCIENCE AND RESEARCH	B4	
1556-4029	JOURNAL OF FORENSIC SCIENCES	A4	
1212-4834	JOURNAL OF FOREST SCIENCE (JFS)	A4	
1007-662X	JOURNAL OF FORESTRY RESEARCH	A1	
2079-4983	JOURNAL OF FUNCTIONAL BIOMATERIALS	A4	
1756-4646	JOURNAL OF FUNCTIONAL FOODS	A1	
2411-5142	JOURNAL OF FUNCTIONAL MORPHOLOGY AND KINESIOLOGY	A2	
2309-608X	JOURNAL OF FUNGI	A2	
1027-6084	JOURNAL OF FUTURES STUDIES	A2	
0815-9319	JOURNAL OF GASTROENTEROLOGY AND HEPATOLOGY	A2	
0958-9236	JOURNAL OF GENDER STUDIES (PRINT)	A1	
0022-1317	JOURNAL OF GENERAL VIROLOGY (PRINT)	A3	
2090-5920	JOURNAL OF GENETIC ENGINEERING AND BIOTECHNOLOGY	A3	
0375-6742	JOURNAL OF GEOCHEMICAL EXPLORATION	A2	
2081-9943	JOURNAL OF GEODETIC SCIENCE	B1	
2151-1969	JOURNAL OF GEOGRAPHIC INFORMATION SYSTEM	C	
1435-5930	JOURNAL OF GEOGRAPHICAL SYSTEMS (PRINT)	A4	
0309-8265	JOURNAL OF GEOGRAPHY IN HIGHER EDUCATION (PRINT)	A2	
2169-8996	JOURNAL OF GEOPHYSICAL RESEARCH: ATMOSPHERES	A1	
2169-8953	JOURNAL OF GEOPHYSICAL RESEARCH: BIOGEOSCIENCES	A1	
2169-9275	JOURNAL OF GEOPHYSICAL RESEARCH: OCEANS (PRINT)	A1	
2169-9313	JOURNAL OF GEOPHYSICAL RESEARCH. SOLID EARTH	A1	
2327-4344	JOURNAL OF GEOSCIENCE AND ENVIRONMENT PROTECTION	C	
2327-4336	JOURNAL OF GEOSCIENCE AND ENVIRONMENT PROTECTION (PRINT)	C	
2526-1746	JOURNAL OF GEOSPATIAL MODELLING	C	
2630-5259	JOURNAL OF GERIATRIC MEDICINE	B3	
1539-8412	JOURNAL OF GERIATRIC PHYSICAL THERAPY	A3	
0891-9887	JOURNAL OF GERIATRIC PSYCHIATRY AND NEUROLOGY	A3	
0098-9134	JOURNAL OF GERONTOLOGICAL NURSING	A2	
2499-6564	JOURNAL OF GERONTOLOGY AND GERIATRICS	B1	
2213-7165	JOURNAL OF GLOBAL ANTIMICROBIAL RESISTANCE	A2	
2475-6423	JOURNAL OF GLOBAL CATHOLICISM	B3	
2047-2978	JOURNAL OF GLOBAL HEALTH	A1	
2651-9585	JOURNAL OF GLOBAL INDIGENEITY	B3	
2184-7738	JOURNAL OF GLOBAL INNOVATION (JGI)	B3	
2398-5364	JOURNAL OF GLOBAL OPERATIONS AND STRATEGIC SOURCING (PRINT)	A1	
0925-5001	JOURNAL OF GLOBAL OPTIMIZATION	A2	
2163-9167	JOURNAL OF GLOBAL SCHOLARS OF MARKETING SCIENCE	A2	
0364-9024	JOURNAL OF GRAPH THEORY (PRINT)	A3	
0731-5090	JOURNAL OF GUIDANCE, CONTROL, AND DYNAMICS (PRINT)	A1	
2772-4166	JOURNAL OF HAZARDOUS MATERIALS ADVANCES	A2	
0304-3894	JOURNAL OF HAZARDOUS MATERIALS (PRINT)	A1	
2317-3076	JOURNAL OF HEALTH & BIOLOGICAL SCIENCES	B2	
2317-3084	JOURNAL OF HEALTH AND BIOLOGICAL SCIENCES	B2	
0719-949X	JOURNAL OF HEALTH AND MEDICAL SCIENCES	B4	
2175-4411	JOURNAL OF HEALTH INFORMATICS	A4	
1359-1053	JOURNAL OF HEALTH PSYCHOLOGY	A1	
2447-8938	JOURNAL OF HEALTH SCIENCES (UNOPAR)	B3	
0022-1481	JOURNAL OF HEAT TRANSFER	A3	
0022-149X	JOURNAL OF HELMINTHOLOGY (PRINT)	A3	
1868-9256	JOURNAL OF HEMATOPATHOLOGY	B3	
0168-8278	JOURNAL OF HEPATOLOGY	A1	
2210-8033	JOURNAL OF HERBAL MEDICINE	A3	
0022-1511	JOURNAL OF HERPETOLOGY	B1	
0022-152X	JOURNAL OF HETEROCYCLIC CHEMISTRY	A4	
1381-1231	JOURNAL OF HEURISTICS	A2	
2214-4048	JOURNAL OF HIGH ENERGY ASTROPHYSICS	A1	
1047-8310	JOURNAL OF HIGH TECHNOLOGY MANAGEMENT RESEARCH	A1	
2573-2897	JOURNAL OF HISTORICAL ARCHAEOLOGY & ANTHROPOLOGICAL SCIENCES	B1	
1462-0316	JOURNAL OF HORTICULTURAL SCIENCE & BIOTECHNOLOGY	A2	
1447-6770	JOURNAL OF HOSPITALITY AND TOURISM MANAGEMENT	A1	
2578-5079	JOURNAL OF HUMAN ANATOMY	B3	
1091-1359	JOURNAL OF HUMAN BEHAVIOR IN THE SOCIAL ENVIRONMENT	A2	
0104-1282	JOURNAL OF HUMAN GROWTH AND DEVELOPMENT	B1	
2175-3598	JOURNAL OF HUMAN GROWTH AND DEVELOPMENT	B1	
0950-9240	JOURNAL OF HUMAN HYPERTENSION	A3	
1899-7562	JOURNAL OF HUMAN KINETICS	A2	
1640-5544	JOURNAL OF HUMAN KINETICS	A2	
0890-3344	JOURNAL OF HUMAN LACTATION	A3	
2642-4878	JOURNAL OF HUMAN NUTRITION	C	
0952-3871	JOURNAL OF HUMAN NUTRITION AND DIETETICS	A1	
1365-277X	JOURNAL OF HUMAN NUTRITION AND DIETETICS	A1	
1988-5202	JOURNAL OF HUMAN SPORT AND EXERCISE	B1	
2042-6747	JOURNAL OF HUMANITARIAN LOGISTICS AND SUPPLY CHAIN MANAGEMENT	A2	
2581-8651	JOURNAL OF HUMANITIES AND EDUCATION DEVELOPMENT (JHED)	A3	
2345-4156	JOURNAL OF HYDRAULIC STRUCTURES (ONLINE)	A2	
1464-7141	JOURNAL OF HYDROINFORMATICS	A3	
1084-0699	JOURNAL OF HYDROLOGIC ENGINEERING	A3	
0022-1694	JOURNAL OF HYDROLOGY (AMSTERDAM)	A1	
1338-4333	JOURNAL OF HYDROLOGY AND HYDROMECHANICS	A3	
0219-8916	JOURNAL OF HYPERBOLIC DIFFERENTIAL EQUATIONS	A4	
2237-2202	JOURNAL OF HYPERSPECTRAL REMOTE SENSING	B2	
0263-6352	JOURNAL OF HYPERTENSION	A2	
1326-0219	JOURNAL OF IBERIAN AND LATIN AMERICAN STUDIES	A2	
1555-6425	JOURNAL OF ICHTHYOLOGY	B2	
2516-7227	JOURNAL OF ILLICIT ECONOMIES AND DEVELOPMENT	A1	
2313-433X	JOURNAL OF IMAGING	C	
0022-1759	JOURNAL OF IMMUNOLOGICAL METHODS (PRINT)	B2	
2314-7156	JOURNAL OF IMMUNOLOGY RESEARCH	C	
1573-1111	JOURNAL OF INCLUSION PHENOMENA AND MACROCYCLIC CHEMISTRY (ONLINE)	A4	
0972-124X	JOURNAL OF INDIAN SOCIETY OF PERIODONTOLOGY	A4	
1226-086X	JOURNAL OF INDUSTRIAL AND ENGINEERING CHEMISTRY - KOREAN SOCIETY OF INDUSTRIAL AND ENGINEERING CHEMISTRY	A1	
1547-5816	JOURNAL OF INDUSTRIAL AND MANAGEMENT OPTIMIZATION	A4	
1088-1980	JOURNAL OF INDUSTRIAL ECOLOGY	A1	
2452-414X	JOURNAL OF INDUSTRIAL INFORMATION INTEGRATION	A1	
2424-8622	JOURNAL OF INDUSTRIAL INTEGRATION AND MANAGEMENT (PRINT)	A1	
1367-5435	JOURNAL OF INDUSTRIAL MICROBIOLOGY & BIOTECHNOLOGY	A2	
1876-0341	JOURNAL OF INFECTION AND PUBLIC HEALTH	A1	
1972-2680	JOURNAL OF INFECTION IN DEVELOPING COUNTRIES	A4	
1757-1782	JOURNAL OF INFECTION PREVENTION	A3	
2474-3658	JOURNAL OF INFECTIOUS DISEASES AND EPIDEMIOLOGY	B3	
1476-9255	JOURNAL OF INFLAMMATION (LONDON. ONLINE)	A3	
0219-6492	JOURNAL OF INFORMATION & KNOWLEDGE MANAGEMENT	A3	
2178-7107	JOURNAL OF INFORMATION AND DATA MANAGEMENT - JIDM	A4	
0165-5515	JOURNAL OF INFORMATION SCIENCE	A1	
2468-4376	JOURNAL OF INFORMATION SYSTEMS ENGINEERING & MANAGEMENT	B3	
1539-3585	JOURNAL OF INFORMATION TECHNOLOGY EDUCATION	A1	
1751-1577	JOURNAL OF INFORMETRICS	A2	
2572-7931	JOURNAL OF INFRASTRUCTURE, POLICY AND DEVELOPMENT (ONLINE)	B1	
1533-1458	JOURNAL OF INFUSION NURSING	A1	
2032-5355	JOURNAL OF INNOVATION ECONOMICS	A4	
1574-1443	JOURNAL OF INORGANIC AND ORGANOMETALLIC POLYMERS AND MATERIALS (PRINT)	A2	
0162-0134	JOURNAL OF INORGANIC BIOCHEMISTRY	A2	
1366-638X	JOURNAL OF INSECT CONSERVATION	A2	
0022-1910	JOURNAL OF INSECT PHYSIOLOGY	A2	
2352-4588	JOURNAL OF INSECTS AS FOOD AND FEED	A1	
1744-1374	JOURNAL OF INSTITUTIONAL ECONOMICS (PRINT)	A1	
1748-0221	JOURNAL OF INSTRUMENTATION	A4	
1872-0234	JOURNAL OF INTEGRATED CIRCUITS AND SYSTEMS	B1	
2095-4964	JOURNAL OF INTEGRATIVE MEDICINE	A1	
1469-1930	JOURNAL OF INTELLECTUAL CAPITAL	A1	
2292-2598	JOURNAL OF INTELLECTUAL DISABILITY - DIAGNOSIS AND TREATMENT	A4	
1747-1532	JOURNAL OF INTELLECTUAL PROPERTY LAW AND PRACTICE (PRINT)	A2	
2079-3200	JOURNAL OF INTELLIGENCE	C	
2001-015X	JOURNAL OF INTELLIGENCE STUDIES IN BUSINESS	A4	
1064-1246	JOURNAL OF INTELLIGENT & FUZZY SYSTEMS	A4	
0921-0296	JOURNAL OF INTELLIGENT & ROBOTIC SYSTEMS	A2	
1573-0409	JOURNAL OF INTELLIGENT & ROBOTIC SYSTEMS (DORDRECHT. ONLINE)	A2	
1573-7675	JOURNAL OF INTELLIGENT INFORMATION SYSTEMS (DORDRECHT. ONLINE)	A2	
0956-5515	JOURNAL OF INTELLIGENT MANUFACTURING	A1	
1572-8145	JOURNAL OF INTELLIGENT MANUFACTURING (DORDRECHT. ONLINE)	A1	
1525-1489	JOURNAL OF INTENSIVE CARE MEDICINE	A2	
0885-0666	JOURNAL OF INTENSIVE CARE MEDICINE (PRINT)	A2	
2675-469X	JOURNAL OF INTERDISCIPLINARY DEBATES (ONLINE)	B4	
1079-9907	JOURNAL OF INTERFERON & CYTOKINE RESEARCH	B1	
0954-6820	JOURNAL OF INTERNAL MEDICINE (PRINT)	A1	
1478-1387	JOURNAL OF INTERNATIONAL CRIMINAL JUSTICE (PRINT)	A1	
2576-0017	JOURNAL OF INTERNATIONAL CRISIS AND RISK COMMUNICATION RESEARCH (PRINT)	A2	
0954-1748	JOURNAL OF INTERNATIONAL DEVELOPMENT	A2	
1042-4431	JOURNAL OF INTERNATIONAL FINANCIAL MARKETS, INSTITUTIONS & MONEY	A1	
0897-4438	JOURNAL OF INTERNATIONAL FOOD & AGRIBUSINESS MARKETING	A3	
1477-5212	JOURNAL OF INTERNET MARKETING AND ADVERTISING (PRINT)	A3	
1867-4828	JOURNAL OF INTERNET SERVICES AND APPLICATIONS	A3	
1869-0238	JOURNAL OF INTERNET SERVICES AND APPLICATIONS	A3	
0886-2605	JOURNAL OF INTERPERSONAL VIOLENCE	A1	
1092-5872	JOURNAL OF INTERPRETATION RESEARCH	B2	
1356-1820	JOURNAL OF INTERPROFESSIONAL CARE	A2	
0928-0219	JOURNAL OF INVERSE AND ILL-POSED PROBLEMS (PRINT)	A3	
1081-5589	JOURNAL OF INVESTIGATIVE MEDICINE	A2	
2772-4220	JOURNAL OF IONIC LIQUIDS	A4	
0386-5185	JOURNAL OF JAPANESE CLEFT PALATE ASSOCIATION	B4	
1018-3647	JOURNAL OF KING SAUD UNIVERSITY - SCIENCE	A1	
1367-3270	JOURNAL OF KNOWLEDGE MANAGEMENT	A1	
1011-8934	JOURNAL OF KOREAN MEDICAL SCIENCE	A1	
2471-4607	JOURNAL OF LABOR AND SOCIETY	A1	
2331-7469	JOURNAL OF LABORATORY CHEMICAL EDUCATION (ONLINE)	C	
2213-1272	JOURNAL OF LANGUAGE AGGRESSION AND CONFLICT.(PRINT)	A1	
0022-2151	JOURNAL OF LARYNGOLOGY AND OTOLOGY	A3	
2237-1265	JOURNAL OF LATIN AMERICAN COMMUNICATION RESEARCH	B4	
1356-9325	JOURNAL OF LATIN AMERICAN CULTURAL STUDIES	B1	
1548-5811	JOURNAL OF LATIN AMERICAN GEOGRAPHY	A2	
1545-2476	JOURNAL OF LATIN AMERICAN GEOGRAPHY	A2	
1469-767X	JOURNAL OF LATIN AMERICAN STUDIES (ONLINE)	A3	
0022-216X	JOURNAL OF LATIN AMERICAN STUDIES (PRINT)	A3	
1669-8649	JOURNAL OF LATIN AMERICAN THEOLOGY: CHRISTIAN REFLECTIONS FROM THE LATINO SOUTH	C	
2448-0266	JOURNAL OF LEAN SYSTEMS	B4	
0022-2194	JOURNAL OF LEARNING DISABILITIES	A1	
1758-9584	JOURNAL OF LEGAL ANTHROPOLOGY (ONLINE)	B2	
0741-5400	JOURNAL OF LEUKOCYTE BIOLOGY	A2	
0961-0006	JOURNAL OF LIBRARIANSHIP AND INFORMATION SCIENCE	A1	
2965-730X	JOURNAL OF LIFESTYLE & SDG'S REVIEW (ONLINE)	B1	
0733-8724	JOURNAL OF LIGHTWAVE TECHNOLOGY (PRINT)	A1	
1082-6076	JOURNAL OF LIQUID CHROMATOGRAPHY & RELATED TECHNOLOGIES (PRINT)	B1	
2159-5836	JOURNAL OF LITERATURE AND ART STUDIES	A3	
2055-0472	JOURNAL OF LITHIC STUDIES	B1	
1748-9725	JOURNAL OF LOCATION BASED SERVICES (PRINT)	A4	
2409-2665	JOURNAL OF LOGISTICS, INFORMATICS AND SERVICE SCIENCE	B1	
1532-5024	JOURNAL OF LOSS & TRAUMA	A2	
0022-2291	JOURNAL OF LOW TEMPERATURE PHYSICS	B1	
0022-2313	JOURNAL OF LUMINESCENCE	A2	
2213-9567	JOURNAL OF MAGNESIUM AND ALLOYS	A1	
0304-8853	JOURNAL OF MAGNETISM AND MAGNETIC MATERIALS	A3	
1064-7554	JOURNAL OF MAMMALIAN EVOLUTION	A3	
0022-2372	JOURNAL OF MAMMALOGY (PRINT)	A3	
2605-1044	JOURNAL OF MANAGEMENT AND BUSINESS EDUCATION	B1	
1572-963X	JOURNAL OF MANAGEMENT AND GOVERNANCE (ONLINE)	A2	
1925-4733	JOURNAL OF MANAGEMENT AND SUSTAINABILITY	B1	
0161-4754	JOURNAL OF MANIPULATIVE AND PHYSIOLOGICAL THERAPEUTICS	A2	
1526-6125	JOURNAL OF MANUFACTURING PROCESSES	A1	
0278-6125	JOURNAL OF MANUFACTURING SYSTEMS	A1	
1741-038X	JOURNAL OF MANUFACTURING TECHNOLOGY MANAGEMENT	A1	
1744-5647	JOURNAL OF MAPS	A2	
2077-1312	JOURNAL OF MARINE SCIENCE AND ENGINEERING	C	
2050-3326	JOURNAL OF MARKETING ANALYTICS	A2	
1352-7266	JOURNAL OF MARKETING COMMUNICATIONS	A2	
0884-1241	JOURNAL OF MARKETING FOR HIGHER EDUCATION	A1	
1076-5174	JOURNAL OF MASS SPECTROMETRY (PRINT)	A4	
1611-8227	JOURNAL OF MATERIAL CYCLES AND WASTE MANAGEMENT (ONLINE)	A3	
1438-4957	JOURNAL OF MATERIAL CYCLES AND WASTE MANAGEMENT (PRINT)	A3	
2410-4701	JOURNAL OF MATERIAL SCIENCE AND TECHNOLOGY RESEARCH	B4	
2050-7488	JOURNAL OF MATERIALS CHEMISTRY A	A1	
2050-750X	JOURNAL OF MATERIALS CHEMISTRY B	A1	
2050-7526	JOURNAL OF MATERIALS CHEMISTRY C	A1	
1059-9495	JOURNAL OF MATERIALS ENGINEERING AND PERFORMANCE (PRINT)	A3	
0899-1561	JOURNAL OF MATERIALS IN CIVIL ENGINEERING	A2	
0884-2914	JOURNAL OF MATERIALS RESEARCH	A2	
2238-7854	JOURNAL OF MATERIALS RESEARCH AND TECHNOLOGY	A1	
0022-2461	JOURNAL OF MATERIALS SCIENCE	A2	
1005-0302	JOURNAL OF MATERIALS SCIENCE & TECHNOLOGY	A1	
2161-6221	JOURNAL OF MATERIALS SCIENCE AND ENGINEERING B	B2	
1573-4803	JOURNAL OF MATERIALS SCIENCE (DORDRECHT. ONLINE)	A2	
0957-4522	JOURNAL OF MATERIALS SCIENCE. MATERIALS IN ELECTRONICS	A3	
0957-4530	JOURNAL OF MATERIALS SCIENCE. MATERIALS IN MEDICINE	A2	
1573-4838	JOURNAL OF MATERIALS SCIENCE. MATERIALS IN MEDICINE (DORDRECHT. ONLINE)	A2	
1476-7058	JOURNAL OF MATERNAL-FETAL & NEONATAL MEDICINE	A2	
0022-247X	JOURNAL OF MATHEMATICAL ANALYSIS AND APPLICATIONS (PRINT)	A2	
1432-1416	JOURNAL OF MATHEMATICAL BIOLOGY (ONLINE)	A2	
0303-6812	JOURNAL OF MATHEMATICAL BIOLOGY (PRINT)	A2	
0259-9791	JOURNAL OF MATHEMATICAL CHEMISTRY	A3	
0924-9907	JOURNAL OF MATHEMATICAL IMAGING AND VISION	A1	
1817-5805	JOURNAL OF MATHEMATICAL PHYSICS ANALYSIS GEOMETRY	B2	
1558-5336	JOURNAL OF MATHEMATICS AND CULTURE	A4	
2190-5983	JOURNAL OF MATHEMATICS IN INDUSTRY	A4	
2617-4871	JOURNAL OF MATHEMATICS, MECHANICS AND COMPUTER SCIENCE	B3	
2595-3230	JOURNAL OF MECHATRONICS ENGINEERING	B4	
2056-9793	JOURNAL OF MEDIA CRITIQUES (ONLINE)	C	
1609-0985	JOURNAL OF MEDICAL AND BIOLOGICAL ENGINEERING	A4	
1752-1947	JOURNAL OF MEDICAL CASE REPORTS	A4	
0309-1902	JOURNAL OF MEDICAL ENGINEERING & TECHNOLOGY	A4	
0022-2585	JOURNAL OF MEDICAL ENTOMOLOGY	A1	
1939-8654	JOURNAL OF MEDICAL IMAGING AND RADIATION SCIENCES (PRINT)	B1	
0022-2615	JOURNAL OF MEDICAL MICROBIOLOGY	A4	
1600-0684	JOURNAL OF MEDICAL PRIMATOLOGY	B1	
1682-4474	JOURNAL OF MEDICAL SCIENCES (FAISALABAD)	B4	
1096-9071	JOURNAL OF MEDICAL VIROLOGY	A1	
0146-6615	JOURNAL OF MEDICAL VIROLOGY (PRINT)	A1	
0022-2623	JOURNAL OF MEDICINAL CHEMISTRY	A1	
1096-620X	JOURNAL OF MEDICINAL FOOD	A3	
1557-7600	JOURNAL OF MEDICINAL FOOD	A3	
1996-0875	JOURNAL OF MEDICINAL PLANTS RESEARCH	A4	
2448-1394	JOURNAL OF MEDICINE AND HEALTH PROMOTION	B4	
1844-3117	JOURNAL OF MEDICINE AND LIFE	B2	
0376-7388	JOURNAL OF MEMBRANE SCIENCE (PRINT)	A1	
2288-6478	JOURNAL OF MENOPAUSAL MEDICINE	B1	
1875-6859	JOURNAL OF MEN’S HEALTH (ONLINE)	B1	
1078-4470	JOURNAL OF MENTAL HEALTH AND AGING	B3	
2578-2959	JOURNAL OF MENTAL HEALTH AND CLINICAL PSYCHOLOGY (ONLINE)	B2	
1360-0567	JOURNAL OF MENTAL HEALTH (ONLINE)	A2	
0167-7012	JOURNAL OF MICROBIOLOGICAL METHODS	A4	
1017-7825	JOURNAL OF MICROBIOLOGY AND BIOTECHNOLOGY (PRINT)	A4	
0265-2048	JOURNAL OF MICROENCAPSULATION	A3	
0022-2720	JOURNAL OF MICROSCOPY (PRINT)	A3	
2179-1074	JOURNAL OF MICROWAVES, OPTOELECTRONICS AND ELECTROMAGNETIC APPLICATIONS	A4	
1553-4650	JOURNAL OF MINIMALLY INVASIVE GYNECOLOGY	A2	
1746-5664	JOURNAL OF MODELLING IN MANAGEMENT (PRINT)	A2	
1538-9472	JOURNAL OF MODERN APPLIED STATISTICAL METHODS	B2	
2155-7993	JOURNAL OF MODERN EDUCATION REVIEW	B4	
2317-3963	JOURNAL OF MODERN PROJECT MANAGEMENT	B1	
2574-9897	JOURNAL OF MODERN SLAVERY	A4	
0022-2836	JOURNAL OF MOLECULAR BIOLOGY	A1	
1093-3263	JOURNAL OF MOLECULAR GRAPHICS & MODELLING	A2	
1567-2387	JOURNAL OF MOLECULAR HISTOLOGY (ONLINE)	A3	
1567-2379	JOURNAL OF MOLECULAR HISTOLOGY (PRINT)	A3	
0167-7322	JOURNAL OF MOLECULAR LIQUIDS (PRINT)	A1	
0946-2716	JOURNAL OF MOLECULAR MEDICINE (BERLIN. PRINT)	A1	
0948-5023	JOURNAL OF MOLECULAR MODELING (ONLINE)	A3	
1610-2940	JOURNAL OF MOLECULAR MODELING (PRINT)	A3	
0022-2860	JOURNAL OF MOLECULAR STRUCTURE (PRINT)	A2	
2177-0298	JOURNAL OF MORPHOLOGICAL SCIENCES	B4	
1097-4687	JOURNAL OF MORPHOLOGY	A3	
0362-2525	JOURNAL OF MORPHOLOGY (1931. PRINT)	A3	
0022-2895	JOURNAL OF MOTOR BEHAVIOR	A4	
2325-3215	JOURNAL OF MOTOR LEARNING AND DEVELOPMENT	B1	
2325-3193	JOURNAL OF MOTOR LEARNING AND DEVELOPMENT	B1	
1057-9214	JOURNAL OF MULTI-CRITERIA DECISION ANALYSIS (PRINT)	A4	
1747-6615	JOURNAL OF MULTICULTURAL DISCOURSE	A1	
2645-9078	JOURNAL OF MULTIDISCIPLINARY ACADEMIC TOURISM (ONLINE)	C	
2675-4029	JOURNAL OF MULTIDISCIPLINARY DENTISTRY	C	
1178-2390	JOURNAL OF MULTIDISCIPLINARY HEALTHCARE	A2	
0218-9577	JOURNAL OF MUSCULOSKELETAL RESEARCH	B2	
1477-3155	JOURNAL OF NANOBIOTECHNOLOGY	A1	
2377-4282	JOURNAL OF NANOMEDICINE RESEARCH	B4	
1388-0764	JOURNAL OF NANOPARTICLE RESEARCH	A3	
1572-896X	JOURNAL OF NANOPARTICLE RESEARCH (ONLINE)	A3	
1533-4880	JOURNAL OF NANOSCIENCE AND NANOTECHNOLOGY	C	
2193-8865	JOURNAL OF NANOSTRUCTURE IN CHEMISTRY	A1	
2624-845X	JOURNAL OF NANOTHERANOSTICS (ONLINE)	B3	
1544-0478	JOURNAL OF NATURAL FIBERS	A2	
1544-046X	JOURNAL OF NATURAL FIBERS	A2	
0022-2933	JOURNAL OF NATURAL HISTORY	B2	
2773-0786	JOURNAL OF NATURAL PESTICIDE RESEARCH	A4	
0163-3864	JOURNAL OF NATURAL PRODUCTS (PRINT)	A1	
0967-0335	JOURNAL OF NEAR INFRARED SPECTROSCOPY	B1	
1355-1841	JOURNAL OF NEONATAL NURSING	A2	
1084-8045	JOURNAL OF NETWORK AND COMPUTER APPLICATIONS	A1	
1064-7570	JOURNAL OF NETWORK AND SYSTEMS MANAGEMENT	A2	
1573-7705	JOURNAL OF NETWORK AND SYSTEMS MANAGEMENT	A2	
1741-2560	JOURNAL OF NEURAL ENGINEERING (PRINT)	A2	
0300-9564	JOURNAL OF NEURAL TRANSMISSION	A2	
0022-3042	JOURNAL OF NEUROCHEMISTRY	A2	
1743-0003	JOURNAL OF NEUROENGINEERING AND REHABILITATION	A1	
1051-2284	JOURNAL OF NEUROIMAGING	A3	
0165-5728	JOURNAL OF NEUROIMMUNOLOGY (PRINT)	A3	
1742-2094	JOURNAL OF NEUROINFLAMMATION	A1	
2454-4981	JOURNAL OF NEUROLOGY AND NEUROLOGICAL DISORDERS	B4	
2171-6625	JOURNAL OF NEUROLOGY AND NEUROSCIENCE	B4	
0022-3050	JOURNAL OF NEUROLOGY, NEUROSURGERY AND PSYCHIATRY	A1	
0340-5354	JOURNAL OF NEUROLOGY (PRINT)	A1	
1070-8022	JOURNAL OF NEURO-OPHTHALMOLOGY	A4	
0165-0270	JOURNAL OF NEUROSCIENCE METHODS	A3	
1937-321X	JOURNAL OF NEUROSCIENCE, PSYCHOLOGY, AND ECONOMICS	A4	
0360-4012	JOURNAL OF NEUROSCIENCE RESEARCH	A2	
1933-0707	JOURNAL OF NEUROSURGERY. PEDIATRICS	A3	
1547-5654	JOURNAL OF NEUROSURGERY. SPINE	A2	
1355-0284	JOURNAL OF NEUROVIROLOGY	A2	
1480-2422	JOURNAL OF NEW MATERIALS FOR ELECTROCHEMICAL SYSTEMS	B2	
0929-8215	JOURNAL OF NEW MUSIC RESEARCH	A1	
0022-3093	JOURNAL OF NON-CRYSTALLINE SOLIDS	A2	
0377-0257	JOURNAL OF NON-NEWTONIAN FLUID MECHANICS (PRINT)	A2	
2673-4362	JOURNAL OF NUCLEAR ENGINEERING (ONLINE)	B1	
2236-1987	JOURNAL OF NURSING AND HEALTH	B1	
2345-5756	JOURNAL OF NURSING AND MIDWIFERY SCIENCES (PRINT)	B2	
1365-2834	JOURNAL OF NURSING MANAGEMENT	A1	
1061-3749	JOURNAL OF NURSING MEASUREMENT	A4	
2352-3859	JOURNAL OF NUTRITION & INTERMEDIARY METABOLISM	A4	
2393-9060	JOURNAL OF NUTRITION AND HEALTH SCIENCES	B2	
2090-0732	JOURNAL OF NUTRITION AND METABOLISM	A3	
1499-4046	JOURNAL OF NUTRITION EDUCATION AND BEHAVIOR	A3	
1760-4788	JOURNAL OF NUTRITION HEALTH & AGING	A2	
0955-2863	JOURNAL OF NUTRITIONAL BIOCHEMISTRY	A1	
2048-6790	JOURNAL OF NUTRITIONAL SCIENCE	A4	
2508-6235	JOURNAL OF OBESITY & METABOLIC SYNDROME	A3	
2090-0708	JOURNAL OF OBESITY (PRINT)	A2	
1545-9624	JOURNAL OF OCCUPATIONAL AND ENVIRONMENTAL HYGIENE (PRINT)	A4	
1536-5948	JOURNAL OF OCCUPATIONAL AND ENVIRONMENTAL MEDICINE	A2	
1076-2752	JOURNAL OF OCCUPATIONAL AND ENVIRONMENTAL MEDICINE	A2	
2158-1576	JOURNAL OF OCCUPATIONAL SCIENCE	A2	
1442-7591	JOURNAL OF OCCUPATIONAL SCIENCE	A2	
1345-8957	JOURNAL OF OLEO SCIENCE	B1	
1687-8469	JOURNAL OF ONCOLOGY	C	
1078-1552	JOURNAL OF ONCOLOGY PHARMACY PRACTICE	B1	
2199-8531	JOURNAL OF OPEN INNOVATION: TECHNOLOGY, MARKET, AND COMPLEXITY (JOITMC)	A1	
2577-3569	JOURNAL OF OPEN SOURCE EDUCATION	B4	
2959-0108	JOURNAL OF OPERATIONAL AND STRATEGIC ANALYTICS (JOSA) (ONLINE)	B4	
2008-2010	JOURNAL OF OPHTHALMIC & VISION RESEARCH	A3	
1943-0620	JOURNAL OF OPTICAL COMMUNICATIONS AND NETWORKING (PRINT)	A2	
0022-3239	JOURNAL OF OPTIMIZATION THEORY AND APPLICATIONS	A2	
2333-0384	JOURNAL OF ORAL & FACIAL PAIN AND HEADACHE	A1	
2029-283X	JOURNAL OF ORAL AND MAXILLOFACIAL RESEARCH	B2	
2212-5558	JOURNAL OF ORAL AND MAXILLOFACIAL SURGERY, MEDICINE, AND PATHOLOGY	B2	
0278-2391	JOURNAL OF ORAL AND MAXILLOFACIAL SURGERY (PRINT)	A2	
2212-4268	JOURNAL OF ORAL BIOLOGY AND CRANIOFACIAL RESEARCH	A2	
2525-5711	JOURNAL OF ORAL DIAGNOSIS - JORDI	B4	
1548-1336	JOURNAL OF ORAL IMPLANTOLOGY	A4	
2000-2297	JOURNAL OF ORAL MICROBIOLOGY (ONLINE)	A1	
0904-2512	JOURNAL OF ORAL PATHOLOGY & MEDICINE	A1	
1600-0714	JOURNAL OF ORAL PATHOLOGY & MEDICINE (ONLINE)	A1	
1365-2842	JOURNAL OF ORAL REHABILITATION	A2	
0305-182X	JOURNAL OF ORAL REHABILITATION (PRINT)	A2	
0719-2479	JOURNAL OF ORAL RESEARCH	B3	
1343-4934	JOURNAL OF ORAL SCIENCE	A3	
0022-3263	JOURNAL OF ORGANIC CHEMISTRY	A2	
1520-6904	JOURNAL OF ORGANIC CHEMISTRY (ONLINE)	A2	
1546-2234	JOURNAL OF ORGANIZATIONAL AND END USER COMPUTING	A2	
1434-5293	JOURNAL OF OROFACIAL ORTHOPEDICS (PRINT)	A2	
1465-3125	JOURNAL OF ORTHODONTICS (PRINT)	A3	
0736-0266	JOURNAL OF ORTHOPAEDIC RESEARCH	A2	
1749-799X	JOURNAL OF ORTHOPAEDIC SURGERY AND RESEARCH	A2	
0972-978X	JOURNAL OF ORTHOPAEDICS	A3	
2090-8059	JOURNAL OF OSTEOPOROSIS	C	
1034-4810	JOURNAL OF PAEDIATRICS AND CHILD HEALTH (PRINT)	A4	
1939-5914	JOURNAL OF PAIN MANAGEMENT	B2	
1178-7090	JOURNAL OF PAIN RESEARCH	A3	
0022-3360	JOURNAL OF PALEONTOLOGY	A4	
1096-6218	JOURNAL OF PALLIATIVE MEDICINE	A2	
0743-7315	JOURNAL OF PARALLEL AND DISTRIBUTED COMPUTING (PRINT)	A1	
0971-7196	JOURNAL OF PARASITIC DISEASES	B1	
2383-7837	JOURNAL OF PATHOLOGY AND TRANSLATIONAL MEDICINE	A2	
2374-3735	JOURNAL OF PATIENT EXPERIENCE	B1	
1549-8417	JOURNAL OF PATIENT SAFETY	A2	
0306-6150	JOURNAL OF PEASANT STUDIES	A1	
0334-018X	JOURNAL OF PEDIATRIC ENDOCRINOLOGY & METABOLISM	A4	
2191-0251	JOURNAL OF PEDIATRIC ENDOCRINOLOGY AND METABOLISM (ONLINE)	A4	
0277-2116	JOURNAL OF PEDIATRIC GASTROENTEROLOGY AND NUTRITION	A2	
2146-4596	JOURNAL OF PEDIATRIC GENETICS	B3	
1077-4114	JOURNAL OF PEDIATRIC HEMATOLOGY/ONCOLOGY (PRINT)	B1	
0882-5963	JOURNAL OF PEDIATRIC NURSING	A1	
0022-3468	JOURNAL OF PEDIATRIC SURGERY (PRINT)	A2	
1477-5131	JOURNAL OF PEDIATRIC UROLOGY (PRINT)	A3	
2281-0692	JOURNAL OF PEDIATRICS AND NEONATAL INDIVIDUALIZED MEDICINE	B2	
0300-5577	JOURNAL OF PERINATAL MEDICINE	A2	
0022-3484	JOURNAL OF PERIODONTAL RESEARCH	A1	
1600-0765	JOURNAL OF PERIODONTAL RESEARCH	A1	
1943-3670	JOURNAL OF PERIODONTOLOGY	A1	
0022-3492	JOURNAL OF PERIODONTOLOGY (1970)	A1	
0885-3134	JOURNAL OF PERSONAL SELLING & SALES MANAGEMENT	A1	
2075-4426	JOURNAL OF PERSONALIZED MEDICINE	A2	
2594-8040	JOURNAL OF PERSPECTIVES IN MANAGEMENT	B2	
1612-4758	JOURNAL OF PEST SCIENCE (2004. PRINT)	A1	
2190-0558	JOURNAL OF PETROLEUM EXPLORATION AND PRODUCTION TECHNOLOGY	A2	
0920-4105	JOURNAL OF PETROLEUM SCIENCE & ENGINEERING	A1	
2095-1779	JOURNAL OF PHARMACEUTICAL ANALYSIS	A1	
0731-7085	JOURNAL OF PHARMACEUTICAL AND BIOMEDICAL ANALYSIS (PRINT)	A2	
2630-533X	JOURNAL OF PHARMACEUTICAL AND BIOPHARMACEUTICAL RESEARCH	B3	
1872-5120	JOURNAL OF PHARMACEUTICAL INNOVATION	A4	
0022-3549	JOURNAL OF PHARMACEUTICAL SCIENCES	A2	
2637-7160	JOURNAL OF PHARMACEUTICAL SCIENCES AND EXPERIMENTAL PHARMACOLOGY	C	
1482-1826	JOURNAL OF PHARMACY & PHARMACEUTICAL SCIENCES	A2	
2278-3008	JOURNAL OF PHARMACY AND BIOLOGICAL SCIENCES	C	
2328-2150	JOURNAL OF PHARMACY AND PHARMACOLOGY	A3	
0022-3573	JOURNAL OF PHARMACY AND PHARMACOLOGY	A3	
2042-7158	JOURNAL OF PHARMACY AND PHARMACOLOGY	A3	
1053-8364	JOURNAL OF PHILOSOPHICAL RESEARCH	B1	
2666-4690	JOURNAL OF PHOTOCHEMISTRY AND PHOTOBIOLOGY	B1	
1010-6030	JOURNAL OF PHOTOCHEMISTRY AND PHOTOBIOLOGY. A, CHEMISTRY	A2	
1011-1344	JOURNAL OF PHOTOCHEMISTRY AND PHOTOBIOLOGY. B, BIOLOGY	A1	
1543-3080	JOURNAL OF PHYSICAL ACTIVITY & HEALTH	A2	
1520-6106	JOURNAL OF PHYSICAL CHEMISTRY. B	A2	
1932-7447	JOURNAL OF PHYSICAL CHEMISTRY. C	A2	
1932-7455	JOURNAL OF PHYSICAL CHEMISTRY. C. (ONLINE)	A2	
1948-7185	JOURNAL OF PHYSICAL CHEMISTRY LETTERS	A1	
2247-8051	JOURNAL OF PHYSICAL EDUCATION AND SPORT	A4	
2247-806X	JOURNAL OF PHYSICAL EDUCATION AND SPORT	A4	
2448-2455	JOURNAL OF PHYSICAL EDUCATION (ONLINE)	B1	
1751-8113	JOURNAL OF PHYSICS. A, MATHEMATICAL AND THEORETICAL (PRINT)	A2	
0022-3697	JOURNAL OF PHYSICS AND CHEMISTRY OF SOLIDS	A2	
2754-4753	JOURNAL OF PHYSICS AND OPTICS SCIENCES	C	
2632-072X	JOURNAL OF PHYSICS: COMPLEXITY	A1	
0953-8984	JOURNAL OF PHYSICS. CONDENSED MATTER (PRINT)	A3	
1742-6596	JOURNAL OF PHYSICS. CONFERENCE SERIES (ONLINE)	B4	
1742-6588	JOURNAL OF PHYSICS. CONFERENCE SERIES (PRINT)	B4	
0022-3727	JOURNAL OF PHYSICS. D, APPLIED PHYSICS (PRINT)	A2	
2515-7647	JOURNAL OF PHYSICS: PHOTONICS	A1	
0022-3751	JOURNAL OF PHYSIOLOGY (LONDON. PRINT)	A1	
1836-9553	JOURNAL OF PHYSIOTHERAPY	A1	
0931-1785	JOURNAL OF PHYTOPATHOLOGY (1986)	A3	
1600-079X	JOURNAL OF PINEAL RESEARCH (ONLINE)	A1	
2006-9758	JOURNAL OF PLANT BREEDING AND CROP SCIENCE	B3	
1861-3829	JOURNAL OF PLANT DISEASES AND PROTECTION (2006. PRINT)	A2	
1752-9921	JOURNAL OF PLANT ECOLOGY (PRINT)	A1	
1435-8107	JOURNAL OF PLANT GROWTH REGULATION	A1	
0721-7595	JOURNAL OF PLANT GROWTH REGULATION (PRINT)	A1	
0190-4167	JOURNAL OF PLANT NUTRITION	A2	
2239-7264	JOURNAL OF PLANT PATHOLOGY	A3	
1125-4653	JOURNAL OF PLANT PATHOLOGY	A3	
0176-1617	JOURNAL OF PLANT PHYSIOLOGY (PRINT)	A1	
1899-007X	JOURNAL OF PLANT PROTECTION RESEARCH (ONLINE)	B1	
0918-9440	JOURNAL OF PLANT RESEARCH	A2	
2575-0135	JOURNAL OF PLANT SCIENCE AND PHYTOPATHOLOGY	B3	
1748-6815	JOURNAL OF PLASTIC, RECONSTRUCTIVE & AESTHETIC SURGERY	A3	
1073-0451	JOURNAL OF POLITICAL ECOLOGY	A2	
1920-7603	JOURNAL OF POLLINATION ECOLOGY	B1	
0334-6447	JOURNAL OF POLYMER ENGINEERING	B1	
1022-9760	JOURNAL OF POLYMER RESEARCH	A4	
2642-4169	JOURNAL OF POLYMER SCIENCE (ONLINE)	A3	
1566-2543	JOURNAL OF POLYMERS AND THE ENVIRONMENT	A1	
0022-3840	JOURNAL OF POPULAR CULTURE	A3	
1874-7876	JOURNAL OF POPULATION AGEING	A1	
1380-2224	JOURNAL OF POROUS MATERIALS	A2	
1091-028X	JOURNAL OF POROUS MEDIA	A3	
2397-5563	JOURNAL OF PORTUGUESE LINGUISTICS	B1	
0160-3477	JOURNAL OF POST KEYNESIAN ECONOMICS	A1	
1087-5549	JOURNAL OF POVERTY	A3	
2327-5901	JOURNAL OF POWER AND ENERGY ENGINEERING	C	
0378-7753	JOURNAL OF POWER SOURCES (PRINT)	A1	
0378-2166	JOURNAL OF PRAGMATICS	A1	
1898-2395	JOURNAL OF PRE-CLINICAL AND CLINICAL RESEARCH	B1	
0094-9930	JOURNAL OF PRESSURE VESSEL TECHNOLOGY	B1	
2150-1319	JOURNAL OF PRIMARY CARE & COMMUNITY HEALTH	A1	
0959-1524	JOURNAL OF PROCESS CONTROL	A1	
2595-9573	JOURNAL OF PRODUCTION AND AUTOMATION	B3	
2371-8374	JOURNAL OF PROJECT MANAGEMENT	A2	
1097-6841	JOURNAL OF PROSTHETIC DENTISTRY	A1	
1534-6331	JOURNAL OF PROSTHETICS AND ORTHOTICS	B2	
1883-1958	JOURNAL OF PROSTHODONTIC RESEARCH	A1	
1532-849X	JOURNAL OF PROSTHODONTICS (ONLINE)	A1	
1059-941X	JOURNAL OF PROSTHODONTICS (PRINT)	A1	
1874-3919	JOURNAL OF PROTEOMICS (PRINT)	A2	
1662-9981	JOURNAL OF PSEUDO-DIFFERENTIAL OPERATORS AND APPLICATIONS	A3	
0022-3956	JOURNAL OF PSYCHIATRIC RESEARCH	A2	
2572-519X	JOURNAL OF PSYCHIATRY AND PSYCHIATRIC DISORDERS	B4	
2373-6445	JOURNAL OF PSYCHOLOGY & CLINICAL PSYCHIATRY	B2	
0882-2689	JOURNAL OF PSYCHOPATHOLOGY AND BEHAVIORAL ASSESSMENT	A3	
0269-8811	JOURNAL OF PSYCHOPHARMACOLOGY (OXFORD)	A1	
1461-7285	JOURNAL OF PSYCHOPHARMACOLOGY (OXFORD. ONLINE)	A1	
1478-6737	JOURNAL OF PSYCHOSOCIAL STUDIES	A3	
0022-3999	JOURNAL OF PSYCHOSOMATIC RESEARCH	A1	
2161-7104	JOURNAL OF PUBLIC ADMINISTRATION AND GOVERNANCE	B2	
2515-6926	JOURNAL OF PUBLIC FINANCE AND PUBLIC CHOICE (JPFPC)	B2	
2198-1833	JOURNAL OF PUBLIC HEALTH: FROM THEORY TO PRACTICE	A4	
1741-3850	JOURNAL OF PUBLIC HEALTH (ONLINE)	A1	
0197-5897	JOURNAL OF PUBLIC HEALTH POLICY	A4	
1741-3842	JOURNAL OF PUBLIC HEALTH (PRINT)	A1	
1746-5729	JOURNAL OF PUBLIC MENTAL HEALTH	B1	
0743-9156	JOURNAL OF PUBLIC POLICY & MARKETING	A1	
0143-814X	JOURNAL OF PUBLIC POLICY (PRINT)	A2	
1535-0118	JOURNAL OF PUBLIC PROCUREMENT	A3	
2639-9954	JOURNAL OF PULMONOLOGY AND RESPIRATORY RESEARCH	B4	
1355-2511	JOURNAL OF QUALITY IN MAINTENANCE ENGINEERING	A3	
2673-8813	JOURNAL OF QUANTITATIVE DESCRIPTION: DIGITAL MEDIA	A4	
0022-4073	JOURNAL OF QUANTITATIVE SPECTROSCOPY & RADIATIVE TRANSFER	A2	
0236-5731	JOURNAL OF RADIOANALYTICAL AND NUCLEAR CHEMISTRY (PRINT)	A4	
0952-4746	JOURNAL OF RADIOLOGICAL PROTECTION (PRINT)	A4	
0377-0486	JOURNAL OF RAMAN SPECTROSCOPY	A3	
1097-4555	JOURNAL OF RAMAN SPECTROSCOPY (ONLINE)	A3	
2319-1023	JOURNAL OF RAMANUJAN SOCIETY OF MATHEMATICS & MATHEMATICAL SCIENCES	B3	
1002-0721	JOURNAL OF RARE EARTHS	A1	
1861-8219	JOURNAL OF REAL-TIME IMAGE PROCESSING	A3	
2988-4799	JOURNAL OF REGIONAL AND RURAL STUDIES (ONLIINE)	B2	
1650-1977	JOURNAL OF REHABILITATION MEDICINE (PRINT)	A1	
1533-2675	JOURNAL OF RELATIONSHIP MARKETING (ONLINE)	A2	
0022-4197	JOURNAL OF RELIGION AND HEALTH	A1	
0022-4200	JOURNAL OF RELIGION IN AFRICA (PRINT)	B1	
1755-6678	JOURNAL OF RENAL CARE (ENGLISH ED. PRINT)	A1	
2423-6438	JOURNAL OF RENAL ENDOCRINOLOGY	B2	
1051-2276	JOURNAL OF RENAL NUTRITION (PRINT)	A2	
2164-6341	JOURNAL OF RENEWABLE MATERIALS	A3	
0264-6838	JOURNAL OF REPRODUCTIVE AND INFANT PSYCHOLOGY	A2	
0165-0378	JOURNAL OF REPRODUCTIVE IMMUNOLOGY	A2	
2574-2574	JOURNAL OF REPRODUCTIVE MEDICINE GYNAECOLOGY & OBSTETRICS	B3	
2675-8229	JOURNAL OF RESEARCH AND KNOWLEDGE SPREADING	B2	
1471-5201	JOURNAL OF RESEARCH IN MARKETING AND ENTREPRENEURSHIP	A1	
0092-6566	JOURNAL OF RESEARCH IN PERSONALITY (PRINT)	A2	
1050-8392	JOURNAL OF RESEARCH ON ADOLESCENCE	A1	
2238-4677	JOURNAL OF RESPIRATORY AND CARDIOVASCULAR PHYSICAL THERAPY	B4	
0969-6989	JOURNAL OF RETAILING AND CONSUMER SERVICES	A1	
0315-162X	JOURNAL OF RHEUMATOLOGY	A3	
1911-8074	JOURNAL OF RISK AND FINANCIAL MANAGEMENT (VERSÃO DIGITAL)	C	
1366-9877	JOURNAL OF RISK RESEARCH (PRINT)	A1	
2715-5056	JOURNAL OF ROBOTICS AND CONTROL	A3	
1712-8277	JOURNAL OF RURAL AND COMMUNITY DEVELOPMENT	B1	
0743-0167	JOURNAL OF RURAL STUDIES	A1	
1319-6103	JOURNAL OF SAUDI CHEMICAL SOCIETY	A2	
2965-4505	JOURNAL OF SCIENCE & SUSTAINABLE ENGINEERING (JSSE) (ONLINE)	B4	
2468-2179	JOURNAL OF SCIENCE: ADVANCED MATERIALS AND DEVICES (ONLINE)	A1	
1440-2440	JOURNAL OF SCIENCE AND MEDICINE IN SPORT	A1	
2183-0088	JOURNAL OF SCIENCE AND TECHNOLOGY OF THE ARTS	A4	
2053-4620	JOURNAL OF SCIENCE AND TECHNOLOGY POLICY MANAGEMENT	A2	
1824-2049	JOURNAL OF SCIENCE COMMUNICATION	A1	
2096-6709	JOURNAL OF SCIENCE IN SPORT AND EXERCISE (PRINT)	A4	
0885-7474	JOURNAL OF SCIENTIFIC COMPUTING	A1	
2320-0057	JOURNAL OF SCIENTOMETRIC RESEARCH	C	
2321-6654	JOURNAL OF SCIENTOMETRIC RESEARCH (PRINT)	C	
1385-1101	JOURNAL OF SEA RESEARCH (DEN BURG. PRINT)	A3	
2317-1537	JOURNAL OF SEED SCIENCE	A4	
2317-1545	JOURNAL OF SEED SCIENCE (ONLINE)	A4	
1383-4649	JOURNAL OF SEISMOLOGY	A4	
1687-725X	JOURNAL OF SENSORS	A3	
0887-8250	JOURNAL OF SENSORY STUDIES	A4	
1745-459X	JOURNAL OF SENSORY STUDIES (ONLINE)	A4	
1615-9314	JOURNAL OF SEPARATION SCIENCE (INTERNET)	A3	
1940-9893	JOURNAL OF SERVICE SCIENCE AND MANAGEMENT	B3	
2055-6225	JOURNAL OF SERVICE THEORY AND PRACTICE	A2	
1747-7778	JOURNAL OF SIMULATION (PRINT)	A2	
1365-2869	JOURNAL OF SLEEP RESEARCH	A1	
2765-7272	JOURNAL OF SMART TOURISM	B1	
0916-8737	JOURNAL OF SMOOTH MUSCLE RESEARCH	B3	
2199-6873	JOURNAL OF SOCIAL AND ECONOMIC DEVELOPMENT (ONLINE)	A1	
1948-3260	JOURNAL OF SOCIAL, BEHAVIORAL, AND HEALTH SCIENCES	B2	
1573-658X	JOURNAL OF SOCIAL DISTRESS AND HOMELESSNESS (ONLINE)	B2	
1942-0684	JOURNAL OF SOCIAL ENTREPRENEURSHIP	A1	
0022-4537	JOURNAL OF SOCIAL ISSUES (PRINT)	A1	
2042-6763	JOURNAL OF SOCIAL MARKETING	A2	
2381-7771	JOURNAL OF SOCIAL SCIENCES AND HUMANITIES (ONLINE)	B2	
1945-3116	JOURNAL OF SOFTWARE ENGINEERING AND APPLICATIONS (PRINT)	B3	
2195-1721	JOURNAL OF SOFTWARE ENGINEERING RESEARCH AND DEVELOPMENT	A4	
2047-7481	JOURNAL OF SOFTWARE: EVOLUTION AND PROCESS	A4	
0718-9508	JOURNAL OF SOIL SCIENCE AND PLANT NUTRITION	A1	
0718-9516	JOURNAL OF SOIL SCIENCE AND PLANT NUTRITION (ONLINE)	A1	
1439-0108	JOURNAL OF SOILS AND SEDIMENTS (PRINT)	A1	
1573-4846	JOURNAL OF SOL-GEL SCIENCE AND TECHNOLOGY	A3	
0928-0707	JOURNAL OF SOL-GEL SCIENCE AND TECHNOLOGY	A3	
0022-4596	JOURNAL OF SOLID STATE CHEMISTRY (PRINT)	A2	
1433-0768	JOURNAL OF SOLID STATE ELECTROCHEMISTRY	A3	
1432-8488	JOURNAL OF SOLID STATE ELECTROCHEMISTRY (PRINT)	A3	
0095-9782	JOURNAL OF SOLUTION CHEMISTRY	B2	
0022-460X	JOURNAL OF SOUND AND VIBRATION	A1	
0895-9811	JOURNAL OF SOUTH AMERICAN EARTH SCIENCES	A2	
2115-7251	JOURNAL OF SPACE WEATHER AND SPACE CLIMATE	A2	
2183-1912	JOURNAL OF SPATIAL AND ORGANIZATIONAL DYNAMICS (ONLINE)	A4	
1092-4388	JOURNAL OF SPEECH, LANGUAGE, AND HEARING RESEARCH (PRINT)	A1	
2687-8046	JOURNAL OF SPINE RESEARCH AND SURGERY	B3	
1543-2904	JOURNAL OF SPORT & EXERCISE PSYCHOLOGY (ONLINE : HUMAN KINETICS)	A4	
1989-6239	JOURNAL OF SPORT AND HEALTH RESEARCH	B1	
2095-2546	JOURNAL OF SPORT AND HEALTH SCIENCE	A1	
1056-6716	JOURNAL OF SPORT REHABILITATION	A3	
0022-4707	JOURNAL OF SPORTS MEDICINE AND PHYSICAL FITNESS (TESTO STAMPATO)	A4	
2573-1726	JOURNAL OF SPORTS MEDICINE AND THERAPY	B4	
1303-2968	JOURNAL OF SPORTS SCIENCE AND MEDICINE	A2	
0264-0414	JOURNAL OF SPORTS SCIENCES (PRINT)	A1	
0094-9655	JOURNAL OF STATISTICAL COMPUTATION AND SIMULATION (PRINT)	A4	
1742-5468	JOURNAL OF STATISTICAL MECHANICS	A2	
1559-8608	JOURNAL OF STATISTICAL THEORY AND PRACTICE	B2	
0972-0510	JOURNAL OF STATISTICS AND MANAGEMENT SYSTEMS	A4	
0960-0760	JOURNAL OF STEROID BIOCHEMISTRY AND MOLECULAR BIOLOGY	A2	
0022-474X	JOURNAL OF STORED PRODUCTS RESEARCH	A1	
0309-3247	JOURNAL OF STRAIN ANALYSIS FOR ENGINEERING DESIGN	A3	
2055-5644	JOURNAL OF STRATEGIC CONTRACTING AND NEGOTIATION	A4	
1052-3057	JOURNAL OF STROKE AND CEREBROVASCULAR DISEASES (PRINT)	A2	
1047-8477	JOURNAL OF STRUCTURAL BIOLOGY (PRINT)	A3	
0191-8141	JOURNAL OF STRUCTURAL GEOLOGY	A1	
2162-6952	JOURNAL OF STUDIES IN EDUCATION	A4	
1465-9891	JOURNAL OF SUBSTANCE USE	B1	
0920-8542	JOURNAL OF SUPERCOMPUTING	A2	
1557-1939	JOURNAL OF SUPERCONDUCTIVITY AND NOVEL MAGNETISM	A4	
1557-1947	JOURNAL OF SUPERCONDUCTIVITY AND NOVEL MAGNETISM (ONLINE)	A4	
0896-8446	JOURNAL OF SUPERCRITICAL FLUIDS	A1	
2340-6720	JOURNAL OF SUPRANATIONAL POLICIES OF EDUCATION	B2	
1097-3958	JOURNAL OF SURFACTANTS AND DETERGENTS	A4	
2575-9760	JOURNAL OF SURGERY	B4	
1096-9098	JOURNAL OF SURGICAL ONCOLOGY	A2	
0022-4790	JOURNAL OF SURGICAL ONCOLOGY (PRINT)	A2	
0733-9453	JOURNAL OF SURVEYING ENGINEERING	A4	
2797-7137	JOURNAL OF SUSTAINABILITY PERSPECTIVES	B4	
1913-9071	JOURNAL OF SUSTAINABLE DEVELOPMENT	A3	
1848-9257	JOURNAL OF SUSTAINABLE DEVELOPMENT OF ENERGY, WATER AND ENVIRONMENT SYSTEMS	A2	
1054-9811	JOURNAL OF SUSTAINABLE FORESTRY	A2	
2199-3823	JOURNAL OF SUSTAINABLE METALLURGY (IMPRESSO)	A2	
0966-9582	JOURNAL OF SUSTAINABLE TOURISM (PRINT)	A1	
2763-5171	JOURNAL OF SUSTAINABLE URBAN MOBILITY	B3	
1477-2019	JOURNAL OF SYSTEMATIC PALAEONTOLOGY (PRINT)	A1	
1674-4918	JOURNAL OF SYSTEMATICS AND EVOLUTION (PRINT)	A1	
1690-4524	JOURNAL OF SYSTEMICS, CYBERNETICS AND INFORMATICS	A4	
1383-7621	JOURNAL OF SYSTEMS ARCHITECTURE	A2	
1658-3612	JOURNAL OF TAIBAH UNIVERSITY MEDICAL SCIENCES	C	
2764-2224	JOURNAL OF TECHNOLOGY & INFORMATION	C	
1522-8835	JOURNAL OF TECHNOLOGY IN HUMAN SERVICES (PRINT)	A2	
0718-2724	JOURNAL OF TECHNOLOGY MANAGEMENT & INNOVATION	A4	
1357-633X	JOURNAL OF TELEMEDICINE AND TELECARE	A1	
2574-8114	JOURNAL OF TEXTILE ENGINEERING & FASHION TECHNOLOGY	B2	
2212-2672	JOURNAL OF THE ACADEMY OF NUTRITION AND DIETETICS	A1	
1050-0545	JOURNAL OF THE AMERICAN ACADEMY OF AUDIOLOGY	A3	
0190-9622	JOURNAL OF THE AMERICAN ACADEMY OF DERMATOLOGY	A1	
0002-7820	JOURNAL OF THE AMERICAN CERAMIC SOCIETY	A1	
0002-7863	JOURNAL OF THE AMERICAN CHEMICAL SOCIETY (PRINT)	A1	
0735-1097	JOURNAL OF THE AMERICAN COLLEGE OF CARDIOLOGY (PRINT)	A1	
0731-5724	JOURNAL OF THE AMERICAN COLLEGE OF NUTRITION	A3	
0002-8614	JOURNAL OF THE AMERICAN GERIATRICS SOCIETY	A1	
2047-9980	JOURNAL OF THE AMERICAN HEART ASSOCIATION	A2	
1525-8610	JOURNAL OF THE AMERICAN MEDICAL DIRECTORS ASSOCIATION (PRINT)	A1	
2769-7061	JOURNAL OF THE AMERICAN NUTRITION ASSOCIATION	A1	
2769-707X	JOURNAL OF THE AMERICAN NUTRITION ASSOCIATION (ONLINE)	A1	
0003-021X	JOURNAL OF THE AMERICAN OIL CHEMISTS' SOCIETY	A3	
1558-9331	JOURNAL OF THE AMERICAN OIL CHEMISTS' SOCIETY (ONLINE)	A3	
1044-0305	JOURNAL OF THE AMERICAN SOCIETY FOR MASS SPECTROMETRY	A2	
1046-6673	JOURNAL OF THE AMERICAN SOCIETY OF NEPHROLOGY	A1	
1533-3450	JOURNAL OF THE AMERICAN SOCIETY OF NEPHROLOGY (ONLINE)	A1	
2330-1643	JOURNAL OF THE ASSOCIATION FOR INFORMATION SCIENCE AND TECHNOLOGY	A1	
2510-1560	JOURNAL OF THE AUSTRALIAN CERAMIC SOCIETY	A4	
0103-5053	JOURNAL OF THE BRAZILIAN CHEMICAL SOCIETY (IMPRESSO)	A3	
1678-4790	JOURNAL OF THE BRAZILIAN CHEMICAL SOCIETY (ONLINE)	A3	
0104-6500	JOURNAL OF THE BRAZILIAN COMPUTER SOCIETY (IMPRESSO)	A3	
1678-4804	JOURNAL OF THE BRAZILIAN COMPUTER SOCIETY (ONLINE)	A3	
1678-5878	JOURNAL OF THE BRAZILIAN SOCIETY OF MECHANICAL SCIENCES AND ENGINEERING (IMPRESSO)	A3	
1806-3691	JOURNAL OF THE BRAZILIAN SOCIETY OF MECHANICAL SCIENCES AND ENGINEERING (ONLINE)	A3	
0013-4651	JOURNAL OF THE ELECTROCHEMICAL SOCIETY	A2	
2472-1972	JOURNAL OF THE ENDOCRINE SOCIETY	A4	
1743-9671	JOURNAL OF THE ENERGY INSTITUTE (PRINT)	A1	
0926-9959	JOURNAL OF THE EUROPEAN ACADEMY OF DERMATOLOGY AND VENEREOLOGY	A1	
0955-2219	JOURNAL OF THE EUROPEAN CERAMIC SOCIETY	A1	
1938-3711	JOURNAL OF THE EXPERIMENTAL ANALYSIS OF BEHAVIOR	A1	
0022-5002	JOURNAL OF THE EXPERIMENTAL ANALYSIS OF BEHAVIOR	A1	
0016-0032	JOURNAL OF THE FRANKLIN INSTITUTE	A2	
0016-7649	JOURNAL OF THE GEOLOGICAL SOCIETY (LONDON)	A2	
2595-1939	JOURNAL OF THE GEOLOGICAL SURVEY OF BRAZIL	B3	
0022-5010	JOURNAL OF THE HISTORY OF BIOLOGY	A3	
0019-4522	JOURNAL OF THE INDIAN CHEMICAL SOCIETY	A4	
0970-4388	JOURNAL OF THE INDIAN SOCIETY OF PEDODONTICS AND PREVENTIVE DENTISTRY	B2	
1466-2094	JOURNAL OF THE INTERNATIONAL ACADEMY OF PERIODONTOLOGY	B3	
2308-0310	JOURNAL OF THE INTERNATIONAL SOCIETY FOR TELEMEDICINE AND EHEALTH	B3	
1550-2783	JOURNAL OF THE INTERNATIONAL SOCIETY OF SPORTS NUTRITION	A1	
1735-207X	JOURNAL OF THE IRANIAN CHEMICAL SOCIETY (PRINT)	A4	
1868-7873	JOURNAL OF THE KNOWLEDGE ECONOMY (ONLINE)	C	
0025-3154	JOURNAL OF THE MARINE BIOLOGICAL ASSOCIATION OF THE UNITED KINGDOM (PRINT)	B1	
1751-6161	JOURNAL OF THE MECHANICAL BEHAVIOR OF BIOMEDICAL MATERIALS (PRINT)	A1	
1536-5050	JOURNAL OF THE MEDICAL LIBRARY ASSOCIATION	A2	
1923-4139	JOURNAL OF THE MOTHERHOOD INITIATIVE FOR RESEARCH AND COMMUNITY INVOLVEMENT	A4	
0027-9684	JOURNAL OF THE NATIONAL MEDICAL ASSOCIATION	A2	
0022-510X	JOURNAL OF THE NEUROLOGICAL SCIENCES	A2	
1878-5883	JOURNAL OF THE NEUROLOGICAL SCIENCES	A2	
0160-5682	JOURNAL OF THE OPERATIONAL RESEARCH SOCIETY	A1	
1084-7529	JOURNAL OF THE OPTICAL SOCIETY OF AMERICA. A, OPTICS, IMAGE SCIENCE, AND VISION	A4	
1520-8540	JOURNAL OF THE OPTICAL SOCIETY OF AMERICA. B, (ONLINE)	A3	
0740-3224	JOURNAL OF THE OPTICAL SOCIETY OF AMERICA. B, OPTICAL PHYSICS	A3	
2048-7193	JOURNAL OF THE PEDIATRIC INFECTIOUS DISEASES SOCIETY	A1	
1742-5662	JOURNAL OF THE ROYAL SOCIETY INTERFACE	A2	
1658-077X	JOURNAL OF THE SAUDI SOCIETY OF AGRICULTURAL SCIENCES	A1	
0022-5142	JOURNAL OF THE SCIENCE OF FOOD AND AGRICULTURE	A1	
1097-0010	JOURNAL OF THE SCIENCE OF FOOD AND AGRICULTURE (ONLINE)	A1	
0352-5139	JOURNAL OF THE SERBIAN CHEMICAL SOCIETY	B2	
0893-8849	JOURNAL OF THE WORLD AQUACULTURE SOCIETY	A2	
0718-1876	JOURNAL OF THEORETICAL AND APPLIED ELECTRONIC COMMERCE RESEARCH	C	
1068-8471	JOURNAL OF THEORETICAL AND PHILOSOPHICAL PSYCHOLOGY	B1	
0022-5193	JOURNAL OF THEORETICAL BIOLOGY	A2	
1388-6150	JOURNAL OF THERMAL ANALYSIS AND CALORIMETRY	A1	
1588-2926	JOURNAL OF THERMAL ANALYSIS AND CALORIMETRY (ONLINE)	A1	
0306-4565	JOURNAL OF THERMAL BIOLOGY	A1	
1948-5085	JOURNAL OF THERMAL SCIENCE AND ENGINEERING APPLICATIONS	A3	
1059-9630	JOURNAL OF THERMAL SPRAY TECHNOLOGY (PRINT)	A3	
0149-5739	JOURNAL OF THERMAL STRESSES	A4	
0892-7057	JOURNAL OF THERMOPLASTIC COMPOSITE MATERIALS	A2	
0974-7907	JOURNAL OF THREATENED TAXA	B3	
1538-7836	JOURNAL OF THROMBOSIS AND HAEMOSTASIS	A1	
2041-7314	JOURNAL OF TISSUE ENGINEERING	A1	
1932-7005	JOURNAL OF TISSUE ENGINEERING AND REGENERATIVE MEDICINE	A2	
2659-3580	JOURNAL OF TOURISM AND HERITAGE RESEARCH (ONLINE)	B1	
2795-5044	JOURNAL OF TOURISM, SUSTAINABILITY AND WELL-BEING	B1	
1528-7394	JOURNAL OF TOXICOLOGY AND ENVIRONMENTAL HEALTH. PART A: CURRENT ISSUES	A4	
1093-7404	JOURNAL OF TOXICOLOGY AND ENVIRONMENTAL HEALTH. PART B, CRITICAL REVIEWS	A1	
2006-9820	JOURNAL OF TOXICOLOGY AND ENVIRONMENTAL HEALTH SCIENCES	B3	
2773-0506	JOURNAL OF TRACE ELEMENTS AND MINERALS	B4	
0946-672X	JOURNAL OF TRACE ELEMENTS IN MEDICINE AND BIOLOGY	A2	
2225-4110	JOURNAL OF TRADITIONAL AND COMPLEMENTARY MEDICINE	A1	
1479-5876	JOURNAL OF TRANSLATIONAL MEDICINE (ONLINE)	A1	
2214-1405	JOURNAL OF TRANSPORT & HEALTH	A2	
0966-6923	JOURNAL OF TRANSPORT GEOGRAPHY	A1	
2167-1222	JOURNAL OF TRAUMA & TREATMENT	B1	
1195-1982	JOURNAL OF TRAVEL MEDICINE	A1	
0266-4674	JOURNAL OF TROPICAL ECOLOGY (PRINT)	B1	
0128-1283	JOURNAL OF TROPICAL FOREST SCIENCE	A4	
1465-3664	JOURNAL OF TROPICAL PEDIATRICS	A3	
2575-890X	JOURNAL OF TUMOR MEDICINE & PREVENTION (ONLINE)	C	
0278-4297	JOURNAL OF ULTRASOUND IN MEDICINE	A3	
0948-6968	JOURNAL OF UNIVERSAL COMPUTER SCIENCE	B1	
1982-3932	JOURNAL OF URBAN AND ENVIRONMENTAL ENGINEERING (UFPB)	B1	
1099-3460	JOURNAL OF URBAN HEALTH	A2	
0733-9488	JOURNAL OF URBAN PLANNING AND DEVELOPMENT	A2	
2675-780X	JOURNAL OF URBAN TECHNOLOGY AND SUSTAINABILITY	B2	
2157-7560	JOURNAL OF VACCINES & VACCINATION	B3	
2166-2746	JOURNAL OF VACUUM SCIENCE & TECHNOLOGY B, NANOTECHNOLOGY & MICROELECTRONICS	B1	
1948-7134	JOURNAL OF VECTOR ECOLOGY	A4	
0272-4634	JOURNAL OF VERTEBRATE PALEONTOLOGY	A4	
1558-7878	JOURNAL OF VETERINARY BEHAVIOR	A2	
0898-7564	JOURNAL OF VETERINARY DENTISTRY	B2	
0748-321X	JOURNAL OF VETERINARY MEDICAL EDUCATION	A4	
1347-7439	JOURNAL OF VETERINARY MEDICAL SCIENCE (ONLINE)	A3	
2378-931X	JOURNAL OF VETERINARY MEDICINE AND RESEARCH	C	
0140-7783	JOURNAL OF VETERINARY PHARMACOLOGY AND THERAPEUTICS (PRINT)	A2	
1077-5463	JOURNAL OF VIBRATION AND CONTROL	A2	
2523-3939	JOURNAL OF VIBRATION ENGINEERING & TECHNOLOGIES	A4	
1352-0504	JOURNAL OF VIRAL HEPATITIS (PRINT)	A3	
0166-0934	JOURNAL OF VIROLOGICAL METHODS	A4	
1098-5514	JOURNAL OF VIROLOGY (ONLINE)	A1	
1941-8477	JOURNAL OF VIRTUAL WORLDS RESEARCH	B3	
1047-3203	JOURNAL OF VISUAL COMMUNICATION AND IMAGE REPRESENTATION (PRINT)	A3	
1940-087X	JOURNAL OF VISUALIZED EXPERIMENTS	B1	
0892-1997	JOURNAL OF VOICE	A1	
1873-4588	JOURNAL OF VOICE	A1	
1477-8920	JOURNAL OF WATER AND HEALTH	A4	
2214-7144	JOURNAL OF WATER PROCESS ENGINEERING	A1	
0733-9496	JOURNAL OF WATER RESOURCES PLANNING AND MANAGEMENT	A2	
2043-9083	JOURNAL OF WATER, SANITATION AND HYGIENE FOR DEVELOPMENT	A3	
0090-3558	JOURNAL OF WILDLIFE DISEASES	A4	
0895-2841	JOURNAL OF WOMEN & AGING	A2	
2205-2062	JOURNAL OF WORK-APPLIED MANAGEMENT	A2	
1754-9957	JOURNAL OF WORLD ENERGY LAW AND BUSINESS (PRINT)	A3	
1076-156X	JOURNAL OF WORLD-SYSTEMS RESEARCH	A4	
0969-0700	JOURNAL OF WOUND CARE	A2	
1071-5754	JOURNAL OF WOUND, OSTOMY, AND CONTINENCE NURSING	A1	
2039-4713	JOURNAL OF XENOBIOTICS	A1	
2476-1303	JOURNAL OF YOGA AND PHYSIOTHERAPY	B3	
1042-7260	JOURNAL OF ZOO AND WILDLIFE MEDICINE	A4	
0952-8369	JOURNAL OF ZOOLOGY (1987)	A2	
1556-4673	JOURNAL ON COMPUTING AND CULTURAL HERITAGE (JOCCH)	A1	
2179-3565	JOURNAL ON INNOVATION AND SUSTAINABILITY	B1	
2763-7719	JOURNAL ON INTERACTIVE SYSTEMS (JIS)	A4	
1383-469X	JOURNAL ON SPECIAL TOPICS IN MOBILE NETWORKS AND APPLICATIONS	A2	
1533-4112	JOURNAL OS ECT	A4	
2572-9861	JOURNAL TAPUYA: LATIN AMERICAN SCIENCE, TECHNOLOGY AND SOCIETY	A1	
1751-2786	JOURNALISM PRACTICE	A1	
1469-9699	JOURNALISM STUDIES	A1	
1552-8030	JOURNALOF RELIGION, SPIRITUALITY AND AGING	A1	
2515-7639	JPHYS MATERIALS	A1	
2573-5098	JSFA REPORTS	C	
2666-2507	JTCVS TECHNIQUES	A4	
0022-6319	JUNGE KIRCHE	B4	
2595-1297	JUNGUIANA (ONLINE)	B1	
0103-0825	JUNGUIANA (SAO PAULO)	B1	
1794-2918	JURIDICAS	A2	
1413-3571	JURIS (FURG)	A4	
2448-0517	JURIS POIESIS	A3	
1645-9024	JUS SCRIPTUM'S INTERNATIONAL JOURNAL OF LAW (ONLINE)	B4	
2525-3883	JUSTIÇA & SOCIEDADE - REVISTA DO CURSO DE DIREITO DO IPA	B2	
1413-7038	JUSTIÇA DO DIREITO (UPF)	A2	
0103-5487	JUSTIÇA DO TRABALHO	B4	
2635-2338	JUSTICE, POWER AND RESISTANCE (ONLINE)	A2	
1676-7373	JUSTILEX (BRASÍLIA)	C	
1809-9564	JUVENTUDE.BR (CENTRO DE ESTUDOS E MEMÓRIA DA JUVENTUDE)	B3	
2184-3082	J2 (FUNCHAL)	C	
1647-659X	KAIROS. REVISTA DE FILOSOFIA & CIÊNCIA	B2	
1984-9206	KALAGATOS - REVISTA DE FILOSOFIA (VERSÃO ON-LINE)	A3	
1808-107X	KALAGATOS (UECE)	A3	
1677-163X	KANT E-PRINTS (ONLINE)	A2	
2405-6103	KARBALA INTERNATIONAL JOURNAL OF MODERN SCIENCE	A4	
0022-9032	KARDIOLOGIA POLSKA	A2	
2955-8697	KAYLLA, REVISTA DEPARTAMENTO ACADÉMICO DE ARTES ESCÉNICAS DE LA PONTIFICIA UNIVERSIDAD CATÓLICA DEL PERÚ (PUCP)	B4	
1662-9795	KEY ENGINEERING MATERIALS (ONLINE)	B3	
2763-5848	KEY-TITLE   REVISTA CONEXÃO COMCIÊNCIA	A4	
2447-2158	KHRONOS: REVISTA DE HISTÓRIA DA CIÊNCIA	A4	
2468-0249	KIDNEY INTERNATIONAL REPORTS	A1	
2641-7650	KIDNEY360	A2	
1331-1441	KINESIOLOGY (ZAGREB)	B1	
1984-8900	KÍNESIS (MARÍLIA)	A3	
0102-8308	KINESIS (SANTA MARIA)	B2	
0968-0160	KNEE (OXFORD)	A3	
2673-9585	KNOWLEDGE	B2	
0219-1377	KNOWLEDGE AND INFORMATION SYSTEMS (PRINT)	A3	
1092-4604	KNOWLEDGE AND PROCESS MANAGEMENT	A2	
2073-7904	KNOWLEDGE MANAGEMENT & E-LEARNING: AN INTERNATIONAL JOURNAL	A1	
1477-8238	KNOWLEDGE MANAGEMENT RESEARCH AND PRACTICE	A1	
0943-7444	KNOWLEDGE ORGANIZATION	A2	
0950-7051	KNOWLEDGE-BASED SYSTEMS	A1	
2317-5656	KOAN - REVISTA DE EDUCAÇÃO E COMPLEXIDADE	B3	
0171-0834	KODIKAS / CODE	C	
1229-6929	KOREAN JOURNAL OF RADIOLOGY	A1	
1850-3217	KRINEIN	B3	
1981-5336	KRITERION: REVISTA DE FILOSOFIA	A1	
2307-4116	KUWAIT JOURNAL OF SCIENCE (ONLINE)	A3	
2595-1033	KWANISSA	B3	
0368-492X	KYBERNETES	A1	
2453-188X	LA CHARRETTE	B4	
2421-3098	LA DELEUZIANA	B1	
2037-0431	LA FURIA UMANA	B2	
0031-4773	LA PENSÉE (PARIS)	B2	
0032-745X	LA PRENSA MEDICA ARGENTINA	C	
1989-2659	LA RAZÓN HISTÓRICA	A1	
1647-0117	LA RECHERCHE EN EDUCATION	B2	
2474-5197	LA REVISTA INTERNACIONAL DE LA IMAGEN	B4	
2264-119X	LA REVUE DES DROITS DE L’HOMME	A1	
2347-1085	LA RIVADA	B1	
2709-6556	LA SAETA UNIVERSITARIA ACADÉMICA Y DE INVESTIGACIÓN	B1	
1668-5628	LA TRAMA DE LA COMUNICACIÓN	B1	
1473-0197	LAB ON A CHIP (PRINT)	A1	
2176-8846	LABOR & ENGENHO	A3	
2595-847X	LABORARE	A3	
0023-6772	LABORATORY ANIMALS (LONDON)	A1	
1646-5237	LABOREAL (PORTO. ONLINE)	A4	
2359-6910	LABORHISTÓRICO	A3	
2038-386X	LABSUS (ONLINE)	C	
2447-2663	LACUNA - UMA REVISTA DE PSICANÁLISE	B2	
2744-9750	LADEE (ONLINE)	B1	
0101-0522	LAES/HAES	B4	
2965-4904	LAJE (ONLINE)	B2	
2764-9970	LAMPIAR (ONLINE)	B1	
0140-6736	LANCET (BRITISH EDITION)	A1	
1473-3099	LANCET. INFECTIOUS DISEASES (PRINT)	A1	
1474-4422	LANCET NEUROLOGY	A1	
1470-2045	LANCET ONCOLOGY	A1	
2073-445X	LAND	C	
1099-145X	LAND DEGRADATION & DEVELOPMENT	A1	
1085-3278	LAND DEGRADATION & DEVELOPMENT (PRINT)	A1	
0264-8377	LAND USE POLICY	A1	
2316-5847	LANDA	A3	
0921-2973	LANDSCAPE ECOLOGY	A1	
1520-5827	LANGMUIR	A2	
0743-7463	LANGMUIR	A2	
0271-5309	LANGUAGE & COMMUNICATION	A1	
1747-759X	LANGUAGE AND INTERCULTURAL COMMUNICATION	A1	
2183-3745	LANGUAGE AND LAW / LINGUAGEM E DIREITO	A2	
2096-031X	LANGUAGE AND SEMIOTIC STUDIES	B2	
0047-4045	LANGUAGE IN SOCIETY (LONDON. PRINT)	A1	
1574-020X	LANGUAGE RESOURCES AND EVALUATION	A1	
2226-471X	LANGUAGES	C	
1409-3871	LANKESTERIANA	B1	
0003-5521	L'ANTHROPOLOGIE (PARIS)	A1	
0898-5901	LASER THERAPY	A4	
2367-2587	LASERS IN DENTAL SCIENCE (ONLINE)	B2	
0268-8921	LASERS IN MEDICAL SCIENCE	A2	
1435-604X	LASERS IN MEDICAL SCIENCE (INTERNET)	A2	
1870-9095	LATIN - AMERICAN JOURNAL OF PHYSICS EDUCATION	A2	
1744-2222	LATIN AMERICAN AND CARIBBEAN ETHNIC STUDIES (PRINT)	A2	
2576-0947	LATIN AMERICAN AND LATINX VISUAL CULTURE	A3	
0327-0793	LATIN AMERICAN APPLIED RESEARCH	B2	
1528-6932	LATIN AMERICAN BUSINESS REVIEW (BINGHAMTON)	A3	
1097-8526	LATIN AMERICAN BUSINESS REVIEW (BINGHAMTON, N.Y.)	A3	
2763-9290	LATIN AMERICAN DATA IN SCIENCE	C	
2763-8162	LATIN AMERICAN HUMAN RIGHTS STUDIES	A4	
2236-1057	LATIN AMERICAN JOURNAL OF AQUATIC MAMMALS	B4	
0718-560X	LATIN AMERICAN JOURNAL OF AQUATIC RESEARCH	B2	
2178-4833	LATIN AMERICAN JOURNAL OF BUSINESS MANAGEMENT	B2	
2674-9297	LATIN AMERICAN JOURNAL OF DEVELOPMENT	C	
2358-2286	LATIN AMERICAN JOURNAL OF ENERGY RESEARCH	B2	
2763-8685	LATIN AMERICAN JOURNAL OF EUROPEAN STUDIES	A4	
2052-0344	LATIN AMERICAN JOURNAL OF MANAGEMENT FOR SUSTAINABLE DEVELOPMENT	B2	
2764-9652	LATIN AMERICAN JOURNAL OF PALLIATIVE CARE (ONLINE)	B4	
0326-2383	LATIN AMERICAN JOURNAL OF PHARMACY	B4	
2362-3853	LATIN AMERICAN JOURNAL OF PHARMACY	B4	
2007-9842	LATIN AMERICAN JOURNAL OF SCIENCE EDUCATION	A4	
1679-7825	LATIN AMERICAN JOURNAL OF SOLIDS AND STRUCTURES	A3	
0719-9112	LATIN AMERICAN LEGAL STUDIES	A3	
1552-678X	LATIN AMERICAN PERSPECTIVES	A1	
0094-582X	LATIN AMERICAN PERSPECTIVES	A1	
2041-7365	LATIN AMERICAN POLICY	A4	
1542-4278	LATIN AMERICAN RESEARCH REVIEW	A2	
2950-0249	LATIN AMERICAN TRANSPORT STUDIES (ONLINE)	B3	
1390-9134	LATIN-AMERICAN JOURNAL OF COMPUTING (LAJC) (ONLINE)	B1	
1390-9266	LATIN-AMERICAN JOURNAL OF COMPUTING (PRINT)	B1	
1983-5086	LATINIDADE (RIO DE JANEIRO)	B3	
2179-5428	LATITUDE	B2	
1981-5921	LATITUDE (UFAL)	B2	
1852-4435	LAVBORATORIO (EN LÍNEA)	A4	
2724-654X	LAWART	B2	
2075-471X	LAWS	A2	
0143-7739	LEADERSHIP & ORGANIZATION DEVELOPMENT JOURNAL	A1	
1543-4494	LEARNING & BEHAVIOR	B1	
0023-9690	LEARNING AND MOTIVATION (PRINT)	A3	
1676-2789	LEARNING AND NONLINEAR MODELS	B1	
1755-2273	LEARNING AND TEACHING	A2	
0969-6474	LEARNING ORGANIZATION	A2	
0023-6438	LEBENSMITTEL-WISSENSCHAFT + TECHNOLOGIE / FOOD SCIENCE + TECHNOLOGY	A1	
1514-3465	LECTURAS: EDUCACIÓN FÍSICA Y DEPORTES	B1	
0329-0069	LECTURAS EDUCACIÓN FÍSICA Y DEPORTES	B1	
2764-412X	LEETRA INDÍGENA (ONLINE)	B3	
3007-6455	LEGAL RESEARCH & ANALYSIS (ONLINE)	B3	
1676-5095	LÉGUA & MEIA	B2	
2177-0344	LÉGUA & MEIA	B2	
2358-5870	LEIA ESCOLA	B1	
0149-0400	LEISURE SCIENCES	A2	
1466-4496	LEISURE STUDIES	A2	
0261-4367	LEISURE STUDIES (PRINT)	A2	
1492-7713	LEISURE (WATERLOO)	A3	
0102-387X	LEITURA. TEORIA & PRÁTICA	A4	
2317-0972	LEITURA: TEORIA E PRÁTICA	A4	
0103-6858	LEITURA (UFAL)	A3	
1415-6245	LEITURAS DE ECONOMIA POLÍTICA (UNICAMP)	B4	
0013-7006	L'ENCÉPHALE (PARIS)	A3	
2413-2659	LENGUA Y SOCIEDAD ONLINE	A2	
0101-9635	LEOPOLDIANUM (UNISANTOS)	A4	
2162-8807	LEPROSY REVIEW	B3	
0870-6182	LER HISTÓRIA	A1	
1628-6731	LES CAHIERS ALHIM	A1	
2406-7202	LES CAHIERS DE MUSÉOLOGIE	B3	
2108-6605	LES CARNETS DU CEDISCOR	B1	
2039-2206	LESSICO DI ETICA PUBBLICA	B3	
1807-5193	LETRA MAGNA	B1	
2965-5005	LETRAMENTO SOCIOAMBIENTAL (ONLINE)	C	
1981-5239	LETRAS & LETRAS (ONLINE)	A3	
1984-7726	LETRAS DE HOJE (ONLINE)	A1	
2318-1788	LETRAS EM REVISTA	B2	
2238-8060	LETRAS ESCREVE	B2	
1984-4301	LETRÔNICA	A2	
1125-1743	LETTERATURE D'AMERICA	B3	
1472-765X	LETTERS APPLIED MICROBIOLOGY	B1	
0266-8254	LETTERS IN APPLIED MICROBIOLOGY	B1	
2284-6808	LETTERS IN APPLIED NANOBIOSCIENCE	B2	
1570-1808	LETTERS IN DRUG DESIGN & DISCOVERY	B1	
0145-2126	LEUKEMIA RESEARCH	B1	
2213-0489	LEUKEMIA RESEARCH REPORTS	B2	
2594-8261	LEX CULT	B2	
1480-1787	LEX ELECTRONICA (ONLINE)	B2	
2175-0947	LEX HUMANA	A3	
1646-0359	LEX MEDICINAE	A4	
2525-3166	LÍBERO	A4	
1980-8518	LIBERTAS (UFJF. ONLINE)	A2	
0737-8831	LIBRARY HI TECH	A1	
0024-2160	LIBRARY (LONDON)	A4	
2674-6409	LIBRO LEGIS	C	
1516-2168	LICERE - REVISTA DO PROGRAMA DE PÓS-GRADUAÇÃO INTERDISCIPLINAR EM ESTUDOS DO LAZER	B2	
1981-3171	LICERE (CENTRO DE ESTUDOS DE LAZER E RECREAÇÃO. ONLINE)	B2	
0024-2829	LICHENOLOGIST (LONDON)	A4	
2075-1729	LIFE	A2	
2575-1077	LIFE SCIENCE ALLIANCE	A2	
0024-3205	LIFE SCIENCES (1973)	A1	
2237-3756	LIFE STYLE	B2	
1477-1535	LIGHTING RESEARCH AND TECHNOLOGY (2001. PRINT)	A3	
1808-3536	LIINC EM REVISTA	A1	
0719-1758	LIMINALES. ESCRITOS SOBRE PSICOLOGÍA Y SOCIEDAD	B2	
1665-8027	LIMINAR ESTUDIOS SOCIALES Y HUMANÍSTICOS	A3	
0213-8409	LIMNÉTICA (MADRID)	A3	
0075-9511	LIMNOLOGICA (JENA)	A3	
0024-3590	LIMNOLOGY AND OCEANOGRAPHY	A1	
1939-5590	LIMNOLOGY AND OCEANOGRAPHY	A1	
1439-8621	LIMNOLOGY (TOKYO. PRINT)	A3	
2477-9415	LÍNEA IMAGINARIA	A4	
0024-3795	LINEAR ALGEBRA AND ITS APPLICATIONS	A2	
2317-2320	LINGU@ NOSTR@ - REVISTA VIRTUAL DE ESTUDOS DE GRAMÁTICA E DE LINGUÍSTICA	A4	
1519-4906	LÍNGUA E INSTRUMENTOS LINGUÍSTICOS	A2	
2237-2318	LINGUAGEM ACADÊMICA ¿ REVISTA DIGITAL CIENTÍFICA DO CENTRO UNIVERSITÁRIO CLARETIANO.	B1	
2237-8332	LINGUAGEM, EDUCAÇÃO E MEMÓRIA	B2	
1982-4017	LINGUAGEM EM (DIS)CURSO (ONLINE)	A1	
2176-7955	LINGUAGEM EM FOCO	A2	
1981-9943	LINGUAGENS : REVISTA DE LETRAS, ARTES E COMUNICAÇÃO (FURB)	B2	
1518-0743	LINGUAGENS, EDUCAÇÃO E SOCIEDADE	A2	
2526-8449	LINGUAGENS, EDUCAÇÃO E SOCIEDADE	A2	
1647-0818	LINGUAMÁTICA	A2	
1981-4755	LÍNGUAS & LETRAS (ONLINE)	A3	
2674-7375	LÍNGUAS E INSTRUMENTOS LINGUÍSTICOS	A2	
1983-6988	LINGUASAGEM (SÃO PAULO)	B1	
2525-3425	LÍNGUATEC	A4	
2544-6339	LINGUISTIC FRONTIERS	B2	
0120-5587	LINGUISTICA Y LITERATURA	A2	
2236-4242	LINHA D' ÁGUA	A2	
1980-9026	LINHA MESTRA (ASSOCIAÇÃO DE LEITURA DO BRASIL)	B1	
1981-0431	LINHAS CRÍTICAS (ONLINE)	A1	
1984-7238	LINHAS (FLORIANÓPOLIS. ONLINE)	A2	
2358-3657	LIPH SCIENCE - JOURNAL OF INTERDISCIPLINARY SCIENCES	B4	
1476-511X	LIPIDS IN HEALTH AND DISEASE	A2	
0267-8292	LIQUID CRYSTALS (PRINT)	A3	
2673-8015	LIQUIDS (ONLINE)	C	
1234-5679	LISTEK DEBOWY	B1	
2316-9826	LITERARTES	B2	
1679-849X	LITERATURA E AUTORITARISMO (UFSM)	B1	
1982-5625	LITERATURA EM DEBATE (URI)	B3	
2256-5450	LITERATURA: TEORÍA, HISTORIA, CRÍTICA	A3	
0024-4937	LITHOS (OSLO. PRINT)	A1	
2177-8868	LITTERA ONLINE	B2	
1478-3223	LIVER INTERNATIONAL (PRINT)	A1	
2673-4389	LIVERS	C	
1871-1413	LIVESTOCK SCIENCE (PRINT)	A1	
1470-9325	LOCAL ECONOMY: THE JOURNAL OF THE LOCAL ECONOMY POLICY UNIT (ONLINE)	A1	
1413-3024	LOCUS (UFJF)	A1	
2358-7806	LOGEION: FILOSOFIA DA INFORMAÇÃO	A2	
2305-6290	LOGISTICS	C	
1651-2022	LOGOPEDICS PHONIATRICS VOCOLOGY	A3	
1982-2391	LOGOS	A4	
0104-9933	LOGOS: COMUNICAÇÃO E UNIVERSIDADE	A4	
2591-605X	LOÏE - REVISTA DE DANZA, PERFORMANCE Y NUEVOS MEDIOS	B4	
2515-5792	LONDON JOURNAL OF RESEARCH IN HUMANITIES AND SOCIAL SCIENCES	A2	
2633-2299	LONDON JOURNAL OF RESEARCH IN MANAGEMENT AND BUSINESS	B2	
1474-8460	LONDON REVIEW OF EDUCATION (PRINT)	A2	
2050-6333	LONDON REVIEW OF INTERNATIONAL LAW (ONLINE)	B3	
2616-2806	LONGHUA CHINESE MEDICINE	B2	
1807-0175	LUA NOVA - REVISTA DE CULTURA E POLÍTICA (ON-LINE)	A2	
0102-6445	LUA NOVA (IMPRESSO)	A2	
2075-4442	LUBRICANTS	C	
2446-6174	LUDOPÉDIO	B3	
1133-5165	LUDUS VITALIS	A4	
1415-8604	LUGAR COMUM	A4	
2177-2789	LUMEN ET VIRTUS	B2	
1516-0785	LUMINA (JUIZ DE FORA)	A3	
1981-4070	LUMINA (UFJF. ONLINE)	A3	
1522-7235	LUMINESCENCE (CHICHESTER, ENGLAND PRINT)	A3	
0970-2113	LUNG INDIA	B2	
2974-6620	L'UOMO NERO	B3	
1548-9957	LUSO-BRAZILIAN REVIEW (ONLINE)	B4	
1768-3084	LUSOTOPIE	A4	
2526-3706	LUTAS SOCIAIS	B2	
1415-854X	LUTAS SOCIAIS (PUCSP)	B2	
2316-1663	MACABÉA- REVISTA ELETRONICA DO NETLLI	A2	
2523-661X	MACAU JOURNAL OF BRAZILIAN STUDIES	B4	
1983-6821	MACHADO DE ASSIS EM LINHA	A1	
2504-4990	MACHINE LEARNING AND KNOWLEDGE EXTRACTION	C	
1573-0565	MACHINE LEARNING (DORDRECHT. ONLINE)	A1	
2666-8270	MACHINE LEARNING WITH APPLICATIONS	A2	
2075-1702	MACHINES	B2	
1438-7492	MACROMOLECULAR MATERIALS AND ENGINEERING (PRINT)	A2	
1022-1336	MACROMOLECULAR RAPID COMMUNICATIONS	A2	
1862-8338	MACROMOLECULAR REACTION ENGINEERING (INTERNET)	A4	
1521-3900	MACROMOLECULAR SYMPOSIA	B2	
0024-9297	MACROMOLECULES (PRINT)	A1	
2448-7597	MADERA Y BOSQUES	B2	
2665-279X	MAGAZÍN RURALIDADES Y TERRITORIALIDADES	B4	
2745-1038	MAGAZÍN RURALIDADES Y TERRITORIALIDADES (EN LINEA)	B4	
2071-0305	MAGAZINE OF CIVIL ENGINEERING	B1	
2027-1182	MAGIS (EN LÍNEA)	A2	
2805-6701	MAGNA SCIENTIA UCEVA	B4	
0953-1424	MAGNESIUM RESEARCH	B2	
0749-1581	MAGNETIC RESONANCE IN CHEMISTRY	A4	
2312-7481	MAGNETOCHEMISTRY	A4	
2525-8338	MAIÊUTICA - CIÊNCIAS HUMANAS E SOCIAIS	B4	
2358-758X	MAIS QUE AMELIAS	B2	
2358-6362	MAIS 60: ESTUDOS SOBRE ENVELHECIMENTO	B3	
2446-5240	MALALA - REVISTA DO GRUPO DE TRABALHO ORIENTE MÉDIO E MUNDO MUÇULMANO (GTOMMM)	B2	
1475-2875	MALARIA JOURNAL (ONLINE)	A3	
1983-6651	MAL-ESTAR E SOCIEDADE	B2	
2675-3111	MALOCA	B2	
2199-2401	MAMMAL RESEARCH (PRINT)	A3	
0025-1461	MAMMALIA (PARIS)	A4	
1616-5047	MAMMALIAN BIOLOGY (PRINT)	A2	
0938-8990	MAMMALIAN GENOME (PRINT)	A4	
2382-3704	MAMMALOGY NOTES	B4	
1678-4944	MANA (RIO DE JANEIRO. ONLINE)	A1	
0104-9313	MANA (UFRJ. IMPRESSO)	A1	
2526-1282	MANAGEMENT CONTROL REVIEW	B3	
0025-1747	MANAGEMENT DECISION	A1	
2675-3006	MANAGEMENT IN PERSPECTIVE - MIP	B3	
1350-5076	MANAGEMENT LEARNING	A1	
1536-5433	MANAGEMENT RESEARCH (ARMONK, N.Y.)	A3	
0143-6570	MANAGERIAL AND DECISION ECONOMICS	A1	
0307-4358	MANAGERIAL FINANCE	A2	
2965-6907	MANDACARU: REVISTA DE ENSINO DE CIÊNCIAS E MATEMÁTICA (ONLINE)	B3	
2526-3455	MANDINGA - REVISTA DE ESTUDOS LINGUÍSTICOS	B1	
2176-0985	MANDRÁGORA	A3	
2527-2640	MANDUARISAWA - REVISTA ELETRÔNICA DISCENTE DO CURSO DE HISTÓRIA DA UFAM	A4	
0025-2344	MANKIND QUARTERLY	B1	
2236-5435	MANUAL THERAPY, POSTUROLOGY & REHABILITATION JOURNAL	B3	
2596-2477	MANUSCRÍTICA	A4	
1900-7922	MANZANA DE LA DISCORDIA (CALI. 2005)	A1	
2595-4024	MANZUÁ	A2	
1807-989X	MARACANAN	A1	
2444-6459	MARCO (MÁRKETING Y COMUNICACIÓN POLÍTICA)	B3	
2675-2697	MARES (ALTAMIRA)	A1	
1678-7684	MARGEM ESQUERDA	B2	
1806-0560	MARGENS (UFPA)	A2	
2416-8742	MARGES, REVUE D'ART CONTEMPORAIN	B2	
2683-7951	MARINE AND FISHERY SCIENCES	B4	
0264-8172	MARINE AND PETROLEUM GEOLOGY	A1	
1867-1616	MARINE BIODIVERSITY: INTERNATIONAL JOURNAL OF MARINE SCIENCE	A4	
0025-3162	MARINE BIOLOGY (BERLIN)	A3	
1745-1019	MARINE BIOLOGY RESEARCH (ONLINE)	B1	
1436-2228	MARINE BIOTECHNOLOGY (PRINT)	A2	
0304-4203	MARINE CHEMISTRY (PRINT)	A2	
1660-3397	MARINE DRUGS	A1	
0173-9565	MARINE ECOLOGY (BERLIN)	A4	
0171-8630	MARINE ECOLOGY. PROGRESS SERIES (HALSTENBEK)	A2	
0141-1136	MARINE ENVIRONMENTAL RESEARCH	A1	
0824-0469	MARINE MAMMAL SCIENCE	A2	
0308-597X	MARINE POLICY	A1	
0025-326X	MARINE POLLUTION BULLETIN.	A1	
1679-396X	MARINE SYSTEMS & OCEAN TECHNOLOGY	A3	
2199-4749	MARINE SYSTEMS & OCEAN TECHNOLOGY (ONLINE)	A3	
0308-8839	MARITIME POLICY AND MANAGEMENT	A1	
2212-9790	MARITIME STUDIES	A2	
2525-8176	MARKETING & TOURISM REVIEW	B1	
0263-4503	MARKETING INTELLIGENCE & PLANNING	A1	
1470-5931	MARKETING THEORY	A1	
2318-9657	MARX E O MARXISMO	A4	
2594-5394	MASTOLOGY	B4	
1666-0536	MASTOZOOLOGÍA NEOTROPICAL	B1	
0103-9059	MATEMATICA CONTEMPORANEA	B2	
2317-6636	MATEMÁTICA CONTEMPORÂNEA	B2	
1517-7076	MATÉRIA (UFRJ)	B3	
2530-6405	MATERIAL-ES (ONLINE)	B3	
1887-9586	MATERIALES PARA LA HISTORIA DEL DEPORTE	B2	
2589-1529	MATERIALIA	A3	
2966-1579	MATERIALISMOS – CUADERNOS DE MARXISMO Y PSICOANÁLISIS (ONLINE)	C	
0264-1275	MATERIALS & DESIGN	A1	
2633-5409	MATERIALS ADVANCES	A2	
0947-5117	MATERIALS AND CORROSION (1995)	A3	
1359-5997	MATERIALS AND STRUCTURES	A2	
1580-3414	MATERIALS AND TECHNOLOGY (ONLINE)	B2	
1996-1944	MATERIALS (BASEL)	A3	
1044-5803	MATERIALS CHARACTERIZATION	A1	
0254-0584	MATERIALS CHEMISTRY AND PHYSICS	A1	
2524-8154	MATERIALS CIRCULAR ECONOMY	A3	
2158-5849	MATERIALS EXPRESS	A4	
2194-1467	MATERIALS FOR RENEWABLE AND SUSTAINABLE ENERGY	A2	
2051-6347	MATERIALS HORIZONS	A1	
2668-5728	MATERIALS INTERNATIONAL	B2	
0167-577X	MATERIALS LETTERS (GENERAL ED.)	A1	
1980-5373	MATERIALS RESEARCH	A3	
0025-5408	MATERIALS RESEARCH BULLETIN	A1	
2053-1591	MATERIALS RESEARCH EXPRESS	A3	
1516-1439	MATERIALS RESEARCH (SÃO CARLOS. IMPRESSO)	A3	
0137-1339	MATERIALS SCIENCE	C	
0921-5107	MATERIALS SCIENCE & ENGINEERING. B, SOLID-STATE MATERIALS FOR ADVANCED TECHNOLOGY	A2	
0928-4931	MATERIALS SCIENCE & ENGINEERING. C, BIOMIMETIC MATERIALS, SENSORS AND SYSTEMS (PRINT)	A1	
1369-8001	MATERIALS SCIENCE IN SEMICONDUCTOR PROCESSING	A2	
2153-117X	MATERIALS SCIENCES AND APPLICATIONS (PRINT)	C	
2468-5194	MATERIALS TODAY CHEMISTRY	A1	
2352-4928	MATERIALS TODAY COMMUNICATIONS	A3	
2589-2347	MATERIALS TODAY SUSTAINABILITY	A2	
1345-9678	MATERIALS TRANSACTIONS	B1	
1521-4052	MATERIALWISSENSCHAFT UND WERKSTOFFTECHNIK	B1	
1092-7875	MATERNAL AND CHILD HEALTH JOURNAL	A2	
1573-6628	MATERNAL AND CHILD HEALTH JOURNAL (ONLINE)	A2	
1450-5932	MATHEMATICA MORAVICA	B3	
1337-2211	MATHEMATICA SLOVACA	A3	
0025-5564	MATHEMATICAL BIOSCIENCES	A1	
1551-0018	MATHEMATICAL BIOSCIENCES AND ENGINEERING (ONLINE)	A3	
0170-4214	MATHEMATICAL METHODS IN THE APPLIED SCIENCES	A1	
2575-1794	MATHEMATICAL MODELLING AND APPLICATIONS (ONLINE)	B1	
2767-8946	MATHEMATICAL MODELLING AND CONTROL	A3	
2369-0739	MATHEMATICAL MODELLING OF ENGINEERING PROBLEMS	B2	
0001-4346	MATHEMATICAL NOTES	B1	
1563-5147	MATHEMATICAL PROBLEMS IN ENGINEERING (ONLINE)	C	
2227-7390	MATHEMATICS	C	
0378-4754	MATHEMATICS AND COMPUTERS IN SIMULATION (PRINT)	A1	
1081-2865	MATHEMATICS AND MECHANICS OF SOLIDS	A3	
2993-7574	MATHEMATICS IN MEDICAL AND LIFE SCIENCES (ONLINE)	B4	
2182-8830	MATLIT: MATERIALIDADES DA LITERATURA	A4	
1982-8160	MATRIZES	A1	
1982-2073	MATRIZES (USP. IMPRESSO)	A1	
2590-2385	MATTER	A1	
0378-5122	MATURITAS (AMSTERDAM)	A1	
2150-7511	MBIO (ONLINE)	A2	
2772-2759	MEASUREMENT: FOOD	B1	
0263-2241	MEASUREMENT (LONDON. PRINT)	A1	
0957-0233	MEASUREMENT SCIENCE & TECHNOLOGY (PRINT)	A2	
2665-9174	MEASUREMENT: SENSORS	A4	
1368-3047	MEASURING BUSINESS EXCELLENCE	A3	
0309-1740	MEAT SCIENCE	A1	
0025-6455	MECCANICA (MILANO. PRINT)	A3	
1927-0607	MECHANICAL ENGINEERING RESEARCH	B3	
0888-3270	MECHANICAL SYSTEMS AND SIGNAL PROCESSING	A1	
1537-6494	MECHANICS OF ADVANCED MATERIALS AND STRUCTURES	A1	
1385-2000	MECHANICS OF TIME-DEPENDANT MATERIALS	A2	
0047-6374	MECHANISMS OF AGEING AND DEVELOPMENT (PRINT)	A1	
2993-1142	MED DISCOVERIES (ONLINE)	B4	
2183-5462	MEDIA & JORNALISMO	A2	
2312-296X	MEDIA LINGUISTICS (ONLINE)	A4	
2317-4838	MEDIAÇÃO	B1	
2179-9571	MEDIAÇÃO	B1	
1980-556X	MEDIAÇÃO (UEG. PIRES DO RIO)	B2	
1989-0494	MEDIACIONES SOCIALES	B1	
2176-6665	MEDIAÇÕES - REVISTA DE CIÊNCIAS SOCIAIS	A2	
1688-8456	MEDIÁLOGOS - REVISTA DE COMUNICACIÓN SOCIAL	C	
2183-6019	MEDIAPOLIS: REVISTA DE COMUNICAÇÃO, JORNALISMO E ESPAÇO PÚBLICO	A3	
0140-0118	MEDICAL & BIOLOGICAL ENGINEERING & COMPUTING	A3	
1933-6586	MEDICAL ACUPUNCTURE	B1	
1365-2915	MEDICAL AND VETERINARY ENTOMOLOGY (ONLINE)	A2	
0269-283X	MEDICAL AND VETERINARY ENTOMOLOGY (PRINT)	A2	
2504-3889	MEDICAL CANNABIS AND CANNABINOIDS	A2	
0308-0110	MEDICAL EDUCATION (OXFORD. PRINT)	A1	
1350-4533	MEDICAL ENGINEERING & PHYSICS	A4	
0306-9877	MEDICAL HYPOTHESES	A1	
1361-8415	MEDICAL IMAGE ANALYSIS (PRINT)	A1	
0025-729X	MEDICAL JOURNAL OF AUSTRALIA	A1	
1369-3786	MEDICAL MYCOLOGY (OXFORD. PRINT)	A1	
1559-131X	MEDICAL ONCOLOGY	A4	
1357-0560	MEDICAL ONCOLOGY (NORTHWOOD)	A4	
0094-2405	MEDICAL PHYSICS (LANCASTER)	A2	
1011-7571	MEDICAL PRINCIPLES AND PRACTICE	A1	
2375-1916	MEDICAL RESEARCH ARCHIVES	B2	
2156-8650	MEDICAL SCIENCE EDUCATOR	A3	
1643-3750	MEDICAL SCIENCE MONITOR (ONLINE)	A1	
0142-159X	MEDICAL TEACHER (1979. PRINT)	A1	
1648-9144	MEDICINA	A2	
0025-7826	MEDICINA DELLO SPORT (TESTO STAMPATO)	B1	
0210-5691	MEDICINA INTENSIVA (MADRID. ED. IMPRESA)	A4	
1010-660X	MEDICINA (KAUNAS)	A2	
1698-6946	MEDICINA ORAL, PATOLOGÍA ORAL Y CIRUGÍA BUCAL (INTERNET)	A2	
2176-7262	MEDICINA (RIBEIRAO PRETO. ONLINE)	B2	
0076-6046	MEDICINA (USP.FMRP)	B2	
1809-4678	MEDICINA VETERINÁRIA (UFRPE)	B4	
2675-6617	MEDICINA VETERINÁRIA (UFRPE)	B4	
2966-053X	MEDICINAE PLANTAE (ONLINE)	C	
1875-6638	MEDICINAL CHEMISTRY	B1	
1573-4064	MEDICINAL CHEMISTRY (HILVERSUM)	B1	
1054-2523	MEDICINAL CHEMISTRY RESEARCH (PRINT)	A2	
1530-0315	MEDICINE & SCIENCE IN SPORTS & EXERCISE	A1	
0723-1393	MEDICINE AND LAW	B2	
0195-9131	MEDICINE AND SCIENCE IN SPORTS AND EXERCISE	A1	
1536-5964	MEDICINE (BALTIMORE)	A3	
0025-7974	MEDICINE (BALTIMORE, MD.)	A3	
1386-7423	MEDICINE, HEALTH CARE AND PHILOSOPHY	A1	
2316-5442	MEDIEVALIS	B4	
2028-3997	MEDITERRANEAN JOURNAL OF CHEMISTRY	C	
1660-5446	MEDITERRANEAN JOURNAL OF MATHEMATICS (PRINT)	A2	
2039-2117	MEDITERRANEAN JOURNAL OF SOCIAL SCIENCES (ONLINE)	A2	
2675-3065	MEIO AMBIENTE (BRASIL)	B1	
0960-8931	MELANOMA RESEARCH	A3	
2077-0375	MEMBRANES	A4	
1676-1669	MEMORANDUM (BELO HORIZONTE)	A4	
2594-7095	MEMÓRIA E INFORMAÇÃO (ONLINE)	A4	
2184-3821	MEMÓRIAS: CONGRESSO INTERNACIONAL MEDIA ECOLOGY AND IMAGE STUDIES	B4	
1812-9528	MEMORIAS DEL INSTITUTO DE INVESTIGACIONES EN CIENCIAS DE LA SALUD	B4	
0074-0276	MEMÓRIAS DO INSTITUTO OSWALDO CRUZ (IMPRESSO)	A3	
1678-8060	MEMÓRIAS DO INSTITUTO OSWALDO CRUZ (ONLINE)	A3	
2764-9334	MEMÓRIAS INSURGENTES	B4	
0090-502X	MEMORY & COGNITION	A3	
0965-8211	MEMORY (HOVE. PRINT)	A1	
1750-6980	MEMORY STUDIES	A1	
1530-0374	MENOPAUSE	A2	
1984-980X	MENTAL	B1	
1984-2201	MERCATOR (FORTALEZA. ONLINE)	A1	
1518-1219	MERIDIANO 47 (UNB)	A3	
0719-4862	MERIDIONAL. REVISTA CHILENA DE ESTUDIOS LATINOAMERICANOS	A2	
0176-9418	MERZ - ZEITSCHRIFT FÜR MEDIENPÄDAGOGIK	A1	
2175-2753	META: AVALIAÇÃO	B1	
0885-7490	METABOLIC BRAIN DISEASE	A3	
1573-7365	METABOLIC BRAIN DISEASE (ONLINE)	A3	
1540-4196	METABOLIC SYNDROME AND RELATED DISORDERS	A4	
2218-1989	METABOLITES	A4	
1573-3890	METABOLOMICS. (DORDRECHT. PRINT)	A2	
2192-9262	METALLOGRAPHY, MICROSTRUCTURE, AND ANALYSIS (PRINT)	A4	
2075-4701	METALS - OPEN ACCESS METALLURGY JOURNAL	A3	
2526-5229	METAXY	A2	
2674-0494	METEOROLOGY	B3	
2674-0389	METHANE	B3	
2340-8413	METHAODOS.REVISTA DE CIENCIAS SOCIALES	A2	
0327-0289	MÉTHEXIS (SANKT AUGUSTIN)	A4	
1046-2023	METHODS	A2	
2041-210X	METHODS IN ECOLOGY AND EVOLUTION	A1	
2215-0161	METHODSX	A2	
2236-2762	MÉTIS: HISTÓRIA & CULTURA	A2	
1677-0706	MÉTIS (UCS)	A2	
2674-9009	METODOLOGIAS E APRENDIZADO	A2	
0026-1386	METROECONOMICA (TESTO STAMPATO)	A2	
0026-1394	METROLOGIA (PARIS. PRINT)	A4	
2673-8244	METROLOGY (ONLINE)	C	
2541-9099	MGIMO - REVIEW OF INTERNATIONAL RELATIONS (ONLINE)	A2	
2306-9740	MHEALTH	A3	
1286-4579	MICROBES AND INFECTION	A1	
1751-7915	MICROBIAL BIOTECHNOLOGY (ONLINE)	A1	
1475-2859	MICROBIAL CELL FACTORIES	A2	
1076-6294	MICROBIAL DRUG RESISTANCE (LARCHMONT, N.Y.)	A4	
0095-3628	MICROBIAL ECOLOGY	A1	
2057-5858	MICROBIAL GENOMICS	A2	
0882-4010	MICROBIAL PATHOGENESIS	A2	
1096-1208	MICROBIAL PATHOGENESIS	A2	
0944-5013	MICROBIOLOGICAL RESEARCH (PRINT)	A1	
2036-7481	MICROBIOLOGY RESEARCH	B2	
2576-098X	MICROBIOLOGY RESOURCE ANNOUNCEMENTS	B2	
2165-0497	MICROBIOLOGY SPECTRUM	A4	
2049-2618	MICROBIOME	A1	
0026-265X	MICROCHEMICAL JOURNAL (PRINT)	A1	
0026-2692	MICROELECTRONICS JOURNAL	A3	
2072-666X	MICROMACHINES	B1	
0968-4328	MICRON (OXFORD. 1993)	A2	
2076-2607	MICROORGANISMS	A3	
1387-1811	MICROPOROUS AND MESOPOROUS MATERIALS (PRINT)	A1	
0141-9331	MICROPROCESSORS AND MICROSYSTEMS	A2	
2578-9430	MICROPUBLICATION BIOLOGY	B3	
1431-9276	MICROSCOPY AND MICROANALYSIS (PRINT)	A1	
1097-0029	MICROSCOPY RESEARCH AND TECHNIQUE	A2	
1059-910X	MICROSCOPY RESEARCH AND TECHNIQUE (PRINT)	A2	
2077-4613	MIDDLE EAST JOURNAL OF APPLIED SCIENCES	A4	
0266-6138	MIDWIFERY	A1	
2594-0279	MIGRACIONES INTERNACIONALES (ONLINE)	A2	
1989-8681	MIGUEL HERNÁNDEZ COMMUNICATION JOURNAL	B1	
2317-0433	MIGUILIM - REVISTA ELETRÔNICA DO NETLLI	B1	
0026-3672	MIKROCHIMICA ACTA (1966. PRINT)	A1	
1647-662X	MILLENIUM - JOURNAL OF EDUCATION, TECHNOLOGIES, AND HEALTH	B3	
2075-163X	MINERALS	A3	
0892-6875	MINERALS ENGINEERING	A1	
0026-4806	MINERVA MEDICA: A JOURNAL ON INTERNAL MEDICINE	A1	
2724-6450	MINERVA OBSTETRICS AND GYNECOLOGY (ONLINE)	A4	
0026-4946	MINERVA PEDIATRICA	B2	
1827-1715	MINERVA PEDIATRICA	B2	
2709-5584	MINGA. REVISTA DE CIENCIAS, ARTES Y ACTIVISMO PARA LA TRANSFORMACIÓN DE AMÉRICA LATINA (ONLIINE)	B2	
2673-6489	MINING	B1	
1389-5575	MINI-REVIEWS IN MEDICINAL CHEMISTRY	A2	
1570-193X	MINI-REVIEWS IN ORGANIC CHEMISTRY	A4	
1811-0398	MIR ROSSII-UNIVERSE OF RUSSIA	A4	
1676-5818	MIRABILIA JOURNAL	A2	
1984-2899	MISCELÂNEA (ASSIS. ONLINE)	B1	
2594-9187	MISES	B2	
1794-600X	MISIÓN JURÍDICA - REVISTA DE DERECHO Y CIENCIAS SOCIALES	A2	
2763-5279	MISSANGAS	B3	
1518-0263	MISSIONEIRA (SANTO ÂNGELO)	B1	
2447-0244	MISSÕES: REVISTA DE CIÊNCIAS HUMANAS E SOCIAIS	B2	
1381-2386	MITIGATION AND ADAPTATION STRATEGIES FOR GLOBAL CHANGE	A2	
1567-7249	MITOCHONDRION (AMSTERDAM. PRINT)	A2	
2447-3073	MIX SUSTENTÁVEL (ONLINE)	A2	
2447-0899	MIX SUSTENTÁVEL (PRINT)	A2	
2240-4554	MLTJ MUSCLES, LIGAMENTS AND TENDONS JOURNAL	B1	
1518-3394	MNEME (CAICÓ. ONLINE)	A2	
1980-6590	MNEMOCINE	B4	
2237-3217	MNEMOSINE REVISTA	B3	
1809-8894	MNEMOSINE (RIO DE JANEIRO)	A4	
2407-6724	MNJ (MALANG NEUROLOGY JOURNAL)	B2	
0104-0944	MOARA	A3	
1982-615X	MODAPALAVRA E-PERIÓDICO	A2	
1574-1699	MODEL ASSISTED STATISTICS AND APPLICATIONS	B3	
2363-6211	MODELING EARTH SYSTEMS AND ENVIRONMENT	A1	
2363-6203	MODELING EARTH SYSTEMS AND ENVIRONMENT (PRINT)	A1	
0764-583X	MODÉLISATION MATHÉMATIQUE ET ANALYSE NUMÉRIQUE (IMPRIMÉ)	A4	
2637-7659	MODERN CONCEPTS & DEVELOPMENTS IN AGRONOMY	B4	
2152-7245	MODERN ECONOMY	C	
2333-2581	MODERN ENVIRONMENTAL SCIENCE AND ENGINEERING	B2	
0217-7323	MODERN PHYSICS LETTERS A	A4	
1439-7595	MODERN RHEUMATOLOGY (PRINT)	A3	
2631-3871	MODERN SUPPLY CHAIN RESEARCH AND APPLICATIONS	A3	
1071-6068	MODERNISM/MODERNITY (BALTIMORE, MD.)	B1	
2595-1211	MODERNOS & CONTEMPORÂNEOS	A3	
2595-0347	MÓIN-MÓIN - REVISTA DE ESTUDOS SOBRE TEATRO DE FORMAS ANIMADAS	A2	
2448-2293	MOITARÁ - REVISTA DE SERVIÇO SOCIAL	A4	
2448-0355	MOITARÁ - REVISTA ELETRÔNICA DA FUNDAÇÃO ARAPORÃ	B4	
2471-139X	MOJ ANATOMY & PHYSIOLOGY	C	
2573-2919	MOJ ECOLOGY & ENVIRONMENTAL SCIENCES	B1	
2574-8130	MOJ GERONTOLOGY & GERIATRICS	B2	
2374-6939	MOJ ORTHOPEDICS & RHEUMATOLOGY	B3	
2379-6383	MOJ PUBLIC HEALTH	B4	
2574-9935	MOJ SPORTS MEDICINE	B3	
1535-9484	MOLECULAR & CELLULAR PROTEOMICS (ONLINE)	A1	
0166-6851	MOLECULAR AND BIOCHEMICAL PARASITOLOGY (PRINT)	B1	
0300-8177	MOLECULAR AND CELLULAR BIOCHEMISTRY	A2	
1573-4919	MOLECULAR AND CELLULAR BIOCHEMISTRY	A2	
0303-7207	MOLECULAR AND CELLULAR ENDOCRINOLOGY (PRINT)	A2	
1044-7431	MOLECULAR AND CELLULAR NEUROSCIENCES (PRINT)	B1	
2194-7791	MOLECULAR AND CELLULAR PEDIATRICS (ONLINE)	A2	
0890-8508	MOLECULAR AND CELLULAR PROBES	A4	
1573-4978	MOLECULAR BIOLOGY REPORTS	A4	
0301-4851	MOLECULAR BIOLOGY REPORTS	A4	
1073-6085	MOLECULAR BIOTECHNOLOGY	B1	
1756-6606	MOLECULAR BRAIN	A3	
2468-8231	MOLECULAR CATALYSIS	A2	
1381-1991	MOLECULAR DIVERSITY	A2	
0962-1083	MOLECULAR ECOLOGY (PRINT)	A1	
1755-098X	MOLECULAR ECOLOGY RESOURCES (PRINT)	A1	
1617-4623	MOLECULAR GENETICS AND GENOMICS	A4	
1617-4615	MOLECULAR GENETICS AND GENOMICS (PRINT)	A4	
1096-7192	MOLECULAR GENETICS AND METABOLISM (PRINT)	A3	
1460-2407	MOLECULAR HUMAN REPRODUCTION	A1	
1536-1632	MOLECULAR IMAGING AND BIOLOGY	A2	
0161-5890	MOLECULAR IMMUNOLOGY	A4	
1076-1551	MOLECULAR MEDICINE (CAMBRIDGE, MASS. PRINT)	A2	
1528-3658	MOLECULAR MEDICINE (ONLINE)	A2	
2212-8778	MOLECULAR METABOLISM	A1	
0950-382X	MOLECULAR MICROBIOLOGY (PRINT)	A3	
0893-7648	MOLECULAR NEUROBIOLOGY	A2	
1613-4133	MOLECULAR NUTRITION & FOOD RESEARCH	A1	
1613-4125	MOLECULAR NUTRITION & FOOD RESEARCH (PRINT)	A1	
1521-0111	MOLECULAR PHARMACOLOGY	A3	
1055-7903	MOLECULAR PHYLOGENETICS AND EVOLUTION (PRINT)	A1	
0026-8976	MOLECULAR PHYSICS (PRINT)	A3	
1359-4184	MOLECULAR PSYCHIATRY	A1	
1661-8769	MOLECULAR SYNDROMOLOGY	B3	
1744-4292	MOLECULAR SYSTEMS BIOLOGY	A1	
2058-9689	MOLECULAR SYSTEMS DESIGN & ENGINEERING	A2	
1420-3049	MOLECULES (BASEL. ONLINE)	A2	
2316-3100	MOMENTO - DIÁLOGOS EM EDUCAÇÃO	A3	
2500-8013	MOMENTO – REVISTA DE FÍSICA	B1	
1678-0795	MOMENTUM (ATIBAIA)	B3	
2548-9135	MOMENTUM: PHYSICS EDUCATION JOURNAL (ONLINE)	A3	
1122-0643	MONALDI ARCHIVES FOR CHEST DISEASE	A4	
2316-8323	MONÇÕES: REVISTA DE RELAÇÕES INTERNACIONAIS DA UFGD	A2	
0077-0892	MONOGRAPHS IN ORAL SCIENCE (PRINT)	C	
1800-8755	MONTENEGRIN JOURNAL OF SPORTS SCIENCE AND MEDICINE (PRINT)	A4	
0035-8711	MONTHLY NOTICES OF THE ROYAL ASTRONOMICAL SOCIETY (PRINT)	A2	
2966-0017	MONXORÓS, REVISTA EM CIÊNCIAS SOCIAIS E HUMANAS (ONLINE)	C	
2177-8841	MORINGA - ARTES DO ESPETÁCULO (UFPB)	A1	
1676-2924	MORPHEUS (UNIRIO. ONLINE)	C	
2447-8369	MOSAICO - ESCRITOS E RABISCOS DO NÚCLEO DE PESQUISA E INVESTIGAÇÃO CÊNICA COLETIVO 22	B4	
1983-7801	MOSAICO (GOIÂNIA)	A4	
2175-9537	MOSAICO ITALIANO	A3	
2178-7719	MOSAICO REVISTA MULTIDISCIPLINAR DE HUMANIDADES	A3	
2176-8943	MOSAICO (RIO DE JANEIRO)	A4	
1087-1640	MOTOR CONTROL	B1	
2182-2972	MOTRICIDADE	B1	
1646-107X	MOTRICIDADE (SANTA MARIA DA FEIRA)	B1	
2594-6463	MOTRICIDADES: REVISTA DA SOCIEDADE DE PESQUISA QUALITATIVA EM MOTRICIDADE HUMANA	A3	
2175-8042	MOTRIVIVÊNCIA (FLORIANÓPOLIS)	B2	
0103-4111	MOTRIVIVÊNCIA (UFSC)	B2	
1980-6574	MOTRIZ : REVISTA DE EDUCAÇÃO FÍSICA (ONLINE)	B1	
1981-7207	MOUSEION (UNILASALLE)	A4	
0885-3185	MOVEMENT DISORDERS	A1	
2330-1619	MOVEMENT DISORDERS CLINICAL PRACTICE	A4	
2675-3162	MOVENDO IDEIAS	A4	
1517-199X	MOVENDO IDÉIAS (UNAMA)	A4	
1984-4298	MOVIMENTA	B4	
0104-754X	MOVIMENTO (UFRGS. IMPRESSO)	B1	
1982-8918	MOVIMENTO (UFRGS. ONLINE)	B1	
2059-8521	MRS ADVANCES	B2	
2159-6867	MRS COMMUNICATIONS (ONLINE)	B2	
1933-0219	MUCOSAL IMMUNOLOGY	A1	
0104-3269	MUDANCAS (IMS)	A4	
2176-1019	MUDANÇAS-PSICOLOGIA DA SAÚDE	A4	
2525-5924	MUIRAQUITÃ	A3	
2238-7196	MUITAS VOZES	B2	
2961-2780	MUJER ANDINA (ONLINE)	B3	
2955-8751	MUJER Y POLÍTICAS PÚBLICAS (ONLINE)	B3	
2176-381X	MULEMBA	A4	
2448-4148	MULTICIÊNCIA ONLINE	B4	
2594-4568	MULTIDEBATES (ONLINE)	A4	
2543-7585	MULTIDISCIPLINARY JOURNAL OF SCHOOL EDUCATION	B1	
2764-0388	MULTIDISCIPLINARY SCIENCES REPORTS	C	
2595-9670	MULTIFACES	B2	
2399-7532	MULTIFUNCTIONAL MATERIALS	A3	
0942-4962	MULTIMEDIA SYSTEMS	A2	
1380-7501	MULTIMEDIA TOOLS AND APPLICATIONS	A2	
1573-7721	MULTIMEDIA TOOLS AND APPLICATIONS (DORDRECHT. ONLINE)	A2	
1525-383X	MULTINATIONAL BUSINESS REVIEW	A1	
2211-0348	MULTIPLE SCLEROSIS AND RELATED DISORDERS	A3	
2179-8753	MULTIPLICIDADES	B3	
2526-4036	MÚLTIPLOS ACESSOS - REVISTA CIENTÍFICA INTERDISCIPLINAR	B2	
2237-6658	MÚLTIPLOS OLHARES EM CIÊNCIA DA INFORMAÇÃO	A3	
2359-6902	MULTI-SCIENCE JOURNAL	B2	
2595-6590	MULTI-SCIENCE RESEARCH	B4	
2447-9276	MULTITEMAS	A3	
1414-512X	MULTITEMAS (UCDB)	A3	
1515-5994	MUNDO AGRARIO (LA PLATA)	A2	
2145-5082	MUNDO AMAZONICO	A2	
2145-5074	MUNDO AMAZONICO	A2	
2596-108X	MUNDO E DESENVOLVIMENTO	A4	
2525-5819	MUNDO LIVRE: REVISTA MULTIDISCIPLINAR DISCENTE	A4	
1807-8095	MUNDOPM (CURITIBA)	B4	
2175-2052	MUNDORAMA	B2	
2177-7314	MURAL INTERNACIONAL	A3	
2446-6182	MURAL INTERNACIONAL	A3	
1807-6149	MUSAS (IPHAN)	B3	
0148-639X	MUSCLE & NERVE (PRINT)	A2	
2813-0413	MUSCLES	B2	
2468-7812	MUSCULOSKELETAL SCIENCE AND PRACTICE	A2	
2238-5436	MUSEOLOGIA & INTERDISCIPLINARIDADE	A2	
1984-3917	MUSEOLOGIA E PATRIMÔNIO	A3	
1479-8360	MUSEUM AND SOCIETY	A4	
0964-7775	MUSEUM MANAGEMENT AND CURATORSHIP (1990)	A1	
1461-3808	MUSIC EDUCATION RESEARCH (PRINT)	A1	
1980-3303	MÚSICA & CULTURA (SALVADOR. ONLINE)	A4	
2317-6776	MÚSICA HODIE	A3	
2316-7858	MÚSICA POPULAR EM REVISTA	A2	
2525-5541	MUSICA THEORICA	A1	
2675-3944	MUSIMID	A3	
1264-7020	MUSIQUES, IMAGES, INSTRUMENTS : RÉVUE FRANÇAISE D'ORGANOLOGIE E D'ICONOGRAPHIE MUSICALE	B3	
0267-8357	MUTAGENESIS	A3	
1383-5718	MUTATION RESEARCH. GENETIC TOXICOLOGY AND ENVIRONMENTAL MUTAGENESIS	B1	
1383-5742	MUTATION RESEARCH. REVIEWS IN MUTATION RESEARCH (PRINT)	A1	
0122-0268	MVZ CORDOBA	B3	
1617-416X	MYCOLOGICAL PROGRESS	A2	
0301-486X	MYCOPATHOLOGIA (1975. PRINT)	A1	
0940-6360	MYCORRHIZA (BERLIN)	A1	
0933-7407	MYCOSES (BERLIN)	A1	
1439-0507	MYCOSES (BERLIN. INTERNET)	A1	
2077-7019	MYCOSPHERE	A1	
0093-4666	MYCOTAXON	B3	
1994-4136	MYRMECOLOGICAL NEWS	A1	
2527-0621	MYTHOS	B3	
1984-0098	MYTHOS (CATAGUASES)	B2	
1439-9598	NACHRICHTEN AUS DER CHEMIE	B4	
2211-2855	NANO ENERGY	A1	
2632-959X	NANO EXPRESS	A2	
1530-6984	NANO LETTERS	A1	
1748-0132	NANO TODAY	A1	
0973-418X	NANO TRENDS: A JOURNAL OF NANOTECHNOLOGY AND ITS APPLICATIONS	B3	
2673-706X	NANOENERGY ADVANCES (ONLINE)	A4	
2452-0748	NANOIMPACT	A1	
2673-687X	NANOMANUFACTURING	B3	
2079-4991	NANOMATERIALS	A2	
1743-5889	NANOMEDICINE	A1	
1549-9634	NANOMEDICINE: NANOTECHNOLOGY, BIOLOGY AND MEDICINE	A1	
2516-0230	NANOSCALE ADVANCES	A1	
1556-7265	NANOSCALE AND MICROSCALE THERMOPHYSICAL ENGINEERING	A2	
2040-3372	NANOSCALE (PRINT)	A1	
2352-507X	NANO-STRUCTURES & NANO-OBJECTS	A1	
0957-4484	NANOTECHNOLOGY (BRISTOL. PRINT)	A2	
2365-6387	NANOTECHNOLOGY FOR ENVIRONMENTAL ENGINEERING	A3	
1177-8903	NANOTECHNOLOGY, SCIENCE AND APPLICATIONS	A1	
2631-9268	NAR GENOMICS AND BIOINFORMATICS	A1	
2988-2990	NARRA X (ONLINE)	B1	
0872-0754	NASCER E CRESCER	B4	
0090-3132	NATIONAL LIBRARY OF MEDICINE	C	
2095-5138	NATIONAL SCIENCE REVIEW	A1	
2318-7670	NATIVA	B1	
1567-7818	NATURAL COMPUTING	A4	
1572-9796	NATURAL COMPUTING (DORDRECHT. ONLINE)	A4	
0921-030X	NATURAL HAZARDS (DORDRECHT)	A2	
1573-0840	NATURAL HAZARDS (DORDRECHT. ONLINE)	A2	
1478-6419	NATURAL PRODUCT RESEARCH (PRINT)	A2	
2192-2209	NATURAL PRODUCTS AND BIOPROSPECTING	A1	
1478-6427	NATURAL PRODUCTS RESEARCH	A2	
2237-9290	NATURAL RESOURCES	C	
2583-1194	NATURAL RESOURCES FOR HUMAN HEALTH	A4	
1520-7439	NATURAL RESOURCES RESEARCH (NEW YORK, N.Y.)	A1	
2148-9637	NATURAL VOLATILES AND ESSENTIAL OILS	B3	
2662-8465	NATURE AGING	A1	
2318-2881	NATURE AND CONSERVATION	C	
2397-3366	NATURE ASTRONOMY	A1	
1087-0156	NATURE BIOTECHNOLOGY (PRINT)	A1	
1758-678X	NATURE CLIMATE CHANGE	A1	
1758-6798	NATURE CLIMATE CHANGE	A1	
2041-1723	NATURE COMMUNICATIONS	A1	
2500-008X	NATURE CONSERVATION RESEARCH	A2	
2397-334X	NATURE ECOLOGY & EVOLUTION	A1	
1061-4036	NATURE GENETICS (PRINT)	A1	
2397-3374	NATURE HUMAN BEHAVIOUR	A1	
0028-0836	NATURE (LONDON)	A1	
1546-170X	NATURE MEDICINE (ONLINE)	A1	
1078-8956	NATURE MEDICINE (PRINT)	A1	
2731-6076	NATURE MENTAL HEALTH (ONLINE)	B2	
2058-5276	NATURE MICROBIOLOGY	A1	
1476-4687	NATURE (ONLINE)	A1	
1745-2473	NATURE PHYSICS (PRINT)	A1	
2397-3358	NATURE REVIEWS. CHEMISTRY	A1	
2056-676X	NATURE REVIEWS DISEASE PRIMERS	A1	
1474-1776	NATURE REVIEWS. DRUG DISCOVERY (PRINT)	A1	
2522-5820	NATURE REVIEWS PHYSICS	A1	
2398-9629	NATURE SUSTAINABILITY	A1	
2772-4115	NATURE-BASED SOLUTIONS (ONLINE)	A4	
2175-2834	NATUREZA HUMANA (ONLINE)	A2	
1806-7409	NATUREZA ON LINE (ESPÍRITO SANTO)	C	
0028-1042	NATURWISSENSCHAFTEN	A3	
1981-4526	NAU LITERÁRIA	B2	
2237-7840	NAU SOCIAL	B1	
1432-1912	NAUNYN-SCHMIEDEBERG'S ARCHIVES OF PHARMACOLOGY	A2	
0028-1298	NAUNYN-SCHMIEDEBERG'S ARCHIVES OF PHARMACOLOGY	A2	
0100-1248	NAVIGATOR (RIO DE JANEIRO)	B1	
2237-4558	NAVUS REVISTA DE GESTÃO E TECNOLOGIA	A4	
2238-1945	NBC - PERÍODICO CIENTÍFICO DO NÚCLEO DE BIOSCIÊNCIA	B2	
0963-8695	NDT & E INTERNATIONAL	A1	
0211-6995	NEFROLOGÍA (MADRID)	A4	
2178-6259	NEGÓCIOS EM PROJEÇÃO	B3	
2642-0007	NEJM CATALYST	A4	
1388-5545	NEMATOLOGY (LEIDEN. PRINT)	A4	
2236-3777	NEOTROPICAL BIOLOGY AND CONSERVATION	B1	
1678-8052	NEOTROPICAL ENTOMOLOGY	A3	
1519-566X	NEOTROPICAL ENTOMOLOGY (IMPRESSO)	A3	
1995-1043	NEOTROPICAL HELMINTHOLOGY	C	
1679-6225	NEOTROPICAL ICHTHYOLOGY (IMPRESSO)	A2	
1982-0224	NEOTROPICAL ICHTHYOLOGY (ONLINE)	A2	
1460-2385	NEPHROLOGY DIALYSIS TRANSPLANTATION (ONLINE)	A1	
0931-0509	NEPHROLOGY, DIALYSIS, TRANSPLANTATION (PRINT)	A1	
2472-1751	NETWORK NEUROSCIENCE	A1	
1566-113X	NETWORKS AND SPATIAL ECONOMICS	A4	
1530-888X	NEURAL COMPUTATION (ONLINE)	A1	
1433-3058	NEURAL COMPUTING & APPLICATIONS (INTERNET)	A1	
0941-0643	NEURAL COMPUTING & APPLICATIONS (PRINT)	A1	
0893-6080	NEURAL NETWORKS	A1	
1370-4621	NEURAL PROCESSING LETTERS	A4	
1573-773X	NEURAL PROCESSING LETTERS (ONLINE)	A4	
1673-5374	NEURAL REGENERATION RESEARCH.	A1	
0197-4580	NEUROBIOLOGY OF AGING	A2	
0969-9961	NEUROBIOLOGY OF DISEASE	A1	
1074-7427	NEUROBIOLOGY OF LEARNING AND MEMORY (PRINT)	A2	
2352-2895	NEUROBIOLOGY OF STRESS	A1	
1355-4794	NEUROCASE (OXFORD. PRINT)	A3	
0364-3190	NEUROCHEMICAL RESEARCH	A2	
1573-6903	NEUROCHEMICAL RESEARCH	A2	
0197-0186	NEUROCHEMISTRY INTERNATIONAL	A2	
2966-3644	NEUROCIÊNCIAS & SOCIEDADE (ONLINE)	C	
0925-2312	NEUROCOMPUTING (AMSTERDAM)	A1	
1541-6933	NEUROCRITICAL CARE	A2	
1758-2024	NEURODEGENERATIVE DISEASE MANAGEMENT (PRINT)	A4	
2754-6330	NEURODIVERSITY (ONLINE)	B3	
0251-5350	NEUROEPIDEMIOLOGY	A1	
1350-1925	NEUROGASTROENTEROLOGY AND MOTILITY (PRINT)	A2	
1423-0216	NEUROIMMUNOMODULATION	A4	
1021-7401	NEUROIMMUNOMODULATION (BASEL)	A4	
1539-2791	NEUROINFORMATICS	A3	
0213-4853	NEUROLOGÍA (BARCELONA. ED. IMPRESA)	A3	
2173-5808	NEUROLOGÍA (ENGLISH EDITION) (ONLINE)	B1	
0161-6412	NEUROLOGICAL RESEARCH (NEW YORK)	B1	
1590-1874	NEUROLOGICAL SCIENCES (TESTO STAMPATO)	A1	
0028-3878	NEUROLOGY (CLEVELAND, OHIO)	A1	
0028-3886	NEUROLOGY INDIA	B2	
2035-8377	NEUROLOGY INTERNATIONAL	C	
2332-7812	NEUROLOGY® NEUROIMMUNOLOGY & NEUROINFLAMMATION	A1	
0165-8107	NEURO-OPHTHALMOLOGY (AEOLUS PRESS. 1980)	B1	
0143-4179	NEUROPEPTIDES (EDINBURGH)	A3	
0028-3908	NEUROPHARMACOLOGY	A1	
2329-423X	NEUROPHOTONICS	A1	
0987-7053	NEUROPHYSIOLOGIE CLINIQUE (PARIS)	A3	
2075-9479	NEUROPSICOLOGIA LATINOAMERICANA	B3	
1178-2021	NEUROPSYCHIATRIC DISEASE AND TREATMENT (ONLINE)	A3	
2792-0070	NEUROPSYCHIATRIC INVESTIGATION (ONLINE)	B4	
0302-282X	NEUROPSYCHOBIOLOGY	A1	
0028-3932	NEUROPSYCHOLOGIA (OXFORD)	A2	
1931-1559	NEUROPSYCHOLOGY	A3	
0893-133X	NEUROPSYCHOPHARMACOLOGY (NEW YORK, N.Y.)	A1	
0028-3940	NEURORADIOLOGY (BERLIN. PRINT)	A3	
1545-9683	NEUROREHABILITATION AND NEURAL REPAIR	A1	
1053-8135	NEUROREHABILITATION (READING, MA)	A3	
2673-4087	NEUROSCI	C	
0306-4522	NEUROSCIENCE	A2	
0149-7634	NEUROSCIENCE AND BIOBEHAVIORAL REVIEWS	A1	
2772-5286	NEUROSCIENCE INFORMATICS	B1	
0304-3940	NEUROSCIENCE LETTERS (PRINT)	A4	
0168-0102	NEUROSCIENCE RESEARCH	A4	
1319-6138	NEUROSCIENCES	B2	
0148-396X	NEUROSURGERY	A1	
0344-5607	NEUROSURGICAL REVIEW	A1	
1029-8428	NEUROTOXICITY RESEARCH	A2	
0161-813X	NEUROTOXICOLOGY (PARK FOREST SOUTH)	A3	
0733-2467	NEUROUROLOGY AND URODYNAMICS (PRINT)	A3	
2771-7887	NEW ADVANCES IN BRAIN & CRITICAL CARE (ONLINE)	B4	
0164-7970	NEW DIRECTIONS FOR STUDENT SERVICES	A2	
2044-0588	NEW DISEASE REPORTS	B1	
0028-4793	NEW ENGLAND JOURNAL OF MEDICINE (PRINT)	A1	
2563-3198	NEW EXPLORATIONS	B4	
0169-4286	NEW FORESTS	A2	
0288-3635	NEW GENERATION COMPUTING	A2	
1144-0546	NEW JOURNAL OF CHEMISTRY (1987)	A2	
1367-2630	NEW JOURNAL OF PHYSICS	A2	
1461-4448	NEW MEDIA & SOCIETY (PRINT)	A1	
2052-2975	NEW MICROBES AND NEW INFECTIONS	A2	
2154-7343	NEW PERSPECTIVES (TAYLOR & FRANCIS)	B2	
1469-8137	NEW PHYTOLOGIST (ONLINE)	A1	
2184-7770	NEW TRENDS IN QUALITATIVE RESEARCH	B2	
1749-6632	NEW YORK ACADEMY OF SCIENCES. ANNALS	A1	
0028-8233	NEW ZEALAND JOURNAL OF AGRICULTURAL RESEARCH	A2	
0028-825X	NEW ZEALAND JOURNAL OF BOTANY	B1	
0114-0671	NEW ZEALAND JOURNAL OF CROP AND HORTICULTURAL SCIENCE	A3	
0048-0134	NEW ZEALAND JOURNAL OF FORESTRY SCIENCE	A4	
1516-9022	NEXOS ECONÔMICOS	B2	
2949-821X	NEXT ENERGY (ONLINE)	B1	
2949-8228	NEXT MATERIALS (ONLINE)	B3	
2949-8295	NEXT NANOTECHNOLOGY (ONLINE)	B2	
2447-794X	NEXUS - REVISTA DE EXTENSÃO DO IFAM	B2	
1522-4600	NEXUS NETWORK JOURNAL	A3	
2352-3646	NFS JOURNAL	A1	
2318-5023	NHENGATU	B1	
2469-1879	NIMIO (LA PLATA, EN LÍNEA)	B1	
1089-8603	NITRIC OXIDE (PRINT)	A2	
2504-3129	NITROGEN	A3	
2764-1244	NJINGA E SEPÉ: REVISTA INTERNACIONAL DE CULTURAS, LÍNGUAS AFRICANAS E BRASILEIRAS	B2	
0939-4753	NMCD. NUTRITION METABOLISM AND CARDIOVASCULAR DISEASES (TESTO STAMPATO)	A2	
1590-3729	NMCD. NUTRITION METABOLISM AND CARDIOVASCULAR DISEASES.(ONLINE)	A2	
1463-1741	NOISE & HEALTH	B1	
0957-4565	NOISE & VIBRATION WORLDWIDE	B1	
0121-7550	NÓMADAS (BOGOTÁ)	A3	
1807-3840	NOMOS (FORTALEZA)	A1	
2316-9877	NONA ARTE: REVISTA BRASILEIRA DE PESQUISAS EM HISTÓRIAS EM QUADRINHOS	B2	
2311-553X	NON-CODING RNA	A3	
2468-0540	NON-CODING RNA RESEARCH (ONLINE)	A2	
0362-546X	NONLINEAR ANALYSIS	A1	
1468-1218	NONLINEAR ANALYSIS: REAL WORLD APPLICATIONS	A1	
0924-090X	NONLINEAR DYNAMICS	A1	
1573-269X	NONLINEAR DYNAMICS (DORDRECHT. ONLINE)	A1	
1090-0578	NONLINEAR DYNAMICS, PSYCHOLOGY AND LIFE SCIENCES	B1	
1359-8678	NONLINEAR STUDIES (ABINGDON)	B3	
0899-7640	NONPROFIT AND VOLUNTARY SECTOR QUARTERLY	A1	
1584-9074	NORTH-WESTERN JOURNAL OF ZOOLOGY (PRINT)	B3	
2318-1966	NORUS - NOVOS RUMOS SOCIOLÓGICOS	A3	
2318-3721	NORUS - NOVOS RUMOS SOCIOLÓGICOS (IMPRESSO)	A3	
2763-5899	NOTANDUM	B2	
1516-5477	NOTANDUM (USP)	B2	
1980-5381	NOVA ECONOMIA (UFMG)	A2	
0103-6351	NOVA ECONOMIA (UFMG. IMPRESSO)	A2	
2525-4537	NOVA HILEIA: REVISTA DE DIREITO AMBIENTAL DA AMAZÔNIA	A4	
0104-7841	NOVA PERSPECTIVA SISTÊMICA	A4	
9781-6132	NOVA PUBLISHERS	C	
2318-1346	NOVA REVISTA AMAZÔNICA	B2	
2562-7147	NOVATION – CRITICAL STUDIES OF INNOVATION	B4	
1516-6481	NOVOS CADERNOS NAEA	B1	
2179-7536	NOVOS CADERNOS NAEA	B1	
2358-0097	NOVOS DEBATES - FÓRUM DE DEBATES EM ANTROPOLOGIA	A3	
0101-3300	NOVOS ESTUDOS CEBRAP (IMPRESSO)	A1	
1980-5403	NOVOS ESTUDOS CEBRAP (ONLINE)	A1	
2175-0491	NOVOS ESTUDOS JURÍDICOS (ONLINE)	A2	
1413-2117	NOVOS ESTUDOS JURÍDICOS (UNIVALI)	A2	
2238-7714	NOVOS OLHARES	A3	
2596-2833	NOVOS OLHARES SOCIAIS	A4	
1516-5981	NOVOS OLHARES (USP)	A3	
2175-6279	NOVOS TEMAS	B4	
2731-4243	NPJ BIODIVERSITY	B4	
2057-3960	NPJ COMPUTATIONAL MATERIALS	A1	
2398-6352	NPJ DIGITAL MEDICINE	A1	
2731-426X	NPJ OCEAN SUSTAINABILITY	A4	
2057-3995	NPJ REGENERATIVE MEDICINE	A1	
2056-7936	NPJ SCIENCE OF LEARNING	A1	
2059-0105	NPJ VACCINES	A1	
2236-0441	NUANCES	A2	
2405-6014	NUCLEAR AND PARTICLE PHYSICS PROCEEDINGS	B4	
0029-5493	NUCLEAR ENGINEERING AND DESIGN (PRINT)	A1	
1738-5733	NUCLEAR ENGINEERING AND TECHNOLOGY	A2	
0168-9002	NUCLEAR INSTRUMENTS & METHODS IN PHYSICS RESEARCH. SECTION A, ACCELERATORS, SPECTROMETERS, DETECTORS AND ASSOCIATED EQUIPMENT (PRINT)	A4	
0168-583X	NUCLEAR INSTRUMENTS & METHODS IN PHYSICS RESEARCH. SECTION B, BEAM INTERACTIONS WITH MATERIALS AND ATOMS (PRINT)	B1	
0550-3213	NUCLEAR PHYSICS. B (PRINT)	A2	
0029-5450	NUCLEAR TECHNOLOGY	A3	
0305-1048	NUCLEIC ACIDS RESEARCH	A1	
1525-7770	NUCLEOSIDES, NUCLEOTIDES & NUCLEIC ACIDS	B3	
1949-1034	NUCLEUS (AUSTIN)	B1	
1982-2278	NUCLEUS (ITUVERAVA. ONLINE)	A3	
0185-0636	NUEVA ANTROPOLOGÍA	C	
0719-5176	NUEVA REVISTA DEL PACÍFICO (ONLINE)	A2	
0251-3552	NUEVA SOCIEDAD	A1	
2011-4540	NUEVO DERECHO	B1	
1626-0252	NUEVO MUNDO MUNDOS NUEVOS	A1	
2236-6296	NUMEN: REVISTA DE ESTUDOS E PESQUISA DA RELIGIÃO	A2	
1516-1021	NUMEN (UFJF)	A2	
1040-7790	NUMERICAL HEAT TRANSFER. PART B, FUNDAMENTALS	A4	
1983-3636	NUNTIUS ANTIQUUS	A4	
1471-5953	NURSE EDUCATION IN PRACTICE	A1	
0260-6917	NURSE EDUCATION TODAY	A1	
0871-6196	NURSING	B3	
2572-8474	NURSING & CARE OPEN ACCESS JOURNAL	B2	
1442-2018	NURSING AND HEALTH SCIENCES	A1	
1441-0745	NURSING AND HEALTH SCIENCES	A1	
2675-049X	NURSING (ED. BRASILEIRA. ONLINE)	B1	
0969-7330	NURSING ETHICS	A1	
0029-6473	NURSING FORUM (HILLSDALE)	C	
2383-1162	NURSING PRACTICE TODAY (ONLINE)	B1	
2039-4403	NURSING REPORTS	A2	
1415-8264	NURSING (SÃO PAULO)	B1	
1661-3821	NUTRACEUTICALS	C	
1677-0234	NUTRIÇÃO BRASIL	C	
1989-208X	NUTRICION CLINICA Y DIETETICA HOSPITALARIA	B2	
0211-6057	NUTRICION CLINICA Y DIETETICA HOSPITALARIA	B2	
0212-1611	NUTRICION HOSPITALARIA	B1	
1699-5198	NUTRICIÓN HOSPITALARIA	B1	
1385-1314	NUTRIENT CYCLING IN AGROECOSYSTEMS	A2	
2072-6643	NUTRIENTS (BASEL)	A1	
2316-7874	NUTRIRE - REVISTA DA SOCIEDADE BRASILEIRA DE ALIMENTAÇÃO E NUTRIÇÃO	B2	
0899-9007	NUTRITION	A1	
0034-6659	NUTRITION & FOOD SCIENCE	B1	
2474-767X	NUTRITION & FOOD SCIENCE INTERNATIONAL JOURNAL	C	
1743-7075	NUTRITION & METABOLISM	A1	
0163-5581	NUTRITION AND CANCER	A2	
0260-1060	NUTRITION AND HEALTH	A3	
2047-945X	NUTRITION AND HEALTH	A3	
0884-5336	NUTRITION IN CLINICAL PRACTICE	A2	
1475-2891	NUTRITION JOURNAL	A2	
0271-5317	NUTRITION RESEARCH (NEW YORK, N.Y.)	A1	
0029-6643	NUTRITION REVIEWS	A1	
1476-8305	NUTRITIONAL NEUROSCIENCE (ONLINE)	A1	
1382-2373	NWIG, NEW WEST INDIAN GUIDE	C	
1111-1119	NYSSA	A1	
0103-8125	O ALFERES	B2	
1980-6221	O BIOLÓGICO (ONLINE) (SÃO PAULO)	B4	
2525-6750	O ECO DA GRADUAÇÃO	B3	
2358-9787	O EIXO E A RODA: REVISTA DE LITERATURA BRASILEIRA	A4	
2183-1394	O IDEÁRIO PATRIMONIAL	B3	
2175-0769	O MOSAICO: REVISTA DE PESQUISA EM ARTES	A2	
0104-7809	O MUNDO DA SAÚDE (CUSC. IMPRESSO)	B4	
1980-3990	O MUNDO DA SAÚDE (ONLINE)	B4	
2238-5169	O PÚBLICO E O PRIVADO	A3	
1519-5481	O PÚBLICO E O PRIVADO (UECE)	A3	
1415-1804	O SOCIAL EM QUESTÃO	A1	
2238-9091	O SOCIAL EM QUESTÃO (ONLINE)	A1	
2673-4168	OBESITIES	C	
2451-8476	OBESITY MEDICINE	A2	
1467-7881	OBESITY REVIEWS (PRINT)	A1	
1930-7381	OBESITY (SILVER SPRING, MD.)	A1	
0960-8923	OBESITY SURGERY	A1	
2638-1311	OBM GERIATRICS	B2	
2724-086X	OBOE JOURNAL ON BIENNIALS AND OTHER EXHIBITIONS (ONLINE)	B1	
2014-5039	OBRA DIGITAL: JOURNAL OF COMMUNICATION AND TECHNOLOGY	B1	
1519-7670	OBSERVATÓRIO DA IMPRENSA (SÃO PAULO)	B3	
1696-8352	OBSERVATORIO DE LA ECONOMÍA LATINOAMERICANA	C	
1646-5954	OBSERVATORIO (OBS*)	A1	
1984-4891	OBSERVATORIUM	A4	
2377-4304	OBSTETRICS & GYNECOLOGY INTERNATIONAL JOURNAL	B3	
2526-3676	OCCURSUS – REVISTA DE FILOSOFIA	A3	
0964-5691	OCEAN & COASTAL MANAGEMENT	A1	
2675-2824	OCEAN AND COASTAL RESEARCH	B2	
0029-8018	OCEAN ENGINEERING	A1	
1812-0792	OCEAN SCIENCE	A1	
0927-3948	OCULAR IMMUNOLOGY AND INFLAMMATION	A2	
2318-0919	OCULUM ENSAIOS	A1	
2525-4715	ODEERE	B1	
0375-0183	ODONATOLOGICA (UTRECHT)	B2	
0797-0374	ODONTOESTOMATOLOGÍA	C	
1677-3888	ODONTOLOGIA CLÍNICO-CIENTÍFICA (IMPRESSO)	B4	
1618-1247	ODONTOLOGY	A2	
2215-3411	ODOVTOS - INTERNATIONAL JOURNAL OF DENTAL SCIENCES	B2	
0029-8549	OECOLOGIA	A2	
2177-6199	OECOLOGIA AUSTRALIS	B2	
2494-1271	OENO ONE.	A2	
2178-3748	OFICINA DO HISTORIADOR	B1	
2594-2115	OFICIO. REVISTA DE HISTORIA E INTERDISCIPLINA (ONLINE)	B2	
1988-2483	OÍDLES (MÁLAGA)	B2	
2236-8493	OIKOS: FAMÍLIA E SOCIEDADE EM DEBATE	A1	
0030-1299	OIKOS (KOBENHAVN)	A2	
1808-0235	OIKOS (RIO DE JANEIRO)	A2	
1294-4475	OIL & GAS SCIENCE AND TECHNOLOGY	A3	
1982-3878	OKARA : GEOGRAFIA EM DEBATE (UFPB)	A2	
1519-8693	OLAM: CIÊNCIA & TECNOLOGIA (RIO CLARO. CD-ROM)	C	
1982-7784	OLAM: CIÊNCIA & TECNOLOGIA (RIO CLARO. ONLINE)	B2	
1984-0187	OLHAR DE PROFESSOR	A2	
1517-0845	OLHAR (UFSCAR)	C	
2318-1095	OLHARES AMAZÔNICOS	B3	
2317-7853	OLH@RES - REVISTA ELETRÔNICA DO DEPARTAMENTO DE EDUCAÇÃO DA UNIFESP	A4	
2526-6314	OLIMPIANOS - JOURNAL OF OLYMPIC STUDIES	B3	
0030-2228	OMEGA (FARMINGDALE . PRINT)	A2	
1806-6763	OMNIA SAÚDE (FAI)	B4	
2079-5971	ONATI SOCIO - LEGAL SERIES	A1	
1792-1082	ONCOLOGY LETTERS	A3	
1792-1074	ONCOLOGY LETTERS	A3	
0965-0407	ONCOLOGY RESEARCH	A4	
1949-2553	ONCOTARGET	A3	
2590-3322	ONE EARTH	A1	
2352-7714	ONE HEALTH	A1	
2473-9103	ONE J: OIL AND GAS, NATURAL RESOURCES, AND ENERGY JOURNAL	A4	
1676-4285	ONLINE BRAZILIAN JOURNAL OF NURSING	B1	
1468-4527	ONLINE INFORMATION REVIEW	A1	
2643-6884	ONLINE JOURNAL OF CARDIOVASCULAR RESEARCH	B4	
2468-6964	ONLINE SOCIAL NETWORKS AND MEDIA	A1	
2317-9465	OPARÁ	A3	
2690-487X	OPEN ACCESS JOURNAL OF BIOMEDICAL SCIENCE	B2	
2833-0994	OPEN ACCESS JOURNAL OF DENTAL AND ORAL SURGERY (OAJDOS)	C	
2575-8543	OPEN ACCESS JOURNAL OF GERONTOLOGY & GERIATRIC MEDICINE	B3	
2476-1346	OPEN ACCESS JOURNAL OF SURGERY	B3	
2333-9721	OPEN ACCESS LIBRARY JOURNAL	C	
1857-9655	OPEN ACCESS MACEDONIAN JOURNAL OF MEDICAL SCIENCES	A3	
2391-9531	OPEN AGRICULTURE	A3	
2666-5395	OPEN CERAMICS	A2	
2391-5439	OPEN ENGINEERING	A3	
2328-8957	OPEN FORUM INFECTIOUS DISEASES	A3	
2391-5447	OPEN GEOSCIENCES	A4	
2544-9826	OPEN HEALTH (ONLINE)	B2	
2165-3925	OPEN JOURNAL OF APPLIED SCIENCES	B2	
2164-5396	OPEN JOURNAL OF BIOPHYSICS (ONLINE)	C	
2329-3292	OPEN JOURNAL OF BUSINESS AND MANAGEMENT (OJBM)	C	
2329-3284	OPEN JOURNAL OF BUSINESS AND MANAGEMENT (OJBM)	C	
2165-7459	OPEN JOURNAL OF EPIDEMIOLOGY	C	
2616-8111	OPEN JOURNAL OF MATHEMATICAL ANALYSIS (ONLINE)	B1	
2777-5860	OPEN JOURNAL OF MATHEMATICAL OPTIMIZATION	B2	
2327-4018	OPEN JOURNAL OF MODELLING AND SIMULATION (PRINT)	C	
2162-5344	OPEN JOURNAL OF NURSING	C	
2160-8792	OPEN JOURNAL OF OBSTETRICS AND GYNECOLOGY	C	
2163-9914	OPEN JOURNAL OF RHEUMATOLOGY AND AUTOIMMUNE DISEASES	C	
2327-5952	OPEN JOURNAL OF SOCIAL SCIENCES	C	
2162-5379	OPEN JOURNAL OF SOIL SCIENCE	C	
2391-5463	OPEN MEDICINE (ONLINE)	A3	
2675-5157	OPEN MINDS INTERNATIONAL JOURNAL	A4	
2304-070X	OPEN PRAXIS	A1	
2466-4308	OPEN SCIENCE JOURNAL (OSJ)	B1	
2300-6579	OPEN THEOLOGY	A2	
1866-1505	OPERATIONAL RESEARCH	A1	
1936-9735	OPERATIONS MANAGEMENT RESEARCH	A1	
2391-6060	OPERATIONS RESEARCH AND DECISIONS	B3	
2211-6923	OPERATIONS RESEARCH FOR HEALTH CARE	A3	
0167-6377	OPERATIONS RESEARCH LETTERS	B1	
2214-7160	OPERATIONS RESEARCH PERSPECTIVES	A1	
0361-7734	OPERATIVE DENTISTRY	A2	
1559-2863	OPERATIVE DENTISTRY (ONLINE)	A2	
0928-6586	OPHTHALMIC EPIDEMIOLOGY	A3	
2525-8133	OPINIÃES - REVISTA DOS ALUNOS DE LITERATURA BRASILEIRA	B3	
1807-0191	OPINIÃO PÚBLICA	A1	
1692-2530	OPINION JURIDICA	A1	
2248-4078	OPINIÓN JURÍDICA	A1	
0030-3887	OPSEARCH (DELHI)	B1	
2177-5648	OPSIS	A3	
0030-3917	OPTICA PURA Y APLICADA	B3	
0091-3286	OPTICAL ENGINEERING (BELLINGHAM. PRINT)	A3	
0925-3467	OPTICAL MATERIALS (AMSTERDAM. PRINT)	A2	
2590-1478	OPTICAL MATERIALS: X	A4	
2673-3269	OPTICS	B1	
0030-3992	OPTICS & LASER TECHNOLOGY	A2	
0030-4018	OPTICS COMMUNICATIONS (PRINT)	A3	
2770-0208	OPTICS CONTINUUM	A4	
1094-4087	OPTICS EXPRESS	A2	
0030-4026	OPTIK (STUTTGART)	A4	
1389-4420	OPTIMIZATION AND ENGINEERING (PRINT)	A3	
1862-4472	OPTIMIZATION LETTERS (PRINT)	A3	
0233-1934	OPTIMIZATION (PRINT)	A2	
1517-7017	OPUS (BELO HORIZONTE. ONLINE)	A4	
0103-7412	OPUS (PORTO ALEGRE)	A4	
1232-9274	OPUSCULA MATHEMATICA	A3	
1865-1550	ORAL AND MAXILLOFACIAL SURGERY (PRINT)	A3	
1354-523X	ORAL DISEASES	A1	
1601-0825	ORAL DISEASES	A1	
1757-9996	ORAL HEALTH AND PREVENTIVE DENTISTRY (ONLINE)	A2	
1368-8375	ORAL ONCOLOGY (1997)	A1	
0911-6028	ORAL RADIOLOGY	A2	
1752-248X	ORAL SURGERY	B1	
2212-4403	ORAL SURGERY, ORAL MEDICINE, ORAL PATHOLOGY AND ORAL RADIOLOGY	A2	
1752-2471	ORAL SURGERY (PRINT)	B1	
1984-6428	ORBITAL: THE ELECTRONIC JOURNAL OF CHEMISTRY	B2	
0169-1368	ORE GEOLOGY REVIEWS	A1	
2525-5304	ORFEU	A1	
1519-0110	ORG & DEMO (UNESP. MARÍLIA)	A2	
1879-4238	ORGANIC AGRICULTURE	A2	
2052-4129	ORGANIC CHEMISTRY FRONTIERS	A1	
2238-2593	ORGANICOM	A2	
1807-1236	ORGANICOM (USP)	A2	
1439-6092	ORGANISMS DIVERSITY & EVOLUTION (PRINT)	A2	
1413-585X	ORGANIZAÇÕES & SOCIEDADE	A2	
1984-9230	ORGANIZAÇÕES & SOCIEDADE (ONLINE)	A2	
2318-9223	ORGANIZAÇÕES E SUSTENTABILIDADE	B3	
1982-8756	ORGANIZAÇÕES EM CONTEXTO	B1	
1809-1040	ORGANIZAÇÕES EM CONTEXTO	B1	
2238-6890	ORGANIZAÇÕES RURAIS & AGROINDUSTRIAIS	B1	
2238-8915	ORGANON	A3	
0102-6267	ORGANON (UFRGS)	A3	
0169-6149	ORIGINS OF LIFE AND EVOLUTION OF THE BIOSPHERE	A4	
2447-536X	ORNAMENTAL HORTICULTURE	A4	
1808-7221	ORNITHOLOGIA (CEMAVE/IBAMA. IMPRESSO)	C	
1347-0558	ORNITHOLOGICAL SCIENCE	B2	
2662-673X	ORNITHOLOGY RESEARCH	A3	
1750-1172	ORPHANET JOURNAL OF RARE DISEASES	A2	
1982-8799	ORTHO SCIENCE: ORTHODONTIC SCIENCE AND PRACTICE	B3	
1601-6335	ORTHODONTICS & CRANIOFACIAL RESEARCH (PRINT)	A1	
2325-9671	ORTHOPAEDIC JOURNAL OF SPORTS MEDICINE	A3	
0030-5944	ORTODONTIA	B4	
0030-6053	ORYX (OXFORD. PRINT)	A2	
1063-4584	OSTEOARTHRITIS AND CARTILAGE	A1	
2405-5255	OSTEOPOROSIS AND SARCOPENIA	A2	
2161-119X	OTOLARYNGOLOGY	B2	
0194-5998	OTOLARYNGOLOGY AND HEAD AND NECK SURGERY	A1	
1531-7129	OTOLOGY & NEUROTOLOGY	A3	
1851-4715	OTRA ECONOMÍA	B2	
1743-1026	OUTLOOKS ON PEST MANAGEMENT (PRINT)	B3	
2176-8552	OUTRA TRAVESSIA (UFSC)	B3	
1807-5002	OUTRA TRAVESSIA (UFSC)	B3	
2318-5503	OUTRAS FRONTEIRAS: REVISTA DISCENTE DO PROGRAMA DE PÓS-GRADUAÇÃO EM HISTÓRIA DA UFMT	A3	
1806-7530	OUTRAS PALAVRAS (BRASÍLIA)	B1	
1808-8031	OUTROS TEMPOS	A4	
1983-1005	OUVIROUVER (ONLINE)	A1	
1360-0818	OXFORD DEVELOPMENT STUDIES	A3	
1942-0900	OXIDATIVE MEDICINE AND CELLULAR LONGEVITY	A1	
1942-0994	OXIDATIVE MEDICINE AND CELLULAR LONGEVITY (ONLINE)	A1	
0191-9512	OZONE: SCIENCE & ENGINEERING	A2	
2007-3607	PAAKAT: REVISTA DE TECNOLOGIA Y SOCIEDAD	A4	
2697-3677	PACHA - REVISTA DE ESTUDOS CONTEMPORÂNEOS DEL SUR GLOBAL	A4	
0894-3214	PACKAGING TECHNOLOGY & SCIENCE (PRINT)	A3	
1972-7887	PAD. PAGES ON ARTS & DESIGN	B1	
0873-5670	PÁGINAS A & B. ARQUIVOS & BIBLIOTECAS	A3	
2183-6671	PÁGINAS A&B ARQUIVOS E BIBLIOTECAS	A3	
2175-7747	PÁGINAS DE FILOSOFIA (SÃO BERNARDO DO CAMPO)	B2	
1982-6109	PAIDÉI@ (SANTOS)	A4	
1982-4327	PAIDÉIA (USP. ONLINE)	A1	
1758-1869	PAIN MANAGEMENT	A4	
1526-2375	PAIN MEDICINE (MALDEN, MASS.)	A2	
1533-2500	PAIN PRACTICE	A2	
0104-6098	PAISAGEM E AMBIENTE	A2	
2359-5361	PAISAGEM E AMBIENTE	A2	
1011-601X	PAKISTAN JOURNAL OF PHARMACEUTICAL SCIENCES	B2	
1816-2711	PAKISTAN JOURNAL OF STATISTICS AND OPERATION RESEARCH	A4	
2027-534X	PALABRA CLAVE	A1	
1853-9912	PALABRA CLAVE (LA PLATA)	A1	
0031-0182	PALAEOGEOGRAPHY, PALAEOCLIMATOLOGY, PALAEOECOLOGY	A1	
1871-174X	PALAEOWORLD (AMSTERDAM)	A2	
2764-0922	PALAVRAS ABEHRTAS	B1	
0718-5898	PALIMPSESTO (ONLINE)	B3	
1809-3507	PALIMPSESTO (RIO DE JANEIRO. ONLINE)	A3	
1984-9532	PALÍNDROMO	A1	
2175-2346	PALÍNDROMO (ONLINE)	A1	
0269-2163	PALLIATIVE MEDICINE	A1	
1669-3299	PAMPA (SANTA FE)	B2	
2357-9641	PAN AMERICAN JOURNAL OF AGING RESEARCH	B3	
2358-4696	PAN AMERICAN JOURNAL OF MEDICAL THERMOLOGY	B3	
2594-9047	PANACEA	B3	
0885-3177	PANCREAS (NEW YORK)	A4	
1536-4828	PANCREAS (ONLINE)	A4	
1982-8837	PANDAEMONIUM GERMANICUM (ONLINE)	A1	
2237-1087	PANORAMA	B1	
1807-0205	PAPÉIS AVULSOS DE ZOOLOGIA (ONLINE)	B2	
2448-1165	PAPÉIS (ONLINE)	B1	
1900-0324	PAPELES DE COYUNTURA	B3	
1989-5917	PAPELES DE EUROPA (ONLINE)	B1	
0327-6147	PAPELES DE TRABAJO - CENTRO DE ESTUDIOS INTERDISCIPLINARIOS EN ETNOLINGUÍSTICA Y ANTROPOLOGÍA SOCIO-CULTURAL	B1	
1516-9111	PAPERS DO NAEA (UFPA)	A3	
2375-4931	PAPERS IN APPLIED GEOGRAPHY	A4	
2056-2802	PAPERS IN PALAEONTOLOGY	A2	
1056-8190	PAPERS IN REGIONAL SCIENCE	A2	
1982-0003	PARA ONDE!? (UFRGS)	A3	
2665-0126	PARADIGMA	A1	
1011-2251	PARADIGMA (MARACAY)	A1	
2178-8162	PARALELLUS. REVISTA DE ESTUDOS DE RELIGIÃO - UNICAP	A3	
2358-2529	PARALELO 31	A1	
1679-0944	PARANOÁ	A2	
1776-1042	PARASITE	A1	
0141-9838	PARASITE IMMUNOL.	A3	
1365-3024	PARASITE IMMUNOLOGY	A3	
1756-3305	PARASITES & VECTORS	A1	
2673-6772	PARASITOLOGIA	B1	
1469-8161	PARASITOLOGY (CAMBRIDGE. ONLINE)	A2	
1383-5769	PARASITOLOGY INTERNATIONAL (PRINT)	A4	
0031-1820	PARASITOLOGY (LONDON. PRINT)	A2	
1432-1955	PARASITOLOGY RESEARCH (1987. INTERNET)	A1	
0932-0113	PARASITOLOGY RESEARCH (1987. PRINT)	A1	
1980-6809	PARC : PESQUISA EM ARQUITETURA E CONSTRUÇÃO	A2	
2594-5580	PARCERIAS DIGITAIS	B3	
1413-9375	PARCERIAS ESTRATÉGICAS (IMPRESSO)	B1	
1353-8020	PARKINSONISM & RELATED DISORDERS	A3	
2411-2119	PARKS	A2	
2666-8181	PARTIAL DIFFERENTIAL EQUATIONS IN APPLIED MATHEMATICS	A3	
1677-1893	PARTICIPAÇÃO (UNB)	B3	
2675-326X	PARTICIPATIVA	B3	
1521-4117	PARTICLE & PARTICLE SYSTEMS CHARACTERIZATION	A3	
1695-7121	PASOS. REVISTA DE TURISMO Y PATRIMONIO CULTURAL	A3	
1984-2503	PASSAGENS: REVISTA INTERNACIONAL DE HISTÓRIA POLÍTICA E CULTURA JURÍDICA	A2	
2558-7935	PASSÉ FUTURS	B2	
0718-3992	PASSIVE CONSEQUENCES OF BRAND HATE: THE MEDIATING ROLE OF BRAND AVOIDANCE	B2	
2076-0817	PATHOGENS	A3	
2047-7724	PATHOGENS AND GLOBAL HEALTH	A4	
0344-0338	PATHOLOGY, RESEARCH AND PRACTICE (PRINT)	A3	
0928-4680	PATHOPHYSIOLOGY (AMSTERDAM. PRINT)	C	
0738-3991	PATIENT EDUCATION AND COUNSELING	A1	
1754-9493	PATIENT SAFETY IN SURGERY	A1	
1808-1967	PATRIMÔNIO E MEMÓRIA (UNESP)	A4	
2595-0169	PATRYTER	A4	
1433-755X	PATTERN ANALYSIS AND APPLICATIONS	A2	
0167-8655	PATTERN RECOGNITION LETTERS	A1	
2666-3899	PATTERNS	A1	
2595-6752	PAUBRASILIA	C	
2525-958X	PAULUS - REVISTA DE COMUNICAÇÃO DA FAPCOM	A3	
1677-0595	PAUTA GERAL	A3	
2318-857X	PAUTA GERAL - ESTUDOS EM JORNALISMO	A3	
1463-9076	PCCP. PHYSICAL CHEMISTRY CHEMICAL PHYSICS (PRINT)	A2	
1079-7440	PDA JOURNAL OF PHARMACEUTICAL SCIENCE AND TECHNOLOGY	A4	
2772-6282	PEC INNOVATION	B2	
1989-9742	PEDAGOGIA SOCIAL	A2	
0905-6157	PEDIATRIC ALLERGY AND IMMUNOLOGY	A1	
0164-1263	PEDIATRIC DENTISTRY	A3	
1399-543X	PEDIATRIC DIABETES (PRINT)	A1	
2081-237X	PEDIATRIC ENDOCRINOLOGY, DIABETES AND METABOLISM	B1	
0899-8493	PEDIATRIC EXERCISE SCIENCE	A4	
2468-1245	PEDIATRIC HEMATOLOGY ONCOLOGY JOURNAL	B2	
2574-2272	PEDIATRIC INVESTIGATION	A4	
1432-198X	PEDIATRIC NEPHROLOGY	A2	
0931-041X	PEDIATRIC NEPHROLOGY (BERLIN, WEST)	A2	
0887-8994	PEDIATRIC NEUROLOGY	A1	
2047-6310	PEDIATRIC OBESITY	A2	
0898-5669	PEDIATRIC PHYSICAL THERAPY	B1	
1538-005X	PEDIATRIC PHYSICAL THERAPY (ONLINE)	B1	
8755-6863	PEDIATRIC PULMONOLOGY	A2	
1099-0496	PEDIATRIC PULMONOLOGY (ONLINE)	A2	
0301-0449	PEDIATRIC RADIOLOGY	A2	
0031-3998	PEDIATRIC RESEARCH	A1	
0031-4005	PEDIATRICS (EVANSTON)	A1	
1002-0160	PEDOSPHERE	A1	
1541-1389	PEER REVIEW	A4	
2167-8359	PEERJ	A2	
2376-5992	PEERJ COMPUTER SCIENCE	A2	
1676-1871	PEGADA (UNESP. IMPRESSO)	A2	
1973-4905	PELVIPERINEOLOGY (TESTO STAMPATO)	B4	
1870-5766	PENÍNSULA	B1	
1415-5109	PENSAMENTO & REALIDADE	B3	
2237-4418	PENSAMENTO & REALIDADE	B3	
2238-944X	PENSAMENTO JURÍDICO - REVISTA DA FACULDADE AUTÔNOMA DE DIREITO	A2	
2523-1960	PENSAMIENTO PROPIO (ONLINE)	B1	
1679-494X	PENSANDO FAMÍLIAS	A4	
2382-3984	PENSANDO PSICOLOGÍA	A3	
2178-843X	PENSANDO: REVISTA DE FILOSOFIA (UFPI)	A2	
2317-2150	PENSAR - REVISTA DE CIÊNCIAS JURÍDICAS	A2	
1980-6183	PENSAR A PRÁTICA (ONLINE)	B2	
1415-4676	PENSAR A PRÁTICA (UFG. IMPRESSO)	B2	
2674-7499	PENSAR ACADÊMICO (ONLINE)	A2	
1519-0412	PENSAR CONTÁBIL	B1	
2177-417X	PENSAR CONTÁBIL	B1	
2527-0540	PENSAR GEOGRAFIA	A4	
2317-2215	PENSARES EM REVISTA	A3	
2237-678X	PENSATA	B2	
1808-6136	PENS@R ACADÊMICO	B1	
2575-8314	PEOPLE AND NATURE	A1	
2475-8817	PEPTIDE SCIENCE	A3	
0196-9781	PEPTIDES (NEW YORK, N.Y. 1980)	A3	
2317-6377	PER MUSI (ONLINE)	A4	
1517-7599	PER MUSI (UFMG)	A4	
2318-891X	PERCEPTA - REVISTA DE COGNIÇÃO MUSICAL	A1	
1558-688X	PERCEPTUAL AND MOTOR SKILLS	B1	
0031-5125	PERCEPTUAL AND MOTOR SKILLS	B1	
2316-7521	PERCURSO (CURITIBA)	A3	
0103-6815	PERCURSO (SÃO PAULO)	B1	
1519-5589	PERCURSOS (UDESC) IMPRESSA	A3	
1984-7246	PERCURSOS (UDESC) ONLINE	A3	
0185-2698	PERFILES EDUCATIVOS	A1	
0166-5316	PERFORMANCE EVALUATION	A4	
0163-5999	PERFORMANCE EVALUATION REVIEW	B4	
1984-9540	PERIFERIA (DUQUE DE CAXIAS)	A2	
2966-2931	PERIÓDICO ELETRÔNICO FÓRUM AMBIENTAL DE ALTA PAULISTA (ONLINE)	A3	
1806-0374	PERIÓDICO TCHÊ QUÍMICA (IMPRESSO)	B4	
2179-0302	PERIÓDICO TCHÊ QUÍMICA (MEIO ELETRÔNICO)	B4	
2317-8604	PERIÓDICO TÉCNICO E CIENTÍFICO CIDADES VERDES	A4	
2674-9432	PERIÓDICOS BRASIL. PESQUISA CIENTÍFICA (ONLINE)	A3	
2594-7443	PÉRIPLOS. REVISTA DE PESQUISA SOBRE MIGRAÇÕES	A3	
0896-8608	PERITONEAL DIALYSIS INTERNATIONAL	A2	
0123-3122	PERSONA Y BIOETICA	A4	
0146-1672	PERSONALITY & SOCIAL PSYCHOLOGY BULLETIN	A1	
0031-5850	PERSOONIA (LEIDEN)	A1	
2175-795X	PERSPECTIVA	A1	
0101-2908	PERSPECTIVA (EREXIM)	C	
0102-5473	PERSPECTIVA (FLORIANÓPOLIS)	A1	
2500-8684	PERSPECTIVA GEOGRÁFICA (ONLINE)	B4	
0123-3769	PERSPECTIVA GEOGRÁFICA (PRINT)	A4	
2965-1085	PERSPECTIVA PICTORUM	B2	
0102-4469	PERSPECTIVA TEOLÓGICA (BELO HORIZONTE)	A3	
2448-2390	PERSPECTIVAS	A3	
1980-0193	PERSPECTIVAS CONTEMPORÂNEAS	B2	
1984-5693	PERSPECTIVAS DA CIÊNCIA E TECNOLOGIA	B3	
2359-2842	PERSPECTIVAS DA EDUCAÇÃO MATEMÁTICA	A1	
2523-398X	PERSPECTIVAS DE IA	A4	
2595-6361	PERSPECTIVAS E DIÁLOGOS	A4	
1413-9936	PERSPECTIVAS EM CIÊNCIA DA INFORMAÇÃO	A1	
1981-5344	PERSPECTIVAS EM CIÊNCIA DA INFORMAÇÃO	A1	
2238-0507	PERSPECTIVAS EM CIÊNCIAS TECNOLÓGICAS	B4	
2358-1840	PERSPECTIVAS EM DIÁLOGO: REVISTA DE EDUCAÇÃO E SOCIEDADE	A4	
2236-417X	PERSPECTIVAS EM GESTÃO & CONHECIMENTO	B1	
2526-0928	PERSPECTIVAS EM MEDICINA LEGAL E PERÍCIAS MÉDICAS (ONLINE)	B1	
1983-3733	PERSPECTIVAS EM POLÍTICAS PÚBLICAS	B3	
2236-045X	PERSPECTIVAS EM POLÍTICAS PÚBLICAS	B3	
2237-6917	PERSPECTIVAS EM PSICOLOGIA	A4	
1668-7175	PERSPECTIVAS EN PSICOLOGÍA (MAR DEL PLATA)	A3	
2683-3395	PERSPECTIVAS ENERGÉTICAS (ONLINE)	B4	
2594-9888	PERSPECTIVAS EXPERIMENTAIS E CLÍNICAS, INOVAÇÕES BIOMÉDICAS E EDUCAÇÃO EM SAÚDE (PECIBES)	B3	
2236-8868	PERSPECTIVAS ONLINE: BIOLÓGICAS E SAÚDE	B1	
2236-8876	PERSPECTIVAS ONLINE: HUMANAS E SOCIAIS APLICADAS	B3	
1409-3251	PERSPECTIVAS RURALES	B1	
2317-7438	PERSPECTIVAS SOCIAIS	B3	
2530-0644	PERSPECTIVES IN ECOLOGY AND CONSERVATION	A1	
1433-8319	PERSPECTIVES IN PLANT ECOLOGY, EVOLUTION AND SYSTEMATICS (PRINT)	A2	
0031-5990	PERSPECTIVES IN PSYCHIATRIC CARE	A2	
2307-2334	PERSPECTIVES OF SCIENCE AND EDUCATION	A3	
2381-473X	PERSPECTIVES OF THE ASHA SPECIAL INTEREST GROUPS	B1	
2520-8969	PERSPECTIVES ON BEHAVIOR SCIENCE	A2	
2184-9021	PERSPETIVAS DA CONTEMPORANEIDADE	C	
1806-9029	PESQUISA & DEBATE (SÃO PAULO. 1985. ONLINE)	B1	
2358-646X	PESQUISA & EDUCAÇÃO A DISTÂNCIA	A4	
1678-3921	PESQUISA AGROPECUÁRIA BRASILEIRA (ONLINE)	A4	
2595-7686	PESQUISA AGROPECUÁRIA GAÚCHA	B3	
2446-8053	PESQUISA AGROPECUÁRIA PERNAMBUCANA	B3	
1983-4063	PESQUISA AGROPECUÁRIA TROPICAL (ONLINE)	A4	
1981-0695	PESQUISA BRASILEIRA EM CIÊNCIA DA INFORMAÇÃO E BIBLIOTECONOMIA	A4	
1983-4632	PESQUISA BRASILEIRA EM ODONTOPEDIATRIA E CLÍNICA INTEGRADA	A4	
1519-0501	PESQUISA BRASILEIRA EM ODONTOPEDIATRIA E CLÍNICA INTEGRADA (IMPRESSO)	A4	
2237-9444	PESQUISA E DEBATE EM EDUCAÇÃO	A3	
2237-9436	PESQUISA E DEBATE EM EDUCAÇÃO	A3	
2526-8236	PESQUISA E ENSINO EM CIÊNCIAS EXATAS E DA NATUREZA	C	
2237-2091	PESQUISA E PLANEJAMENTO ECONÔMICO (ONLINE)	B1	
2177-580X	PESQUISA EM EDUCAÇÃO AMBIENTAL	A3	
2176-0136	PESQUISA EM FOCO (UEMA)	A4	
1518-7799	PESQUISA EM SAÚDE (BELÉM)	C	
1809-3647	PESQUISA FLORESTAL BRASILEIRA (IMPRESSO)	B2	
1983-2605	PESQUISA FLORESTAL BRASILEIRA (ONLINE)	B2	
0101-7438	PESQUISA OPERACIONAL (IMPRESSO)	B3	
1678-5142	PESQUISA OPERACIONAL (ONLINE)	B3	
1984-3534	PESQUISA OPERACIONAL PARA O DESENVOLVIMENTO	B4	
0100-736X	PESQUISA VETERINÁRIA BRASILEIRA	B1	
1678-5150	PESQUISA VETERINÁRIA BRASILEIRA (ONLINE)	B1	
2359-1870	PESQUISAR - REVISTA DE ESTUDOS E PESQUISAS EM ENSINO DE GEOGRAFIA	A4	
2594-5645	PESQUISAS. ANTROPOLOGIA (ONLINE)	A3	
2525-7412	PESQUISAS BOTÂNICA	C	
1809-8908	PESQUISAS E PRÁTICAS PSICOSSOCIAIS	A3	
1807-9806	PESQUISAS EM GEOCIÊNCIAS (ONLINE)	B2	
1518-2398	PESQUISAS EM GEOCIÊNCIAS (UFRGS. IMPRESSO)	B2	
2177-1626	PESQUISEDUCA	A3	
1526-498X	PEST MANAGEMENT SCIENCE (PRINT)	A1	
0048-3575	PESTICIDE BIOCHEMISTRY AND PHYSIOLOGY	A1	
1980-6310	PETRÓLEO, ROYALTIES E REGIÃO	B2	
2405-6561	PETROLEUM	A1	
2578-4846	PETROLEUM & PETROCHEMICAL ENGINEERING JOURNAL	B2	
1672-5107	PETROLEUM SCIENCE	A1	
1091-6466	PETROLEUM SCIENCE AND TECHNOLOGY	A3	
0031-6768	PFLUEGERS ARCHIV	A2	
0091-150X	PHARMACEUTICAL CHEMISTRY JOURNAL	B3	
1083-7450	PHARMACEUTICAL DEVELOPMENT AND TECHNOLOGY (PRINT)	A3	
1178-2595	PHARMACEUTICAL MEDICINE	A3	
2211-7393	PHARMACEUTICAL NANOTECHNOLOGY	A4	
2046-8954	PHARMACEUTICAL PATENT ANALYST	B1	
0724-8741	PHARMACEUTICAL RESEARCH	A2	
1424-8247	PHARMACEUTICALS	A2	
1999-4923	PHARMACEUTICS	A2	
2509-4262	PHARMACOECONOMICS - OPEN	A3	
1170-7690	PHARMACOECONOMICS (AUCKLAND)	A2	
1462-2416	PHARMACOGENOMICS (LONDON)	B1	
0973-1296	PHARMACOGNOSY MAGAZINE	C	
0976-4836	PHARMACOGNOSY RESEARCH	C	
0974-8490	PHARMACOGNOSY RESEARCH	C	
0976-2787	PHARMACOGNOSY REVIEWS (ONLINE)	C	
1734-1140	PHARMACOLOGICAL REPORTS	A2	
1043-6618	PHARMACOLOGICAL RESEARCH	A1	
2667-1425	PHARMACOLOGICAL RESEARCH - MODERN CHINESE MEDICINE (ONLINE)	B1	
2950-2004	PHARMACOLOGICAL RESEARCH - REPORTS (ONLINE)	C	
0091-3057	PHARMACOLOGY, BIOCHEMISTRY AND BEHAVIOR	A2	
2226-4787	PHARMACY	B2	
1886-3655	PHARMACY PRACTICE (GRANADA. INTERNET)	A2	
2213-4344	PHARMANUTRITION	A3	
0141-1594	PHASE TRANSITIONS (PRINT)	B1	
2675-4673	PHENOMENOLOGY, HUMANITIES AND SCIENCES	A1	
2965-8764	PHI MAGAZINE - PATRIMONIO HISTÓRICO IBEROAMERICANO (PRINT)	C	
2596-0911	PHILIA	B1	
0951-5089	PHILOSOPHICAL PSYCHOLOGY	A1	
1364-503X	PHILOSOPHICAL TRANSACTIONS - ROYAL SOCIETY. MATHEMATICAL, PHYSICAL AND ENGINEERING SCIENCES (PRINT)	A1	
0962-8436	PHILOSOPHICAL TRANSACTIONS OF THE ROYAL SOCIETY B-BIOLOGICAL SCIENCES	A1	
1634-4561	PHILOSOPHIE ANTIQUE	B1	
1982-2928	PHILÓSOPHOS - REVISTA DE FILOSOFIA	A2	
2578-5753	PHILOSOPHY AND THEORY IN HIGHER EDUCATION	B3	
2159-5313	PHILOSOPHY STUDY	B3	
0268-3555	PHLEBOLOGY (LONDON)	A4	
2578-5478	PHOTOBIOMODULATION, PHOTOMEDICINE, AND LASER SURGERY	A3	
2673-7256	PHOTOCHEM	B1	
1474-905X	PHOTOCHEMICAL & PHOTOBIOLOGICAL SCIENCES (PRINT)	A3	
1474-9092	PHOTOCHEMICAL SCIENCES (ONLINE)	A3	
0031-8655	PHOTOCHEMISTRY AND PHOTOBIOLOGY	A1	
1572-1000	PHOTODIAGNOSIS AND PHOTODYNAMIC THERAPY (PRINT)	A2	
1557-8550	PHOTOMEDICINE AND LASER SURGERY (ONLINE)	B4	
2304-6732	PHOTONICS	A4	
1569-4410	PHOTONICS AND NANOSTRUCTURES (PRINT)	A3	
0166-8595	PHOTOSYNTHESIS RESEARCH (PRINT)	A2	
1573-9058	PHOTOSYNTHETICA	A2	
0300-3604	PHOTOSYNTHETICA (PRAHA)	A2	
2673-9410	PHYCOLOGY	C	
1519-1397	PHYLLOMEDUSA (BELO HORIZONTE)	B3	
2673-7167	PHYSCHEM	B2	
0378-4371	PHYSICA. A (PRINT)	A2	
0921-4526	PHYSICA. B, CONDENSED MATTER (PRINT)	A3	
0921-4534	PHYSICA. C, SUPERCONDUCTIVITY (PRINT)	B1	
0167-2789	PHYSICA. D, NONLINEAR PHENOMENA (PRINT)	A1	
1386-9477	PHYSICA. E, LOW-DIMENSIONAL SYSTEMS AND NANOSTRUCTURES (PRINT)	A2	
1120-1797	PHYSICA MEDICA (TESTO STAMPATO)	A2	
0031-8949	PHYSICA SCRIPTA (PRINT)	A2	
1862-6300	PHYSICA STATUS SOLIDI. A, APPLICATIONS AND MATERIALS SCIENCE (PRINT)	A4	
0370-1972	PHYSICA STATUS SOLIDI. B, BASIC RESEARCH	B1	
1541-3152	PHYSICAL & OCCUPATIONAL THERAPY IN GERIATRICS	A4	
0158-9938	PHYSICAL AND ENGINEERING SCIENCES IN MEDICINE	A4	
2662-4729	PHYSICAL AND ENGINEERING SCIENCES IN MEDICINE (PRINT)	A1	
1463-9084	PHYSICAL CHEMISTRY CHEMICAL PHYSICS	A2	
1742-5786	PHYSICAL EDUCATION AND SPORT PEDAGOGY (ONLINE)	A1	
2829-5846	PHYSICAL EDUCATION AND SPORTS: STUDIES AND RESEARCH (ONLINE)	B2	
2469-9926	PHYSICAL REVIEW A	A2	
2331-7019	PHYSICAL REVIEW APPLIED	A2	
1098-0121	PHYSICAL REVIEW B	A2	
2469-9950	PHYSICAL REVIEW B: COVERING CONDENSED MATTER AND MATERIALS PHYSICS	A2	
2469-9985	PHYSICAL REVIEW C	A2	
1089-490X	PHYSICAL REVIEW C	A2	
2470-0010	PHYSICAL REVIEW D: COVERING PARTICLES, FIELDS, GRAVITATION, AND COSMOLOGY	A1	
2470-0029	PHYSICAL REVIEW. D. (ONLINE)	A1	
1089-4918	PHYSICAL REVIEW D (PARTICLES, FIELDS, GRAVITATION AND COSMOLOGY)	A1	
1550-2368	PHYSICAL REVIEW. D. PARTICLES, FIELDS, GRAVITATION, AND COSMOLOGY (ONLINE)	A1	
1063-651X	PHYSICAL REVIEW E - STATISTICAL PHYSICS, PLASMAS, FLUIDS AND RELATED INTERDISCIPLINARY TOPICS	A2	
2470-0045	PHYSICAL REVIEW E: COVERING STATISTICAL, NONLINEAR, BIOLOGICAL, AND SOFT MATTER PHYSICS	A2	
2470-0053	PHYSICAL REVIEW E (ONLINE)	A2	
1079-7114	PHYSICAL REVIEW LETTERS	A1	
0031-9007	PHYSICAL REVIEW LETTERS (PRINT)	A1	
2475-9953	PHYSICAL REVIEW MATERIALS	A2	
2643-1564	PHYSICAL REVIEW RESEARCH	A1	
1554-9178	PHYSICAL REVIEW SPECIAL TOPICS. PHYSICS EDUCATION RESEARCH	A1	
2673-9984	PHYSICAL SCIENCES FORUM	C	
0031-9023	PHYSICAL THERAPY	A1	
1466-853X	PHYSICAL THERAPY IN SPORT	A2	
0091-3847	PHYSICIAN AND SPORTSMEDICINE	A2	
2624-8174	PHYSICS	B1	
2576-4543	PHYSICS & ASTRONOMY INTERNATIONAL JOURNAL	A4	
1474-7065	PHYSICS AND CHEMISTRY OF THE EARTH (2002)	A2	
1049-4162	PHYSICS AND SOCIETY	C	
0031-9120	PHYSICS EDUCATION (BRISTOL. PRINT)	A2	
1361-6552	PHYSICS EDUCATION (ONLINE)	A2	
0031-9155	PHYSICS IN MEDICINE AND BIOLOGY (PRINT)	A2	
0370-2693	PHYSICS LETTERS. B (PRINT)	A1	
1070-6631	PHYSICS OF FLUIDS (1994)	A1	
1571-0645	PHYSICS OF LIFE REVIEWS (PRINT)	A1	
1070-664X	PHYSICS OF PLASMAS	A4	
0031-9201	PHYSICS OF THE EARTH AND PLANETARY INTERIORS	A2	
0370-1573	PHYSICS REPORTS	A1	
1399-3054	PHYSIOLOGIA PLANTARUM	A1	
0031-9317	PHYSIOLOGIA PLANTARUM (KOBENHAVN. 1948)	A1	
0885-5765	PHYSIOLOGICAL AND MOLECULAR PLANT PATHOLOGY	A3	
0307-6962	PHYSIOLOGICAL ENTOMOLOGY (PRINT)	A3	
1361-6579	PHYSIOLOGICAL MEASUREMENT	A3	
0967-3334	PHYSIOLOGICAL MEASUREMENT (PRINT)	A3	
2051-817X	PHYSIOLOGICAL REPORTS	A4	
1802-9973	PHYSIOLOGICAL RESEARCH	B2	
0031-9333	PHYSIOLOGICAL REVIEWS	A1	
1548-9213	PHYSIOLOGY	A1	
0031-9384	PHYSIOLOGY & BEHAVIOR	A2	
2498-602X	PHYSIOLOGY INTERNATIONAL	A3	
2744-6204	PHYSIOME (ONLINE)	B3	
0031-9406	PHYSIOTHERAPY	A1	
2544-4395	PHYSIOTHERAPY QUARTERLY	B1	
1471-2865	PHYSIOTHERAPY RESEARCH INTERNATIONAL	A3	
1532-5040	PHYSIOTHERAPY THEORY AND PRACTICE	A3	
0959-3985	PHYSIOTHERAPY THEORY AND PRACTICE	A3	
1809-4481	PHYSIS [ON LINE]	A3	
2184-626X	PHYSIS TERRAE	A2	
0103-7331	PHYSIS (UERJ. IMPRESSO)	A3	
0958-0344	PHYTOCHEMICAL ANALYSIS	A2	
0031-9422	PHYTOCHEMISTRY	A1	
1874-3900	PHYTOCHEMISTRY LETTERS (PRINT)	A4	
1568-7767	PHYTOCHEMISTRY REVIEWS (PRINT)	A1	
2667-0313	PHYTOMEDICINE PLUS	A3	
0944-7113	PHYTOMEDICINE (STUTTGART)	A1	
0334-2123	PHYTOPARASITICA	A3	
0031-949X	PHYTOPATHOLOGY	A2	
1179-3155	PHYTOTAXA: A RAPID INTERNATIONAL JOURNAL FOR ACCELERATING THE PUBLICATION OF BOTANICAL TAXONOMY	B1	
1179-3163	PHYTOTAXA (ONLINE)	B1	
1099-1573	PHYTOTHERAPY RESEARCH (ONLINE)	A1	
0369-9420	PIGMENT & RESIN TECHNOLOGY	B1	
2055-5784	PILOT AND FEASIBILITY STUDIES	A4	
2179-2984	PINDORAMA - REVISTA ELETRÔNICA CIENTÍFICA DO IFBA.	B2	
2674-6727	PISTA	B3	
2237-387X	PITÁGORAS 500 - REVISTA DE ESTUDOS TEATRAIS	A1	
1386-341X	PITUITARY (NEW YORK)	A3	
2526-7310	PIXO - REVISTA DE ARQUITETURA, CIDADE E CONTEMPORANEIDADE	A4	
0143-4004	PLACENTA (EASTBOURNE)	A1	
0103-4138	PLANEJAMENTO E POLITICAS PUBLICAS	B1	
2359-389X	PLANEJAMENTO E POLITICAS PUBLICAS	B1	
2177-1642	PLANETA AMAZÔNIA: REVISTA INTERNACIONAL DE DIREITO AMBIENTAL E POLÍTICAS PÚBLICAS	A3	
2544-7459	PLANT AND FUNGAL SYSTEMATICS	A4	
1573-5036	PLANT AND SOIL (DORDRECHT. ONLINE)	A1	
0032-079X	PLANT AND SOIL (PRINT)	A1	
1435-8603	PLANT BIOLOGY (STUTTGART)	A1	
1126-3504	PLANT BIOSYSTEMS (FIRENZE. TESTO STAMPATO)	A2	
0179-9541	PLANT BREEDING	A3	
0140-7791	PLANT, CELL AND ENVIRONMENT (PRINT)	A1	
0721-7714	PLANT CELL REPORTS (PRINT)	A1	
1573-5044	PLANT CELL, TISSUE AND ORGAN CULTURE (DORDRECHT. ONLINE)	A1	
0167-6857	PLANT CELL, TISSUE AND ORGAN CULTURE (PRINT)	A1	
2475-4455	PLANT DIRECT	A2	
0191-2917	PLANT DISEASE	A1	
1385-0237	PLANT ECOLOGY (DORDRECHT)	A3	
0921-9668	PLANT FOODS FOR HUMAN NUTRITION (DORDRECHT)	A2	
2352-4073	PLANT GENE	A3	
0167-6903	PLANT GROWTH REGULATION (PRINT)	A1	
0167-4412	PLANT MOLECULAR BIOLOGY	A1	
0735-9640	PLANT MOLECULAR BIOLOGY REPORTER	A3	
2773-1111	PLANT NANO BIOLOGY	A4	
1365-3059	PLANT PATHOLOGY (ONLINE)	A1	
0032-0862	PLANT PATHOLOGY (PRINT)	A1	
0981-9428	PLANT PHYSIOLOGY AND BIOCHEMISTRY (PARIS)	A1	
1532-2548	PLANT PHYSIOLOGY (ONLINE)	A1	
2662-253X	PLANT PHYSIOLOGY REPORTS	A3	
2194-7953	PLANT REPRODUCTION	A2	
0168-9452	PLANT SCIENCE (LIMERICK)	A1	
2348-1900	PLANT SCIENCE TODAY	B2	
0913-557X	PLANT SPECIES BIOLOGY	A4	
0378-2697	PLANT SYSTEMATICS AND EVOLUTION	A3	
1615-6110	PLANT SYSTEMATICS AND EVOLUTION (ELECTRONIC VERSION)	A3	
0032-0935	PLANTA (HEIDELBERG	A1	
0032-0943	PLANTA MEDICA	A2	
2509-9264	PLANTA MEDICA INTERNATIONAL OPEN	C	
2223-7747	PLANTS	A2	
0741-3335	PLASMA PHYSICS AND CONTROLLED FUSION (PRINT)	A2	
1557-1955	PLASMONICS (NORWELL, MASS.)	A3	
0032-1052	PLASTIC AND RECONSTRUCTIVE SURGERY (1963)	A2	
2182-1879	PLATAFORMA BARÓMETRO SOCIAL	B4	
2763-6097	PLATAFORMA DE ANTROPOLOGIA E RESPOSTAS INDÍGENAS À COVID-19	B3	
2813-4176	PLATFORMS (ONLINE)	C	
2674-8231	PLEIADE - REVISTA CIENTÍFICA DO CENTRO UNIVERSITÁRIO DESCOMPLICA UNIAMÉRICA (ONLINE)	B3	
1980-8666	PLEIADE (UNIAMÉRICA)	B3	
0719-3696	PLEYÁDE - REVISTA DE HUMANIDADES Y CIENCIAS SOCIALES	A4	
1545-7885	PLOS BIOLOGY	A1	
2767-3200	PLOS CLIMATE (ONLINE)	B2	
1553-7358	PLOS COMPUTATIONAL BIOLOGY (ONLINE)	A1	
2767-3170	PLOS DIGITAL HEALTH (ONLINE)	B4	
2767-3375	PLOS GLOBAL PUBLIC HEALTH	A4	
1549-1676	PLOS MEDICINE (ONLINE)	A1	
1935-2727	PLOS NEGLECTED TROPICAL DISEASES	A2	
1935-2735	PLOS NEGLECTED TROPICAL DISEASES (ONLINE)	A2	
1932-6203	PLOS ONE	A1	
1553-7374	PLOS PATHOGENS	A1	
2179-0019	PLURA, REVISTA DE ESTUDOS DE RELIGIÃO	A4	
2447-9373	PLURAIS: REVISTA MULTIDISCIPLINAR DA UNEB	A3	
2177-5060	PLURAIS (UNEB)	A3	
2965-5285	PLURAL - REVISTA ACADÊMICA (ONLINE)	C	
2965-1662	PLURAL – REVISTA DE PSICOLOGIA UNESP BAURU	B3	
2393-7483	PLURAL: ANTROPOLOGÍAS DESDE AMÉRICA LATINA Y EL CARIBE	A4	
2595-8240	PLURAL DESIGN	A4	
2176-8099	PLURAL (SÃO PAULO. ONLINE)	A3	
0104-6721	PLURAL (USP)	C	
1887-3987	PNA : REVISTA DE INVESTIGACIÓN EN DIDÁCTICA DE LA MATEMÁTICA	A2	
2752-6542	PNAS NEXUS	A2	
1659-0201	POBLACIÓN Y SALUD EN MESOAMÉRICA	B3	
2359-1072	PODER & CULTURA	B3	
2316-932X	PODIUM: SPORT, LEISURE AND TOURISM REVIEW	B1	
2179-2534	POIÉSIS	A4	
2448-3095	POIESIS - REVISTA DE FILOSOFIA	B2	
1692-0945	POIESIS (EN LÍNEA)	A4	
2178-4442	POÍESIS PEDAGOGICA	B1	
0722-4060	POLAR BIOLOGY (PRINT)	A3	
1873-9652	POLAR SCIENCE (PRINT)	A3	
1676-0727	POLÊM!CA	B1	
2591-3611	POLÊMICAS FEMINISTAS	A4	
1853-7723	POLHIS. REVISTA BIBLIOGRÁFICA DEL PROGRAMA INTERUNIVERSITARIO DE HISTORIA POLÍTICA	A1	
2675-3529	POLIARQUIA	B4	
1405-2768	POLIBOTÁNICA	A4	
2448-2935	POLICROMIAS - REVISTA DE ESTUDOS DO DISCURSO, IMAGEM E SOM	A3	
0305-5736	POLICY AND POLITICS (PRINT)	A1	
1477-4003	POLICY AND PRACTICE IN HEALTH AND SAFETY (ONLINE)	B1	
1449-4035	POLICY AND SOCIETY	A1	
2318-8995	POLICY IN FOCUS	B3	
0032-2687	POLICY SCIENCES	A1	
2318-3160	POLIÉTICA. REVISTA DE ÉTICA E FILOSOFIA POLÍTICA	A2	
2596-111X	POLIFONIA	A2	
2237-6844	POLIFONIA: ESTUDOS DA LINGUAGEM	A3	
2314-0488	POLIFONÍAS REVISTA DE EDUCACIÓN (IMPRESSO)	B3	
1678-5169	POLÍMEROS - CIÊNCIA E TECNOLOGIA (ONLINE)	A4	
2238-152X	POLIS E PSIQUE	B1	
0718-6568	POLIS (SANTIAGO. EN LÍNEA)	A3	
0032-3772	POLISH ARCHIVES OF INTERNAL MEDICINE	A2	
2082-8799	POLISH JOURNAL OF SPORT AND TOURISM (ONLINE)	B1	
2236-8094	POLITEIA (VITÓRIA DA CONQUISTA. ONLINE)	A3	
0719-5338	POLÍTICA - REVISTA DE CIENCIA POLÍTICA	A3	
1677-4140	POLÍTICA & SOCIEDADE (IMPRESSO)	A3	
2175-7984	POLÍTICA & SOCIEDADE (ONLINE)	A3	
1519-9029	POLÍTICA E GESTÃO EDUCACIONAL (ONLINE)	A1	
0104-7094	POLÍTICA HOJE	B1	
0716-1077	POLÍTICA (SANTIAGO)	A3	
1873-5096	POLITICAL GEOGRAPHY (ONLINE)	A1	
0162-895X	POLITICAL PSYCHOLOGY	A1	
1467-923X	POLITICAL QUARTERLY	A2	
1983-3717	POLÍTICAS CULTURAIS EM REVISTA	B2	
1982-3207	POLÍTICAS EDUCATIVAS	A4	
1518-4285	POLÍTICAS SOCIAIS (IPEA)	B2	
2279-7629	POLITICS - RIVISTA DI STUDI POLITICI	B3	
2673-4672	POLLUTANTS	C	
0277-5387	POLYHEDRON	A3	
1560-6325	POLYLOG (WIEN)	C	
1984-9575	POLYMATHEIA (ONLINE)	A3	
0032-3861	POLYMER	A1	
1436-2449	POLYMER BULLETIN (BERLIN. INTERNET)	A2	
0170-0839	POLYMER BULLETIN (BERLIN. PRINT)	A2	
1548-0569	POLYMER COMPOSITES	A1	
0272-8397	POLYMER COMPOSITES	A1	
0032-3888	POLYMER ENGINEERING AND SCIENCE	A2	
1548-2634	POLYMER ENGINEERING AND SCIENCE (ONLINE)	A2	
0959-8103	POLYMER INTERNATIONAL	A2	
1558-3724	POLYMER REVIEWS (PHILADELPHIA, PA.)	A1	
2073-4360	POLYMERS	A3	
0967-3911	POLYMERS & POLYMER COMPOSITES	A4	
1042-7147	POLYMERS FOR ADVANCED TECHNOLOGIES (PRINT)	A2	
2673-4176	POLYSACCHARIDES	A3	
1982-193X	PONTA DE LANÇA (UFS)	B3	
2316-4042	PONTO DE VISTA JURÍDICO	B1	
1981-6766	PONTODEACESSO (UFBA)	A4	
1982-4807	PONTO-E-VÍRGULA (PUCSP)	B1	
2237-9681	PONTOS DE INTERROGAÇÃO (ONLINE)	B1	
1981-3341	PONTO.URBE (USP)	A2	
2654-1459	POPULATION MEDICINE	B2	
2179-8001	PORTO ARTE (ONLINE)	A1	
2444-8664	PORTO BIOMEDICAL JOURNAL	B1	
2448-0819	PORTO DAS LETRAS	B1	
2795-5001	PORTUGUESE JOURNAL OF DERMATOLOGY AND VENEREOLOGY	B4	
2504-3137	PORTUGUESE JOURNAL OF PUBLIC HEALTH	B2	
2504-3145	PORTUGUESE JOURNAL OF PUBLIC HEALTH	B2	
2573-1432	PORTUGUESE LITERARY & CULTURAL STUDIES	A3	
2317-2762	PÓS. REVISTA DO PROGRAMA DE PÓS-GRADUAÇÃO EM ARQUITETURA E URBANISMO DA FAUUSP	A1	
1982-9507	PÓS: REVISTA DO PROGRAMA DE PÓS-GRADUAÇÃO EM ARTES	A1	
2238-2046	PÓS: REVISTA DO PROGRAMA DE PÓS-GRADUAÇÃO EM ARTES	A1	
2675-7281	[PÓS]CORPOS (ONLINE)	C	
2595-9557	PÓS-LIMIAR	A4	
1515-209X	POSTDATA (BUENOS AIRES)	A3	
0925-5214	POSTHARVEST BIOLOGY AND TECHNOLOGY (PRINT)	A1	
0014-3065	POTATO RESEARCH	A2	
0032-5791	POULTRY SCIENCE (PRINT)	A1	
0885-7156	POWDER DIFFRACTION	B3	
0032-5910	POWDER TECHNOLOGY (PRINT)	A1	
1984-4352	PRACS: REVISTA ELETRÔNICA DE HUMANIDADES DO CURSO DE CIÊNCIAS SOCIAIS DA UNIFAP	A3	
2237-1508	PRAGMATIZES- REVISTA LATINO AMERICANA DE ESTUDOS EM CULTURA	B1	
1414-9184	PRAIA VERMELHA (UFRJ)	A2	
2675-9969	PRAJNA	B3	
1807-1112	PRÂKSIS (FEEVALE)	A2	
2081-8130	PRAKTY KKATEORETYCZNA	A3	
2184-1837	PRATICA E-LEARNING (ONLINE)	B3	
2183-590X	PRÁTICAS DA HISTÓRIA	A1	
2675-7591	PRÁTICAS E CUIDADOS	B3	
2675-519X	PRÁTICAS EDUCATIVAS, MEMÓRIAS E ORALIDADES	A3	
2319-0485	PRÁTICAS EM CONTABILIDADE E GESTÃO	B3	
2526-8503	PRÁTICAS EM GESTÃO PÚBLICA UNIVERSITÁRIA	B3	
2317-7357	PRAXIA - REVISTA ON LINE DE EDUCAÇÃO FÍSICA DA UEG	B4	
2526-1843	PRAXIS E HEGEMONIA POPULAR	B1	
1809-0249	PRÁXIS EDUCACIONAL	A1	
2178-2679	PRÁXIS EDUCACIONAL (ONLINE)	A1	
2313-934X	PRAXIS EDUCATIVA	A2	
1809-4031	PRÁXIS EDUCATIVA (IMPRESSO)	A1	
1809-4309	PRÁXIS EDUCATIVA (UEPG. ONLINE)	A1	
2318-2369	PRÁXIS: SABERES DA EXTENSÃO	B3	
2317-0573	PRÁXIS TEOLÓGICA (ONLINE)	B1	
0301-9268	PRECAMBRIAN RESEARCH	A1	
1385-2256	PRECISION AGRICULTURE (PRINT)	A1	
2642-2514	PRECISION MEDICAL SCIENCES	B4	
2210-7789	PREGNANCY HYPERTENSION: AN INTERNATIONAL JOURNAL OF WOMEN'S CARDIOVASCULAR HEALTH	A3	
2318-7808	PRELÚDIOS: REVISTA DO PROGRAMA DE PÓS-GRADUAÇÃO EM CIÊNCIAS SOCIAIS DA UFBA	B3	
1082-6068	PREPARATIVE BIOCHEMISTRY & BIOTECHNOLOGY	A4	
1531-3263	PRESENCE	B1	
1316-1369	PRESENTE Y PASADO. REVISTA DE HISTORIA. ESCUELA DE HISTORIA DE LA FACULTAD DE HUMANIDADES Y EDUCACIÓN	B3	
1984-6983	PRETEXTO (BELO HORIZONTE. ONLINE)	A4	
2211-3355	PREVENTIVE MEDICINE REPORTS	A1	
0091-7435	PREVENTIVE MEDICINE (1972. PRINT)	A1	
0167-5877	PREVENTIVE VETERINARY MEDICINE (PRINT)	A1	
1678-2593	PRIM@ FACIE	B1	
1751-9918	PRIMARY CARE DIABETES (PRINT)	A2	
2359-0335	PRIMEIRA ESCRITA	B1	
2236-7799	PRIMUS VITAM	B4	
1808-1711	PRINCIPIA: AN INTERNATIONAL JOURNAL OF EPISTEMOLOGY	A1	
1517-0306	PRINCIPIA (JOÃO PESSOA)	B2	
1983-2109	PRINCIPIOS	A1	
1415-7888	PRINCÍPIOS (SÃO PAULO)	A3	
2378-1890	PRINCIPLES AND PRATICE OF CLINICAL RESEARCH	B3	
2796-9886	PRISIONES	B2	
2359-2133	PRISMA	A4	
1983-9286	PRISMA JURÍDICO (ONLINE)	A3	
1677-4760	PRISMA JURÍDICO (UNINOVE. IMPRESSO)	A3	
1646-3153	PRISMA.COM	B2	
2789-1658	PRJILOROSA'E	B4	
2175-6015	PROA: REVISTA DE ANTROPOLOGIA E ARTE	A3	
0266-8920	PROBABILISTIC ENGINEERING MECHANICS	A1	
1867-1306	PROBIOTICS AND ANTIMICROBIAL PROTEINS	A1	
2236-8612	PROBLEMATA: REVISTA INTERNACIONAL DE FILOSOFIA	A1	
1516-9219	PROBLEMATA: REVISTA INTERNACIONAL DE FILOSOFIA	A1	
0765-1333	PROBLÈMES D'AMÉRIQUE LATINE	B1	
2538-712X	PROBLEMS OF MANAGEMENT IN THE 21ST CENTURY (ONLINE)	C	
1364-5021	PROCEEDINGS - ROYAL SOCIETY. MATHEMATICAL, PHYSICAL AND ENGINEERING SCIENCES (PRINT)	A1	
0277-786X	PROCEEDINGS OF SPIE, THE INTERNATIONAL SOCIETY FOR OPTICAL ENGINEERING	B4	
0013-8797	PROCEEDINGS OF THE ENTOMOLOGICAL SOCIETY OF WASHINGTON	B3	
0018-9219	PROCEEDINGS OF THE IEEE	A1	
1478-4629	PROCEEDINGS OF THE INSTITUTION OF CIVIL ENGINEERS: ENGINEERING SUSTAINABILITY	A4	
0965-0903	PROCEEDINGS OF THE INSTITUTION OF CIVIL ENGINEERS. MUNICIPAL ENGINEER	A4	
1747-6526	PROCEEDINGS OF THE INSTITUTION OF CIVIL ENGINEERS. WASTE AND RESOURCE MANAGEMENT (PRINT)	B2	
1350-6501	PROCEEDINGS OF THE INSTITUTION OF MECHANICAL ENGINEERS, PART J, JOURNAL OF ENGINEERING TRIBOLOGY	A3	
1464-4207	PROCEEDINGS OF THE INSTITUTION OF MECHANICAL ENGINEERS. PROCEEDINGS PART L, JOURNAL OF MATERIALS: DESIGN AND APPLICATIONS	A3	
2250-1746	PROCEEDINGS OF THE NATIONAL ACADEMY OF SCIENCES, INDIA SECTION B: BIOLOGICAL SCIENCES (ONLINE)	A3	
0027-8424	PROCEEDINGS OF THE NATIONAL ACADEMY OF SCIENCES OF THE UNITED STATES OF AMERICA	A1	
1091-6490	PROCEEDINGS OF THE NATIONAL ACADEMY OF SCIENCES OF THE UNITED STATES OF AMERICA (ONLINE)	A1	
0029-6651	PROCEEDINGS OF THE NUTRITION SOCIETY	A2	
0962-8452	PROCEEDINGS OF THE ROYAL SOCIETY B: BIOLOGICAL SCIENCES	A1	
2150-8097	PROCEEDINGS OF THE VLDB ENDOWNMENT	A1	
2620-2832	PROCEEDINGS ON ENGINEERING SCIENCES	B2	
1135-5948	PROCESAMIENTO DEL LENGUAJE NATURAL	A1	
1390-0099	PROCESOS: REVISTA ECUATORIANA DE HISTORIA	A2	
1359-5113	PROCESS BIOCHEMISTRY (1991)	A2	
2509-4246	PROCESS INTEGRATION AND OPTIMIZATION FOR SUSTAINABILITY	A3	
0957-5820	PROCESS SAFETY AND ENVIRONMENTAL PROTECTION	A1	
2179-5150	PROCESSANDO O SABER	A3	
2227-9717	PROCESSES	B1	
1820-6131	PROCESSING AND APPLICATION OF CERAMICS	B1	
1676-840X	PRÓ-DISCENTE (UFES) - IMPRESSO	A4	
2177-6628	PRÓ-DISCENTE (UFES) - ONLINE	A4	
0103-6513	PRODUÇÃO (SÃO PAULO. IMPRESSO)	A4	
2237-5228	PRODUCT: MANAGEMENT & DEVELOPMENT	B4	
1980-5411	PRODUCTION	A4	
1366-5871	PRODUCTION PLANNING & CONTROL (ONLINE)	A1	
0953-7287	PRODUCTION PLANNING & CONTROL (PRINT)	A1	
1983-8026	PRODUTO E PRODUÇÃO	B4	
2238-9172	PROFESSARE (ONLINE)	B2	
0735-7028	PROFESSIONAL PSYCHOLOGY, RESEARCH AND PRACTICE	A2	
2319-023X	PROFESSOR DE MATEMÁTICA ONLINE	B4	
2619-5631	PROGRESIVO (ONLINE)	C	
2363-9512	PROGRESS IN ADDITIVE MANUFACTURING	A2	
0033-0620	PROGRESS IN CARDIOVASCULAR DISEASES	A1	
2383-1790	PROGRESS IN COLOR COLORANTS COATINGS (ONLINE)	A3	
1937-6480	PROGRESS IN ELECTROMAGNETICS RESEARCH LETTERS	B2	
1937-8726	PROGRESS IN ELECTROMAGNETICS RESEARCH M	B2	
0301-0082	PROGRESS IN NEUROBIOLOGY	A1	
0278-5846	PROGRESS IN NEURO-PSYCHOPHARMACOLOGY & BIOLOGICAL PSYCHIATRY	A1	
0149-1970	PROGRESS IN NUCLEAR ENERGY (NEW SERIES)	A1	
0300-9440	PROGRESS IN ORGANIC COATINGS (PRINT)	A1	
2196-1042	PROGRESS IN ORTHODONTICS	A1	
1058-9813	PROGRESS IN PEDIATRIC CARDIOLOGY	B2	
1518-5125	PROJECTARE (PELOTAS)	A4	
2525-4146	PROJECTUS	B4	
2236-2207	PROJETICA	A1	
0102-4442	PROJETO HISTÓRIA (PUCSP)	A1	
2176-2767	PROJETO HISTÓRIA. REVISTA DO PROGRAMA DE ESTUDOS PÓS-GRADUADOS DE HISTÓRIA	A1	
0121-182X	PROLEGOMENOS (UNIVERSIDAD MILITAR NUEVA GRANADA)	A2	
1983-9979	PROLÍNGUA (JOÃO PESSOA)	A4	
2176-5960	PROMETEUS FILOSOFIA EM REVISTA	A3	
1807-3042	PROMETEUS (SÃO CRISTOVÃO)	A3	
0721-3115	PROPELLANTS, EXPLOSIVES, PYROTECHNICS	A4	
0103-7307	PRÓ-POSIÇÕES (UNICAMP. IMPRESSO)	A1	
1980-6248	PRÓ-POSIÇÕES (UNICAMP. ONLINE)	A1	
1995-7785	PROPUESTA EDUCATIVA (ONLINE)	A3	
2212-540X	PROPULSION AND POWER RESEARCH	A1	
2763-9606	PROSPPECTUS - PERSPECTIVAS QUALITATIVAS EM CONTABILIDADE E ORGANIZAÇÕES	B4	
1098-8823	PROSTAGLANDINS & OTHER LIPID MEDIATORS	A4	
2673-1592	PROSTHESIS	C	
0929-8665	PROTEIN AND PEPTIDE LETTERS	B2	
1046-5928	PROTEIN EXPRESSION AND PURIFICATION (PRINT)	B1	
1097-0134	PROTEINS (ONLINE)	A3	
0887-3585	PROTEINS (PRINT)	A3	
2452-5308	PROTESTA Y CARISMA	B2	
1678-6408	PROTESTANTISMO EM REVISTA	A3	
1615-6102	PROTOPLASMA (ONLINE)	A2	
0717-6279	PROYECCIONES JOURNAL OF MATHEMATICS	B1	
2527-1288	PSI UNISC	B1	
1679-9887	PSICANÁLISE & BARROCO EM REVISTA	B2	
1518-8256	PSICANÁLISE EM REVISTA	B4	
0103-5371	PSICO (PUCRS. IMPRESSO)	A2	
1980-8623	PSICO (PUCRS. ONLINE)	A2	
2595-7317	PSICOLOGIA & CONEXÕES	B3	
2316-1124	PSICOLOGIA & SABERES	A4	
1807-0310	PSICOLOGIA & SOCIEDADE (ONLINE)	A2	
0103-7013	PSICOLOGIA ARGUMENTO (PUCPR. IMPRESSO)	A4	
1980-5942	PSICOLOGIA ARGUMENTO (PUCPR. ONLINE)	A4	
1414-9893	PSICOLOGIA CIÊNCIA E PROFISSÃO	A2	
1982-3703	PSICOLOGIA: CIÊNCIA E PROFISSÃO (ONLINE)	A2	
0103-5665	PSICOLOGIA CLÍNICA (PUCRJ. IMPRESSO)	A2	
1688-7026	PSICOLOGÍA, CONOCIMIENTO Y SOCIEDAD	A3	
2175-3520	PSICOLOGIA DA EDUCAÇÃO (ONLINE)	A2	
2011-7485	PSICOLOGIA DESDE EL CARIBE	A2	
2317-3394	PSICOLOGIA, DIVERSIDADE E SAÚDE	A4	
2238-779X	PSICOLOGIA E SABER SOCIAL	B1	
2446-922X	PSICOLOGIA E SAÚDE EM DEBATE	B1	
0874-2391	PSICOLOGIA, EDUCAÇÃO E CULTURA	B1	
2675-6994	PSICOLOGIA EM ÊNFASE	B2	
1413-7372	PSICOLOGIA EM ESTUDO (IMPRESSO)	A1	
1807-0329	PSICOLOGIA EM ESTUDO (ONLINE)	A1	
1982-1247	PSICOLOGIA EM PESQUISA (UFJF)	A4	
1678-9563	PSICOLOGIA EM REVISTA (ONLINE)	A3	
1870-350X	PSICOLOGÍA PARA AMÉRICA LATINA	A4	
1678-7153	PSICOLOGIA: REFLEXÃO E CRÍTICA	A1	
0102-7972	PSICOLOGIA: REFLEXÃO E CRÍTICA (UFRGS. IMPRESSO)	A1	
1413-4063	PSICOLOGIA REVISTA	A4	
2594-3871	PSICOLOGIA REVISTA (ONLINE)	A4	
2182-8407	PSICOLOGIA, SAÚDE & DOENÇAS	A3	
1806-3446	PSICOLOGIA: TEORIA E PESQUISA (BRASÍLIA. ONLINE)	A1	
0102-3772	PSICOLOGIA: TEORIA E PESQUISA (UNB. IMPRESSO)	A1	
1516-3687	PSICOLOGIA: TEORIA E PRÁTICA (IMPRESSO)	A2	
1678-5177	PSICOLOGIA USP	A2	
0103-6564	PSICOLOGIA USP (IMPRESSO)	A2	
1696-7240	PSICOONCOLOGÍA	B1	
0103-8486	PSICOPEDAGOGIA (SÃO PAULO)	A3	
0718-6924	PSICOPERSPECTIVAS (ONLINE): INDIVIDUO Y SOCIEDAD	A1	
2175-3563	PSICO-USF	A2	
1413-8271	PSICO-USF (IMPRESSO)	A2	
2037-3635	PSL QUARTERLY REVIEW	A4	
2037-3643	PSL QUARTERLY REVIEW	A4	
2422-619X	PSOCIAL - REVISTA DE INVESTIGACIÓN EN PSICOLOGÍA SOCIAL (ONLINE)	A4	
2624-8611	PSYCH	C	
0955-8829	PSYCHIATRIC GENETICS	B1	
1105-2333	PSYCHIATRIKI (ATHENS)	A3	
1359-7620	PSYCHIATRY ON-LINE	B4	
2772-5987	PSYCHIATRY RESEARCH COMMUNICATIONS	B2	
0925-4927	PSYCHIATRY RESEARCH. NEUROIMAGING (PRINT)	A4	
0165-1781	PSYCHIATRY RESEARCH (PRINT)	A1	
0033-2747	PSYCHIATRY (WASHINGTON, D.C.)	A4	
1479-8301	PSYCHOGERIATRICS (ONLINE)	A4	
1346-3500	PSYCHOGERIATRICS (TOKYO)	A4	
1647-8606	PSYCHOLOGICA	B1	
1939-134X	PSYCHOLOGICAL ASSESSMENT	A1	
0033-2917	PSYCHOLOGICAL MEDICINE (PRINT)	A1	
1082-989X	PSYCHOLOGICAL METHODS	A1	
2152-7199	PSYCHOLOGY	B2	
1983-3288	PSYCHOLOGY & NEUROSCIENCE (ONLINE)	A1	
2576-0319	PSYCHOLOGY & PSYCHOLOGICAL RESEARCH INTERNATIONAL JOURNAL	C	
2474-7688	PSYCHOLOGY AND BEHAVIORAL SCIENCE INTERNATIONAL JOURNAL	B4	
1465-3966	PSYCHOLOGY, HEALTH & MEDICINE	A2	
1354-8506	PSYCHOLOGY, HEALTH & MEDICINE	A2	
2686-9527	PSYCHOLOGY IN EDUCATION	B2	
2152-7180	PSYCHOLOGY (IRVINE)	B2	
1931-3896	PSYCHOLOGY OF AESTHETICS, CREATIVITY, AND THE ARTS	A1	
1939-151X	PSYCHOLOGY OF MEN & MASCULINITY	A1	
1524-9220	PSYCHOLOGY OF MEN & MASCULINITY	A1	
0305-7356	PSYCHOLOGY OF MUSIC	A2	
2159-5542	PSYCHOLOGY RESEARCH	A4	
1179-1578	PSYCHOLOGY RESEARCH AND BEHAVIOR MANAGEMENT	A1	
2162-1535	PSYCHOMUSICOLOGY: MUSIC, MIND, AND BRAIN	B4	
1069-9384	PSYCHONOMIC BULLETIN & REVIEW	A1	
0033-3158	PSYCHOPHARMACOLOGY	A3	
1432-2072	PSYCHOPHARMACOLOGY (BERLIN. INTERNET)	A3	
1469-8986	PSYCHOPHYSIOLOGY (CAMBRIDGE. ONLINE)	A1	
0048-5772	PSYCHOPHYSIOLOGY (NEW YORK. PRINT)	A1	
2184-1004	PSYCHTECH & HEALTH JOURNAL	B2	
0951-418X	PTR. PHYTOTHERAPY RESEARCH	A1	
0271-2075	PUBLIC ADMINISTRATION AND DEVELOPMENT	A1	
1927-5188	PUBLIC ADMINISTRATION RESEARCH	B2	
0033-3506	PUBLIC HEALTH (LONDON)	A1	
1475-2727	PUBLIC HEALTH NUTRITION	A1	
1368-9800	PUBLIC HEALTH NUTRITION (WALLINGFORD)	A1	
2107-6952	PUBLIC HEALTH REVIEWS (ONLINE)	A4	
2197-6376	PUBLIC HISTORY WEEKLY	B2	
1566-7170	PUBLIC ORGANIZATION REVIEW	A1	
1361-6609	PUBLIC UNDERSTANDING OF SCIENCE	A1	
0963-6625	PUBLIC UNDERSTANDING OF SCIENCE (PRINT)	A1	
1577-4147	PUBLICACIONES	B1	
1676-8485	PUBLICATIO UEPG. CIÊNCIAS BIOLÓGICAS E DA SAÚDE (IMPRESSO)	B3	
1809-0273	PUBLICATIO UEPG. CIÊNCIAS BIOLÓGICAS E DA SAÚDE (ONLINE)	B3	
0814-7570	PUBLICATIONS NUMÉRIQUES DE LA SOCIÉTÉ DES LANGUES NÉO-LATINES (SLNL)	B3	
1448-6083	PUBLICATIONS OF THE ASTRONOMICAL SOCIETY OF AUSTRALIA	A2	
1982-1263	PUBVET (LONDRINA)	C	
2526-4729	PUÇÁ: REVISTA DE COMUNICAÇÃO E CULTURA NA AMAZÔNIA	B3	
2528-8156	PUCE:REVISTA DE LA PONTIFICIA UNIVERSIDAD CATÓLICA DEL ECUADOR (ONLINE)	A3	
2531-0437	PULMONOLOGY JOURNAL	A1	
2175-6651	PULSAR (JUNDIAÍ)	B4	
2683-7404	PUNTO SUR. REVISTA DE GEOGRAFÍA DE LA UBA	A4	
0033-4553	PURE AND APPLIED GEOPHYSICS (PRINTED ED.)	A3	
1573-9546	PURINERGIC SIGNALLING	A4	
2358-7814	P2P & INOVAÇÃO	A2	
1460-2725	QJM (OXFORD. 1994. PRINT)	A1	
2237-0617	QORPUS	B4	
2633-2892	QRB DISCOVERY (ONLINE)	B1	
1825-8301	QUADERNI DI DIDATTICA DELLA SCRITTURA	B4	
1696-1676	QUADERNS DE CIÈNCIES SOCIALS	A3	
2444-1449	QUADERNS DE FILOLOGIA-ESTUDIS LINGUISTICS	B2	
0211-3481	QUADERNS DE PSICOLOGIA	A2	
2014-4520	QUADERNS DE PSICOLOGIA. INTERNATIONAL JOURNAL OF PSYCHOLOGY	A2	
1575-9016	QUADERNS D'EDUCACIÓ CONTÍNUA	B3	
1807-8389	QUAESTIO IURIS (IMPRESSO)	A2	
2177-5796	QUAESTIO: REVISTA DE ESTUDOS DE EDUCAÇÃO	A3	
1518-2886	QUAESTIO (UNISO)	A3	
1607-3606	QUAESTIONES MATHEMATICAE (GRAHAMSTOWN. PRINT)	A4	
2675-441X	QUAESTUM	B4	
1677-4280	QUALITAS REVISTA ELETRÔNICA	B3	
1352-2752	QUALITATIVE MARKET RESEARCH	A1	
1052-0147	QUALITATIVE REPORT	A1	
1473-3250	QUALITATIVE SOCIAL WORK	A1	
0033-5177	QUALITY AND QUANTITY	A1	
1099-1638	QUALITY AND RELIABILITY ENGINEERING INTERNATIONAL	A3	
0748-8017	QUALITY AND RELIABILITY ENGINEERING INTERNATIONAL (PRINT)	A3	
0898-2112	QUALITY ENGINEERING	A3	
1338-984X	QUALITY INNOVATION PROSPERITY / KVALITA INOVÁCIA PROSPERITA	B1	
1768-6733	QUANTITATIVE INFRARED THERMOGRAPHY JOURNAL	A2	
2641-3337	QUANTITATIVE SCIENCE STUDIES	A1	
2412-382X	QUANTUM BEAM SCIENCE	C	
1573-1332	QUANTUM INFORMATION PROCESSING (DORDRECHT. ONLINE)	A2	
1570-0755	QUANTUM INFORMATION PROCESSING (PRINT)	A2	
0033-5606	QUARTERLY JOURNAL OF MATHEMATICS	A4	
2176-6142	QUATERNARY AND ENVIRONMENTAL GEOSCIENCES	B4	
1871-1014	QUATERNARY GEOCHRONOLOGY (PRINT)	A1	
1040-6182	QUATERNARY INTERNATIONAL	A2	
1096-0287	QUATERNARY RESEARCH (ONLINE)	A2	
0033-5894	QUATERNARY RESEARCH (PRINT)	A2	
0277-3791	QUATERNARY SCIENCE REVIEWS	A1	
2318-6372	QUESTÕES TRANSVERSAIS - REVISTA DE EPISTEMOLOGIAS DA COMUNICAÇÃO	B4	
0100-4042	QUÍMICA NOVA (IMPRESSO)	A4	
2175-2699	QUIMICA NOVA NA ESCOLA	A2	
0104-8899	QUÍMICA NOVA NA ESCOLA (IMPRESSO)	A2	
1678-7064	QUÍMICA NOVA (ONLINE)	A4	
0102-8235	QUÍMICA TÊXTIL	B3	
1723-7769	QUINTESSENZA ODONTOTECNICA	B4	
2394-6709	RA JOURNAL OF APPLIED RESEARCH (ONLINE)	B3	
1982-7849	RAC. REVISTA DE ADMINISTRAÇÃO CONTEMPORÂNEA (ONLINE)	A2	
2179-4936	RACE - REVISTA DE ADMINISTRAÇÃO, CONTABILIDADE E ECONOMIA (ONLINE)	B1	
2178-7638	RACEF: REVISTA DE ADMINISTRAÇÃO, CONTABILIDADE E ECONOMIA DA FUNDACE	B1	
2317-9708	RACIN - REVISTA ANALISANDO EM CIÊNCIA DA INFORMAÇÃO	B2	
1350-4487	RADIATION MEASUREMENTS	A2	
0969-806X	RADIATION PHYSICS AND CHEMISTRY (1993)	A1	
1742-3406	RADIATION PROTECTION DOSIMETRY	B2	
0144-8420	RADIATION PROTECTION DOSIMETRY	B2	
0163-6545	RADICAL HISTORY REVIEW (PRINT)	A2	
2179-6033	RADIOFONIAS	A3	
2675-8067	RADIOFONIAS - REVISTA DE ESTUDOS EM MÍDIA SONORA	A3	
0033-8419	RADIOLOGY	A1	
2835-3587	RADIOLOGY & IMAGING JOURNAL (ONLINE)	B4	
1930-0433	RADIOLOGY CASE REPORTS	B3	
0033-8451	RADIOPROTECTION (PARIS. 1966)	A4	
0167-8140	RADIOTHERAPY AND ONCOLOGY	A1	
2177-2738	RA'E GA: O ESPAÇO GEOGRÁFICO EM ANÁLISE	A1	
2178-938X	RAE (ON-LINE)	A2	
0034-7590	RAE. REVISTA DE ADMINISTRAÇÃO DE EMPRESAS	A2	
2177-2754	RAHIS	B3	
1983-5205	RAHIS. REVISTA DE ADMINISTRAÇÃO HOSPITALAR E INOVAÇÃO EM SAÚDE	B3	
2515-8961	RAI REVISTA DE ADMINISTRAÇÃO E INOVAÇÃO	A2	
1984-4018	RAÍDO (ONLINE)	A3	
2804-7303	RAIRO - OPERATIONS RESEARCH	B1	
1290-385X	RAIRO – THEORETICAL INFORMATICS AND APPLICATIONS	B3	
2358-8705	RAÍZES	A4	
0104-7035	RAIZES E RUMOS (IMPRESSO)	B1	
2317-7705	RAÍZES E RUMOS (ONLINE)	B1	
0102-552X	RAIZES. REVISTA DE CIÊNCIAS SOCIAIS E ECONÔMICAS	A4	
1678-6971	RAM. REVISTA DE ADMINISTRAÇÃO MACKENZIE (ONLINE)	A2	
1519-6453	RAPSÓDIA (USP)	B4	
2178-9320	RARA - REVISTA DE ADMINISTRAÇÃO E NEGÓCIOS DA AMAZÔNIA	B2	
1519-1672	RAS. REVISTA DE ADMINISTRAÇÃO EM SAÚDE	B3	
2358-3703	RASCUNHOS - CAMINHOS DA PESQUISA EM ARTES CÊNICAS	A2	
2358-4351	RATIO IURIS	B4	
1794-6638	RATIO JURIS ¿ UNIVERSIDAD AUTÓNOMA LATINOAMERICANA	A2	
2531-0488	RAUSP MANAGEMENT JOURNAL	A2	
1605-4806	RAZÓN Y PALABRA	B1	
1678-7099	RB. RADIOLOGIA BRASILEIRA	A3	
0100-3984	RB. RADIOLOGIA BRASILEIRA (IMPRESSO)	A3	
1808-6020	RBB. REVISTA BRASILEIRA DE BIOÉTICA	B2	
1980-6949	RBBD. REVISTA BRASILEIRA DE BIBLIOTECONOMIA E DOCUMENTAÇÃO (ONLINE)	A2	
1808-0936	RBC. REVISTA BRASILEIRA DE CARTOGRAFIA (ONLINE)	B2	
0104-8341	RBC: REVISTA BRASILEIRA DE CONTABILIDADE	B3	
2317-6695	RBCEH. REVISTA BRASILEIRA DE CIÊNCIAS DO ENVELHECIMENTO HUMANO	B2	
2595-5373	RBG - REVISTA BRASILEIRA DE GASTRONOMIA	B4	
2236-1103	R-BITS - REVISTA BRASILEIRA DE INOVAÇÃO TECNOLOGICA EM SAÚDE	B4	
2358-2332	RBPG - REVISTA BRASILEIRA DA PÓS-GRADUAÇÃO	A2	
1806-8405	RBPG. REVISTA BRASILEIRA DE PÓS-GRADUAÇÃO	A2	
1676-8965	RBSE. REVISTA BRASILEIRA DE SOCIOLOGIA DA EMOÇÃO (ONLINE)	A3	
2965-4394	RBSS - REVISTA BRASILEIRA DE SAÚDE SUPLEMENTAR	B4	
1679-8953	RBUS. REVISTA BRASILEIRA DE ULTRA-SONOGRAFIA	B4	
1981-8858	RCA. REVISTA DE CIÊNCIAS AMBIENTAIS (UNILASALLE)	B2	
1984-6266	RC&C. REVISTA DE CONTABILIDADE E CONTROLADORIA	B1	
0951-4198	RCM. RAPID COMMUNICATIONS IN MASS SPECTROMETRY	A4	
2675-9128	RCMOS - REVISTA CIENTÍFICA MULTIDISCIPLINAR O SABER	B2	
2447-7028	RCT: REVISTA DE CIÊNCIA E TECNOLOGIA	B3	
1516-1684	RDE. REVISTA DE DESENVOLVIMENTO ECONÔMICO	B2	
1679-9127	REA. REVISTA ELETRÔNICA DE ADMINISTRAÇÃO (FRANCA. ONLINE)	B2	
2058-9883	REACTION CHEMISTRY & ENGINEERING	A2	
1878-5204	REACTION KINETICS, MECHANISMS AND CATALYSIS	B2	
1381-5148	REACTIVE & FUNCTIONAL POLYMERS (PRINT)	A1	
1413-2311	READ. REVISTA ELETRÔNICA DE ADMINISTRAÇÃO	A3	
2763-5473	REAL CONHECER	B2	
2179-7501	REALIS REVISTA DE ESTUDOS ANTIUTILITARISTAS E POSCOLONIAIS	B1	
0922-6443	REAL-TIME SYSTEMS	A4	
2055-3668	REAL-WORLD ECONOMICS REVIEW	B3	
2316-5812	REAT - REVISTA ELETRÔNICA DE ADMINISTRAÇÃO E TURISMO	B1	
2316-4190	REAVI - REVISTA ELETRÔNICA DO ALTO VALE DO ITAJAÍ	B4	
2659-708X	REAYS REVISTA DE EDUCACIÓN AMBIENTAL Y SOSTENIBILIDAD	A3	
0101-8434	REB. REVISTA ECLESIASTICA BRASILEIRA	A2	
2316-9230	REBECA - REVISTA BRASILEIRA DE ESTUDOS DE CINEMA E AUDIOVISUAL	A3	
2358-3193	REBECIN - REVISTA BRASILEIRA DE EDUCAÇÃO EM CIÊNCIA DA INFORMAÇÃO	A4	
2595-3206	REBEH	A2	
1981-4542	REBEJ (BRASÍLIA)	B1	
2178-1206	REBENTO: REVISTA DAS ARTES DO ESPETÁCULO	A3	
2446-9467	REBESCOLAR	B3	
1809-9696	REC. REVISTA ELETRÔNICA DE COMUNICAÇÃO	B4	
1677-7387	RECADM : REVISTA ELETRÔNICA DE CIÊNCIA ADMINISTRATIVA	A4	
2448-0126	RECAT - REVISTA ELETRÔNICA CIÊNCIAS DA ADMINISTRAÇÃO E TURISMO	B3	
2667-3886	RECENT ADVANCES IN DRUG DELIVERY AND FORMULATION (ONLINE)	B1	
2772-5758	RECENT ADVANCES IN FOOD, NUTRITION & AGRICULTURE (ONLINE)	B3	
1872-2083	RECENT PATENTS ON BIOTECHNOLOGY	B2	
2212-4012	RECENT PATENTS ON BIOTECHNOLOGY	B2	
1872-2105	RECENT PATENTS ON NANOTECHNOLOGY	A2	
2813-2564	RECEPTORS (ONLINE)	B2	
2675-9098	RECET	B2	
2763-8855	RECET: REVISTA ELETRÔNICA DE CIÊNCIAS EXATAS E TECNOLÓGICAS (ONLINE)	B4	
1290-3868	RECHERCHE OPÉRATIONNELLE	A4	
0318-4137	RECHERCHES AMÉRINDIENNES AU QUÉBEC	A4	
0229-8651	RECHERCHES SÉMIOTIQUES. SEMIOTIC INQUIRY	B1	
2175-2168	RECHTD. REVISTA DE ESTUDOS CONSTITUCIONAIS, HERMENÊUTICA E TEORIA DO DIREITO	A1	
2195-1438	RECHTSHILFE UND NACHLASSPLANUNG IM DEUTSCH-BRASILIANISCHEN RECHTSVERKEHR ? BERICHT ZUR XXXVI. JAHRESTAGUNG DER DBJV ? J	B2	
1981-6278	RECIIS-REVISTA ELETRÔNICA DE COM. INFORMAÇÃO & INOVAÇÃO EM SAÚDE	A1	
2675-6218	RECIMA21	A4	
2763-8405	RECISATEC	B4	
2674-9270	RECITAL	A4	
2596-058X	RECITE	A3	
1982-8985	RECORDE: REVISTA DE HISTÓRIA DO ESPORTE	A3	
2792-0763	RECORDS OF AGRICULTURAL AND FOOD CHEMISTRY (ONLINE)	B2	
2313-4321	RECYCLING	C	
2182-4967	RE@D	A3	
2362-4434	RED SOCIALES - REVISTA ELETRÓNICA DEL DEPARTAMENTO DE CIENCIAS SOCIALES UNLU	A3	
2595-5667	REDAP - REVISTA DE DIREITO DA ADMINISTRAÇÃO PÚBLICA	A2	
2393-7408	REDBIOLAC (EN LÍNEA)	B2	
1984-1736	REDD - REVISTA ESPAÇO DE DIÁLOGO E DESCONEXÃO	A4	
1982-5528	REDE - REVISTA ELETRÔNICA DO PRODEMA	B1	
1982-6451	REDE DE CUIDADOS EM SAÚDE	B3	
0719-8477	REDER	B2	
2595-4423	REDES	A2	
2318-8081	REDES - REVISTA ELETRÔNICA DIREITO E SOCIEDADE	A1	
0328-3186	REDES. REVISTA DE ESTUDIOS SOBRE LA CIENCIA Y LA TECNOLOGIA  (BERNAL)	B1	
1982-6745	REDES REVISTA DO DESENVOLVIMENTO REGIONAL	A1	
1579-0185	REDES, REVISTA HISPANA PARA EL ANÁLISIS DE REDES SOCIALES	B1	
1414-7106	REDES (SANTA CRUZ DO SUL. IMPRESSO)	A1	
2764-9954	[RE]DESIGN	B3	
2014-3621	REDIMAT- REVISTA DE INVESTIGACIÓN EN DIDÁCTICA DE LAS MATEMÁTICAS	A1	
2594-4576	REDIN REVISTA EDUCACIONAL INTERDISCIPLINAR	A4	
2675-2271	REDIPE	A3	
2183-3958	REDIS	B3	
1852-2300	REDMARKA. REVISTA DE MARKETING APLICADO	B2	
2238-3794	REDOBRA	B1	
2213-2317	REDOX BIOLOGY	A1	
2179-0612	REEC - REVISTA ELETRONICA DE ENGENHARIA CIVIL	B3	
1579-1513	REEC. REVISTA ELECTRÓNICA DE ENSEÑANZA DE LAS CIENCIAS	A2	
2359-182X	REFAS - REVISTA FATEC ZONA SUL	B2	
2182-2883	REFERÊNCIA	B1	
1982-9949	REFLEXÃO E AÇÃO (ONLINE)	A2	
2447-6803	REFLEXÃO (ONLINE)	A2	
2007-8501	REFLEXIONES MARGINALES	B1	
2447-9705	REFLEXÕES ECONÔMICAS	B2	
2358-4874	REFLEXUS: REVISTA SEMESTRAL DE TEOLOGIA E CIÊNCIAS DAS RELIGIÕES	A3	
2359-1919	REGA - REVISTA DE GESTÃO DE ÁGUA DA AMÉRICA LATINA	B1	
2176-2171	REGAE: REVISTA DE GESTÃO E AVALIAÇÃO EDUCACIONAL	A4	
1164-0871	REGARDS SOCIOLOGIQUES	B3	
2177-8736	REGE REVISTA DE GESTAO	A2	
2676-0185	REGEN	B1	
2364-4141	REGENERATIVE ENGINEERING AND TRANSLATIONAL MEDICINE (ONLINE)	A3	
2352-3204	REGENERATIVE THERAPY	A3	
2965-1506	REGEPE ENTREPRENEURSHIP AND SMALL BUSINESS JOURNAL	A2	
1809-2276	REGE-REVISTA DE GESTÃO	A2	
1436-3798	REGIONAL ENVIRONMENTAL CHANGE (PRINT)	A3	
1757-7802	REGIONAL SCIENCE POLICY AND PRACTICE	A2	
0034-3404	REGIONAL STUDIES	A1	
2352-4855	REGIONAL STUDIES IN MARINE SCIENCE	A2	
2965-3320	REGIONEM - REVSITA INTERDISCIPLINAR EM DESENVOLVIMENTO SUSTENTÁVEL (ONLINE)	C	
2359-1145	REGIT -  REVISTA DE ESTUDOS DE GESTÃO, INFORMAÇÃO E TECNOLOGIA	B1	
2525-4936	REGNELLEA SCIENTIA	B4	
0273-2300	REGULATORY TOXICOLOGY AND PHARMACOLOGY	A1	
2090-2867	REHABILITATION RESEARCH AND PRACTICE	C	
1809-6220	REI. REVISTA DE EDUCAÇÃO DO IDEAU	A4	
1549-1684	REJUVENATION RESEARCH	A4	
1983-4624	REL. REVISTA ELETRÔNICA DE LETRAS	B2	
1699-3950	RELACIONES INTERNACIONALES (MADRID)	A1	
0185-3929	RELACIONES (ZAMORA)	A4	
2316-2880	RELAÇÕES INTERNACIONAIS DO MUNDO ATUAL	A1	
1645-9199	RELAÇÕES INTERNACIONAIS (LISBOA)	A4	
2525-7870	RELACULT - REVISTA LATINO-AMERICANA DE ESTUDOS EM CULTURA E SOCIEDADE	A3	
2527-2039	RELATOS DE CASOS CIRÚRGICOS / SURGICAL CASES REPORTS	B4	
2317-3688	RELEGENS THRÉSKEIA: ESTUDOS E PESQUISA EM RELIGIÃO	A4	
0951-8320	RELIABILITY ENGINEERING & SYSTEMS SAFETY	A1	
2674-8991	RELICON - RELIGIÃO, LINGUAGEM E CONFESSIONALIDADE (ONLINE)	B4	
2659-8620	RELIES: REVISTA DEL LABORATORIO IBEROAMERICANO PARA EL ESTUDIO SOCIOHISTÓRICO DE LAS SEXUALIDADES	A3	
1982-6605	RELIGARE: REVISTA DO PROGRAMA DE PÓS-GRADUAÇÃO EM CIÊNCIAS DAS RELIGIÕES DA UFPB	B2	
1984-0438	RELIGIÃO & SOCIEDADE	A2	
0100-8587	RELIGIÃO E SOCIEDADE	A2	
0188-4050	RELIGIONES LATINO AMERICANAS	C	
2077-1444	RELIGIONS	C	
2448-167X	REM - INTERNATIONAL ENGINEERING JOURNAL	A4	
2447-2689	REMAT: REVISTA ELETRÔNICA DA MATEMÁTICA	B1	
2316-5758	REMATE DE MALES (ONLINE)	A3	
1980-3141	REMATEC. REVISTA DE MATEMÁTICA, ENSINO E CULTURA	A3	
2675-1909	REMATEC. REVISTA DE MATEMÁTICA, ENSINO E CULTURA (ONLINE)	A3	
2316-9389	REME - REVISTA MINEIRA DE ENFERMAGEM (ONLINE)	A4	
1415-2762	REME. REVISTA MINEIRA DE ENFERMAGEM	A4	
2318-4884	REMEA-REVISTA ELETRONICA DO MESTRADO EM EDUCACAO AMBIENTAL	A3	
1980-8585	REMHU (BRASÍLIA)	A1	
2764-4987	REMICI: REVISTA ELETRÔNICA MULTIDISCIPLINAR DE INVESTIGAÇÃO CIENTÍFICA (ONLINE)	B3	
2072-4292	REMOTE SENSING	A1	
2352-9385	REMOTE SENSING APPLICATIONS: SOCIETY AND ENVIRONMENT	A1	
2056-3485	REMOTE SENSING IN ECOLOGY AND CONSERVATION	A1	
2150-704X	REMOTE SENSING LETTERS	A3	
0034-4257	REMOTE SENSING OF ENVIRONMENT	A1	
2179-426X	RENCIMA	A1	
2037-4631	RENDICONTI LINCEI. SCIENZE FISICHE E NATURALI	A3	
2526-8007	RENEF	B2	
1364-0321	RENEWABLE & SUSTAINABLE ENERGY REVIEWS	A1	
1742-1705	RENEWABLE AGRICULTURE AND FOOD SYSTEMS (PRINT)	A2	
0960-1481	RENEWABLE ENERGY	A1	
2717-252X	RENEWABLE ENERGY RESEARCH AND APPLICATIONS	B3	
1679-1916	RENOTE. REVISTA NOVAS TECNOLOGIAS NA EDUCAÇÃO	A4	
2359-3326	RENOVARE	B3	
2676-0479	REN9VE	B3	
2763-9673	REOC - REVISTA DE ESTUDOS EM ORGANIZAÇÕES E CONTROLADORIA	B4	
2764-104X	REORIENTE	B1	
2526-2742	REPECULT - REVISTA ENSAIOS E PESQUISAS EM EDUCAÇÃO E CULTURA	B1	
2675-8512	REPEGE - REVISTA DE ENSINO, PESQUISA E EXTENSÃO EM GESTÃO	B3	
2175-8131	REPERTÓRIO	A1	
2222-145X	REPORTES CIENTÍFICOS DE LA FACEN	B2	
2683-5894	REPORTS IN MECHANICAL ENGINEERING (RME)	A1	
1507-1367	REPORTS OF PRACTICAL ONCOLOGY AND RADIOTHERAPY	B1	
2526-9542	REPPE REVISTA DE PRODUTOS EDUCACIONAIS E PESQUISAS EM ENSINO	A3	
2633-8386	REPRODUCTION AND FERTILITY	A4	
1470-1626	REPRODUCTION (CAMBRIDGE)	A1	
1031-3613	REPRODUCTION, FERTILITY AND DEVELOPMENT (PRINT)	A2	
1439-0531	REPRODUCTION IN DOMESTIC ANIMALS (1990. INTERNET)	A2	
1642-431X	REPRODUCTIVE BIOLOGY	A2	
1477-7827	REPRODUCTIVE BIOLOGY AND ENDOCRINOLOGY	A1	
1472-6483	REPRODUCTIVE BIOMEDICINE ONLINE (PRINT)	A1	
1933-7191	REPRODUCTIVE SCIENCES (THOUSAND OAKS, CALIF.)	A2	
0890-6238	REPRODUCTIVE TOXICOLOGY (ELMSFORD, N.Y.)	A2	
2332-4961	REPTILES & AMPHIBIANS (ONLINE)	B4	
0947-3602	REQUIREMENTS ENGINEERING (LONDON. PRINT)	A2	
2763-5074	RES - REVISTA ELETRÔNICA EM SAÚDE	B4	
2764-4405	RESC – REVISTA DE ESTUDOS SOCIOCULTURAIS	B3	
2278-2249	RESEARCH & REVIEWS: JOURNAL OF FOOD SCIENCE & TECHNOLOGY	C	
1674-4527	RESEARCH IN ASTRONOMY AND ASTROPHYSICS	A4	
1750-9467	RESEARCH IN AUTISM SPECTRUM DISORDERS	A1	
1464-7893	RESEARCH IN DANCE EDUCATION (PRINT)	A1	
0891-4222	RESEARCH IN DEVELOPMENTAL DISABILITIES	A1	
2659-9031	RESEARCH IN EDUCATION AND LEARNING INNOVATION ARCHIVES	B2	
0934-9839	RESEARCH IN ENGINEERING DESIGN (PRINT)	A1	
2590-051X	RESEARCH IN GLOBALIZATION	A2	
0361-0365	RESEARCH IN HIGHER EDUCATION	A1	
0275-5319	RESEARCH IN INTERNATIONAL BUSINESS AND FINANCE	A1	
0923-2508	RESEARCH IN MICROBIOLOGY (PARIS)	B1	
2576-9200	RESEARCH IN PEDIATRICS & NEONATOLOGY	B4	
1551-7411	RESEARCH IN SOCIAL & ADMINISTRATIVE PHARMACY	A1	
1543-8627	RESEARCH IN SPORTS MEDICINE (PRINT)	A1	
2210-5395	RESEARCH IN TRANSPORTATION BUSINESS & MANAGEMENT	A1	
0034-5288	RESEARCH IN VETERINARY SCIENCE	A1	
2278-4721	RESEARCH INVENTY: INTERNATIONAL JOURNAL OF ENGINEERING AND SCIENCE	C	
0975-8585	RESEARCH JOURNAL OF PHARMACEUTICAL, BIOLOGICAL AND CHEMICAL SCIENCES	C	
2446-4740	RESEARCH ON BIOMEDICAL ENGINEERING	A4	
2224-5766	RESEARCH ON HUMANITIES AND SOCIAL SCIENCES	A4	
0048-7333	RESEARCH POLICY	A1	
0270-1367	RESEARCH QUARTERLY FOR EXERCISE AND SPORT	A2	
2525-3409	RESEARCH, SOCIETY AND DEVELOPMENT	C	
2693-5015	RESEARCH SQUARE	C	
2764-0302	RESENHA CRÍTICA	B3	
0104-6152	RESENHA ELEITORAL - TRIBUNAL REGIONAL ELEITORAL DE SANTA CATARINA	B2	
2178-3284	RESGATE: REVISTA INTERDISCIPLINAR DE CULTURA	A3	
2236-6814	RESIDÊNCIA PEDIÁTRICA	B3	
2737-6222	RESISTANCES. JOURNAL OF THE PHILOSOPHY OF HISTORY	B1	
2079-9276	RESOURCES	A4	
2667-3789	RESOURCES, CONSERVATION & RECYCLING ADVANCES	A1	
0921-3449	RESOURCES, CONSERVATION AND RECYCLING	A1	
0301-4207	RESOURCES POLICY	C	
1943-3654	RESPIRATORY CARE	A2	
0020-1324	RESPIRATORY CARE	A2	
0954-6111	RESPIRATORY MEDICINE	A2	
2213-0071	RESPIRATORY MEDICINE CASE REPORTS	B2	
1569-9048	RESPIRATORY PHYSIOLOGY & NEUROBIOLOGY	A4	
1465-993X	RESPIRATORY RESEARCH (ONLINE)	A1	
1061-2971	RESTORATION ECOLOGY	A2	
2234-7666	RESTORATIVE DENTISTRY & ENDODONTICS	B3	
2211-7156	RESULTS IN CHEMISTRY	A4	
2666-7207	RESULTS IN CONTROL AND OPTIMIZATION	B1	
2590-1230	RESULTS IN ENGINEERING	A1	
2211-3797	RESULTS IN PHYSICS	A3	
2666-8459	RESULTS IN SURFACES AND INTERFACES	B1	
1806-0323	RETEC. REVISTA DE TECNOLOGIAS (OURINHOS)	B2	
2675-9950	RETER	B3	
1988-2041	RETOS	A2	
1579-1726	RETOS: NUEVAS TENDENCIAS EN EDUCACIÓN FÍSICA, DEPORTE Y RECREACIÓN	A2	
2238-4391	RETRATOS DA ESCOLA	A2	
1982-131X	RETRATOS DA ESCOLA	A2	
1516-8182	RETRATOS DE ASSENTAMENTOS	A4	
2179-8834	REUNA (ON LINE)	B1	
2675-9721	REUNINA	B2	
2237-3667	REUNIR REVISTA DE ADMINISTRAÇÃO CONTABILIDADE E SUSTENTABILIDADE	B1	
2175-6783	REV RENE (ONLINE)	A4	
2175-1609	REV. TRIANGULO	A4	
2177-8183	REVASF - REVISTA DE EDUCAÇÃO DA UNIVERSIDADE FEDERAL DO VALE DO SÃO FRANCISCO	A4	
2179-4456	REVELL ? REVISTA DE ESTUDOS LITERÁRIOS DA UEMS	A4	
1984-6576	REVELLI: REVISTA DE EDUCAÇÃO, LINGUAGEM E LITERATURA DA UEG-INHUMAS	B1	
1981-1322	REVEMAT : REVISTA ELETRÔNICA DE EDUCAÇÃO MATEMÁTICA	A2	
1677-1222	REVER: REVISTA DE ESTUDOS DA RELIGIÃO	A1	
0102-7395	REVERSO (BELO HORIZONTE. IMPRESSO)	B1	
2236-1294	REVERTE	B4	
2595-4490	REVES - REVISTA RELAÇÕES SOCIAIS	A3	
1678-068X	R.E.V.I. REVISTA DE ESTUDOS DO VALE IGUAÇU	B3	
2195-7177	REVIEW JOURNAL OF AUTISM AND DEVELOPMENTAL DISORDERS (PRINT)	A1	
2425-6870	REVIEW OF AGRICULTURAL, FOOD AND ENVIRONMENTAL STUDIES	A1	
2049-6613	REVIEW OF EDUCATION	A2	
2662-6136	REVIEW OF EVOLUTIONARY POLITICAL ECONOMY	A3	
1991-2773	REVIEW OF INTERNATIONAL AMERICAN STUDIES	B2	
1466-4526	REVIEW OF INTERNATIONAL POLITICAL ECONOMY (ONLINE)	A1	
0969-2290	REVIEW OF INTERNATIONAL POLITICAL ECONOMY (PRINT)	A1	
2049-5323	REVIEW OF KEYNESIAN ECONOMICS	A1	
0953-8259	REVIEW OF POLITICAL ECONOMY	A1	
0034-6748	REVIEW OF SCIENTIFIC INSTRUMENTS	B1	
2965-7393	REVIEW OF SDGS IN EMERGING COUNTRIES (ONLINE)	B4	
2770-3150	REVIEWS AND RESEARCH IN MEDICAL MICROBIOLOGY (PRINT)	B4	
1753-5131	REVIEWS IN AQUACULTURE	A1	
1389-9155	REVIEWS IN ENDOCRINE AND METABOLIC DISORDERS (PRINT)	A1	
1569-1705	REVIEWS IN ENVIRONMENTAL SCIENCE AND BIO-TECHNOLOGY	A1	
0960-3166	REVIEWS IN FISH BIOLOGY AND FISHERIES	A1	
2330-8249	REVIEWS IN FISHERIES SCIENCE & AQUACULTURE	A1	
1052-9276	REVIEWS IN MEDICAL VIROLOGY (PRINT)	A1	
0334-1763	REVIEWS IN THE NEUROSCIENCES	A2	
0048-7554	REVIEWS ON ENVIRONMENTAL HEALTH	A1	
1876-1038	REVIEWS ON RECENT CLINICAL TRIALS	A3	
1984-3577	REVINTER	B4	
0104-0383	REVISAO ANUAL DE PATOLOGIA DE PLANTAS	B2	
2179-6572	REVISE - REVISTA INTEGRATIVA DE INOVAÇÃO TECNOLÓGICA NAS CIÊNCIAS DA SAÚDE	B3	
2966-3512	REVISPATTUR, REVISTA DE TURISMO: PATRIMÔNIOS, TERRITÓRIOS DESCOLONIAIS E TRABALHO (ONLINE)	C	
2178-7727	REVISTA  ACTA SCIENTIAE	A1	
2763-7921	REVISTA  CONEXÃO NA AMAZÔNIA	B1	
2595-4911	REVISTA - EM FAVOR DE IGUALDADE RACIAL	B1	
1541-1443	REVISTA - HARVARD REVIEW OF LATIN AMERICA	A3	
1983-3814	REVISTA - INSTITUTO ADOLFO LUTZ	B3	
2237-9851	REVISTA ABCM ENGENHARIA	B4	
2674-824X	REVISTA ABORDAGENS	B4	
2357-7428	REVISTA ABRACICON SABER	B4	
2318-4566	REVISTA ABTU	B4	
2525-4022	REVISTA ABUSÕES	A4	
1806-4884	REVISTA ACADEMIA CAMPISTA DE LETRAS	C	
2596-2868	REVISTA ACADÊMICA CIÊNCIA ANIMAL	B4	
2176-7939	REVISTA ACADÊMICA DA ESMP-CE	B1	
2448-2307	REVISTA ACADÊMICA DA FACULDADE DE DIREITO DO RECIFE (ONLINE)	A4	
1980-3087	REVISTA ACADÊMICA DA FACULDADE DE DIREITO DO RECIFE (PRINT)	A4	
2966-0785	REVISTA ACADÊMICA DA LUSOFONIA (ONLINE)	C	
2447-6358	REVISTA ACADÊMICA FACULDADE PROGRESSO	B3	
2318-5252	REVISTA ACADÊMICA LICENCIA&ACTURAS	B1	
2525-5754	REVISTA ACADÊMICA LICENCIA&ACTURAS	B1	
1980-6965	REVISTA ACADÊMICA OBSERVATÓRIO DE INOVAÇÃO DO TURISMO	B1	
2359-5787	REVISTA ACADÊMICA ONLINE	B1	
2796-986X	REVISTA ACADÉMICA SEYS	B3	
1414-0594	REVISTA ACB: BIBLIOTECONOMIA EM SANTA CATARINA	A2	
1989-2837	REVISTA ACCIÓN MOTRIZ	B2	
2596-0288	REVISTA ACERVO EDUCACIONAL	B2	
1983-3989	REVISTA ADMINISTRAÇÃO	C	
2178-0080	REVISTA ADMINISTRACAO EM DIALOGO	A4	
2524-9568	REVISTA ADMINISTRACIÓN PÚBLICA Y SOCIEDAD	A3	
1983-7089	REVISTA ADMPG (ONLINE)	B3	
1807-3506	REVISTA ADUSP	B2	
1983-2354	REVISTA ÁFRICA E AFRICANIDADES	B2	
2318-1990	REVISTA ÁFRICA(S)	A3	
2675-7753	REVISTA AGARONIA	B4	
1980-0096	REVISTA ÁGORA (VITÓRIA)	B2	
2595-3125	REVISTA AGRÁRIA ACADÊMICA	B3	
1807-491X	REVISTA AGRICULTURAS (IMPRESSO)	B2	
2525-4804	REVISTA AGRI-ENVIRONMENTAL SCIENCES	B2	
2318-0188	REVISTA AGROECOSSISTEMAS	A4	
2675-1704	REVISTA AGROFIB	B4	
2316-1817	REVISTA AGROGEOAMBIENTAL	B3	
2594-6781	REVISTA AGRONOMIA BRASILEIRA	B3	
2525-6076	REVISTA AGROPECUÁRIA CATARINENSE	B2	
2595-1084	REVISTA AGULHAS NEGRAS	B4	
0718-378X	REVISTA AIDIS DE INGENIERÍA Y CIENCIAS AMBIENTALES	B3	
2595-2757	REVISTA AKEKO	B3	
1981-0253	REVISTA ALAMEDAS (UNIOESTE. TOLEDO)	A3	
1983-716X	REVISTA ALCANCE (ONLINE)	B1	
2007-6835	REVISTA ALCONPAT	B4	
2596-2671	REVISTA ALEMBRA	B1	
2176-1841	REVISTA ALERE	B2	
2448-9190	REVISTA ALERGIA MÉXICO	B4	
2236-4684	REVISTA ALIMENTUS - CIÊNCIA E TECNOLOGIA	B4	
2448-1548	REVISTA ALPHA	B4	
2526-3749	REVISTA ALTERIDADE (ONLINE)	B3	
2176-1507	REVISTA ALTERJOR USP	A3	
1983-6929	REVISTA AMAZONENSE DE GERIATRIA E GERONTOLOGIA	B4	
2238-8893	REVISTA AMAZÔNIA, ORGANIZAÇÕES E SUSTENTABILIDADE	B1	
2318-1419	REVISTA AMAZÔNIA SCIENCE & HEALTH	B2	
1983-3415	REVISTA AMAZÔNICA	A4	
2675-5572	REVISTA AMAZONICA DE CIENCIAS FARMACEUTICAS	C	
2318-8774	REVISTA AMAZÔNICA (ONLINE)	A4	
2675-3987	REVISTA AMAZÔNICA SOBRE ENSINO DE GEOGRAFIA	B1	
2527-0141	REVISTA AMAZÔNIDA	A4	
1980-993X	REVISTA AMBIENTE & ÁGUA	A4	
2176-9036	REVISTA AMBIENTE CONTÁBIL	B1	
2674-7170	REVISTA AMERICANA DE EMPREENDEDORISMO E INOVAÇÃO	B2	
2794-0594	REVISTA AMERICANA DE URBANISMO Y MEDIO AMBIENTE PARA JURISTAS Y TÉCNICOS	B3	
0102-2105	REVISTA AMRIGS	B4	
1982-1689	REVISTA ANAGRAMA (USP)	B1	
2176-5456	REVISTA ANÁLISE ECONÔMICA (UFRGS)	A4	
2178-0722	REVISTA ANÁPOLIS DIGITAL	B2	
2174-6796	REVISTA ANDALUZA DE ANTROPOLOGÍA	B1	
1888-7546	REVISTA ANDALUZA DE MEDICINA DEL DEPORTE	B2	
2221-4135	REVISTA ANDINA DE ESTUDIOS POLÍTICOS	A4	
2179-5487	REVISTA ANGELUS NOVUS	A4	
1519-423X	REVISTA ANHANGUERA	B4	
2675-6110	REVISTA ANNEP DE DIREITO PROCESSUAL	B1	
2764-4200	REVISTA ANÔMALAS	B3	
2525-5223	REVISTA ANTHROPOLÓGICAS	A2	
1516-7372	REVISTA ANTHROPOLÓGICAS	A2	
2763-9533	REVISTA ANTÍGONA	B2	
2675-9608	REVISTA ANTINOMIAS	B2	
2596-1632	REVISTA APOENA	A4	
2447-1267	REVISTA APOTHEKE	A1	
2175-7534	REVISTA APROXIMAÇÃO	B2	
2525-8354	REVISTA ARA	A3	
2683-6955	REVISTA ARANDU	B1	
1695-2588	REVISTA ARANZADI DE DERECHO AMBIENTAL	A3	
2179-6793	REVISTA ARATICUM	B1	
2446-9335	REVISTA ARCÁDIA	B1	
1984-249X	REVISTA ARCHAI: REVISTA DE ESTUDOS SOBRE AS ORIGENS DO PENSAMENTO OCIDENTAL	A1	
0034-7000	REVISTA ARGENTINA DE CARDIOLOGÍA (IMPRESA)	B3	
1850-3748	REVISTA ARGENTINA DE CARDIOLOGÍA (ONLINE)	B3	
1852-4206	REVISTA ARGENTINA DE CIENCIAS DEL COMPORTAMIENTO	A4	
0327-8301	REVISTA ARGENTINA DE GERONTOLOGÍA Y GERIATRÍA (PRINT)	C	
2718-7519	REVISTA ARGENTINA DE INVESTIGACIÓN NARRATIVA	B2	
2469-1143	REVISTA ARGENTINA DE TERAPIA OCUPACIONAL	B2	
2359-6880	REVISTA ARGUMENTUM	A2	
2965-291X	REVISTA ARQUITETURA E LUGAR (ONLINE)	B3	
2595-4407	REVISTA ARQUIVOS CIENTÍFICOS	B3	
2358-6060	REVISTA ARTE DA CENA	A1	
1807-8214	REVISTA ÁRTEMIS	A2	
2316-5251	REVISTA ÁRTEMIS	A2	
2676-010X	REVISTA ARTÍFICES	B1	
0100-6762	REVISTA ÁRVORE (IMPRESSO)	B1	
1806-9088	REVISTA ÁRVORE (ONLINE)	B1	
2238-3999	REVISTA ASPAS	A3	
2237-9304	REVISTA ATHENA	B1	
2238-8494	REVISTA AÚ	B3	
0717-3202	REVISTA AUSTRAL DE CIENCIAS SOCIALES	B1	
1984-3100	REVISTA AVALIAÇÃO DE POLÍTICAS PÚBLICAS	B2	
2176-9923	REVISTA AVALIAÇÃO DE POLÍTICAS PÚBLICAS (ONLINE)	B2	
2526-9879	REVISTA AVANT	B1	
2675-5246	REVISTA BAIANA DE EDUCAÇÃO MATEMÁTICA	B1	
0102-5430	REVISTA BAIANA DE ENFERMAGEM	A4	
2178-8650	REVISTA BAIANA DE ENFERMAGEM	A4	
0100-0233	REVISTA BAIANA DE SAÚDE PUBLICA	B2	
2318-2660	REVISTA BAIANA DE SAÚDE PÚBLICA (ONLINE)	B2	
2237-4884	REVISTA BEM LEGAL	C	
2526-6160	REVISTA BIBLIOMAR	B1	
2316-1205	REVISTA BINACIONAL BRASIL ARGENTINA	B2	
1415-7411	REVISTA BIOCIÊNCIAS (TAUBATÉ)	B1	
1983-8042	REVISTA BIOÉTICA (IMPRESSO)	B1	
1983-8034	REVISTA BIOÉTICA (ONLINE)	B1	
2317-3467	REVISTA BIOMOTRIZ	B2	
2526-6349	REVISTA BIONORTE	B1	
2175-1943	REVISTA BIONORTE	B1	
2525-555X	REVISTA BIOSAÚDE	B4	
2447-1801	REVISTA BRASILEIRA DA EDUCAÇÃO PROFISSIONAL E TECNOLÓGICA	A2	
1517-2007	REVISTA BRASILEIRA DE ADMINISTRAÇÃO (BRASÍLIA)	B1	
2179-684X	REVISTA BRASILEIRA DE ADMINISTRAÇÃO CIENTÍFICA	C	
2525-5495	REVISTA BRASILEIRA DE ADMINISTRAÇÃO POLÍTICA	B3	
1980-9735	REVISTA BRASILEIRA DE AGROECOLOGIA	B1	
2236-9724	REVISTA BRASILEIRA DE AGROPECUÁRIA SUSTENTÁVEL	B1	
2317-5818	REVISTA BRASILEIRA DE AGROPECUÁRIA SUSTENTÁVEL (RBAS)	B1	
2317-3114	REVISTA BRASILEIRA DE AGROTECNOLOGIA	C	
2318-9274	REVISTA BRASILEIRA DE ALTAS HABILIDADES/SUPERDOTAÇÃO	B3	
1807-8338	REVISTA BRASILEIRA DE ANÁLISE DO COMPORTAMENTO	A4	
2526-6551	REVISTA BRASILEIRA DE ANÁLISE DO COMPORTAMENTO	A4	
2448-3877	REVISTA BRASILEIRA DE ANÁLISES CLÍNICAS (ONLINE)	B3	
1983-4047	REVISTA BRASILEIRA DE APLICAÇÕES DE VÁCUO (ONLINE)	B4	
1806-1362	REVISTA BRASILEIRA DE APRENDIZAGEM ABERTA E A DISTÂNCIA	A2	
2359-0343	REVISTA BRASILEIRA DE APRENDIZAGEM ABERTA E A DISTÂNCIA	A2	
2448-0460	REVISTA BRASILEIRA DE ASSUNTOS REGIONAIS E URBANOS (BARU)	A2	
2317-1634	REVISTA BRASILEIRA DE ATIVIDADE FÍSICA E SAÚDE	B1	
1413-3482	REVISTA BRASILEIRA DE ATIVIDADE FÍSICA E SAÚDE	B1	
2763-5775	REVISTA BRASILEIRA DE AVALIAÇÃO	B4	
2763-7697	REVISTA BRASILEIRA DE AVIAÇÃO CIVIL & CIÊNCIAS AERONÁUTICAS	A4	
2764-913X	REVISTA BRASILEIRA DE BIOMEDICINA	B3	
1983-0823	REVISTA BRASILEIRA DE BIOMETRIA	B2	
0100-8404	REVISTA BRASILEIRA DE BOTÂNICA (IMPRESSO)	A4	
2763-955X	REVISTA BRASILEIRA DE BUIATRIA	B3	
2176-9745	REVISTA BRASILEIRA DE CANCEROLOGIA	B1	
0560-4613	REVISTA BRASILEIRA DE CARTOGRAFIA (IMPRESSO)	B2	
2179-135X	REVISTA BRASILEIRA DE CASOS DE ENSINO EM ADMINISTRAÇÃO	B3	
1806-9061	REVISTA BRASILEIRA DE CIÊNCIA AVÍCOLA	B1	
1516-635X	REVISTA BRASILEIRA DE CIÊNCIA AVÍCOLA / BRAZILIAN JOURNAL OF POULTRY SCIENCE	B1	
0100-0683	REVISTA BRASILEIRA DE CIÊNCIA DO SOLO (IMPRESSO)	A3	
1806-9657	REVISTA BRASILEIRA DE CIÊNCIA DO SOLO (ONLINE)	A3	
0103-1716	REVISTA BRASILEIRA DE CIÊNCIA E MOVIMENTO	B3	
2178-4884	REVISTA BRASILEIRA DE CIÊNCIA POLÍTICA	A1	
0103-3352	REVISTA BRASILEIRA DE CIÊNCIA POLÍTICA (IMPRESSO)	A1	
2359-4748	REVISTA BRASILEIRA DE CIÊNCIA, TECNOLOGIA E INOVAÇÃO	B3	
1984-7130	REVISTA BRASILEIRA DE CIÊNCIA VETERINÁRIA	B2	
1413-0130	REVISTA BRASILEIRA DE CIÊNCIA VETERINÁRIA (IMPRESSO)	B2	
1981-0997	REVISTA BRASILEIRA DE CIENCIAS AGRARIAS	B1	
2176-9478	REVISTA BRASILEIRA DE CIÊNCIAS AMBIENTAIS (IMPRESSA)	A3	
1415-5400	REVISTA BRASILEIRA DE CIÊNCIAS CRIMINAIS	A1	
2317-5729	REVISTA BRASILEIRA DE CIÊNCIAS DA AMAZÔNIA	B2	
2317-6032	REVISTA BRASILEIRA DE CIÊNCIAS DA SAÚDE	B3	
1415-2177	REVISTA BRASILEIRA DE CIÊNCIAS DA SAÚDE (JOÃO PESSOA)	B3	
0101-3289	REVISTA BRASILEIRA DE CIÊNCIAS DO ESPORTE	B1	
2179-3255	REVISTA BRASILEIRA DE CIÊNCIAS DO ESPORTE (ONLINE)	B1	
2178-0013	REVISTA BRASILEIRA DE CIENCIAS POLICIAIS	A2	
0102-6909	REVISTA BRASILEIRA DE CIÊNCIAS SOCIAIS (IMPRESSO)	A1	
1806-9053	REVISTA BRASILEIRA DE CIÊNCIAS SOCIAIS (ONLINE)	A1	
1415-8426	REVISTA BRASILEIRA DE CINEANTROPOMETRIA & DESEMPENHO HUMANO (IMPRESSO)	B1	
1980-0037	REVISTA BRASILEIRA DE CINEANTROPOMETRIA E DESEMPENHO HUMANO	B1	
1983-5175	REVISTA BRASILEIRA DE CIRURGIA PLÁSTICA	B3	
2177-1235	REVISTA BRASILEIRA DE CIRURGIA PLÁSTICA (ONLINE)	B3	
2237-8642	REVISTA BRASILEIRA DE CLIMATOLOGIA	A3	
1980-055X	REVISTA BRASILEIRA DE CLIMATOLOGIA	A3	
2176-6649	REVISTA BRASILEIRA DE COMPUTAÇÃO APLICADA	B4	
2764-7471	REVISTA BRASILEIRA DE CONTABILIDADE E GESTÃO  — RBC&G	B3	
2526-8414	REVISTA BRASILEIRA DE CONTABILIDADE (ONLINE)	B3	
2237-9223	REVISTA BRASILEIRA DE CRIMINALISTICA	A2	
2237-3691	REVISTA BRASILEIRA DE CRIMINALÍSTICA	A2	
2238-4634	REVISTA BRASILEIRA DE CUNICULTURA	B4	
2317-5443	REVISTA BRASILEIRA DE DESENVOLVIMENTO REGIONAL	A3	
1809-9092	REVISTA BRASILEIRA DE DIREITO ANIMAL	A1	
2317-4552	REVISTA BRASILEIRA DE DIREITO ANIMAL (ONLINE)	A1	
2359-1137	REVISTA BRASILEIRA DE DIREITO COMERCIAL	B4	
1677-3756	REVISTA BRASILEIRA DE DIREITO DESPORTIVO	B1	
2595-2935	REVISTA BRASILEIRA DE DIREITO E JUSTIÇA (RBDJ)	B1	
2238-0604	REVISTA BRASILEIRA DE DIREITO IMED	A1	
2179-9148	REVISTA BRASILEIRA DE DIREITO PREVIDENCIÁRIO	B1	
0100-2589	REVISTA BRASILEIRA DE DIREITO PROCESSUAL (IMPRESSO)	B2	
1678-7072	REVISTA BRASILEIRA DE DIREITO PÚBLICO	B1	
2595-7414	REVISTA BRASILEIRA DE DIREITO SOCIAL	A4	
1981-2221	REVISTA BRASILEIRA DE DIREITO TRIBUTÁRIO E FINANÇAS PÚBLICAS	B1	
2447-2026	REVISTA BRASILEIRA DE DIREITO URBANÍSTICO	A2	
2448-1386	REVISTA BRASILEIRA DE DIREITO URBANÍSTICO (ONLINE)	A2	
2965-9892	REVISTA BRASILEIRA DE DIREITOS DA PERSONALIDADE (ONLINE)	C	
2238-8249	REVISTA BRASILEIRA DE DIREITOS HUMANOS	B4	
1806-9134	REVISTA BRASILEIRA DE ECONOMIA	A2	
0034-7140	REVISTA BRASILEIRA DE ECONOMIA (IMPRESSO)	A2	
2674-9564	REVISTA BRASILEIRA DE ECONOMIA SOCIAL E DO TRABALHO	B3	
1983-9391	REVISTA BRASILEIRA DE ECOTURISMO	B1	
1809-449X	REVISTA BRASILEIRA DE EDUCAÇÃO	A1	
1980-0118	REVISTA BRASILEIRA DE EDUCAÇÃO AMBIENTAL (IMPRESSO)	A3	
1981-1764	REVISTA BRASILEIRA DE EDUCAÇÃO AMBIENTAL (ONLINE)	A3	
2526-4052	REVISTA BRASILEIRA DE EDUCAÇÃO, CULTURA E LINGUAGEM	B2	
2525-4863	REVISTA BRASILEIRA DE EDUCAÇÃO DO CAMPO	A2	
2237-3098	REVISTA BRASILEIRA DE EDUCAÇÃO E CULTURA	A4	
2358-2391	REVISTA BRASILEIRA DE EDUCAÇÃO E SAÚDE	B4	
2594-9179	REVISTA BRASILEIRA DE EDUCAÇÃO EM CIÊNCIAS E EDUCAÇÃO MATEMÁTICA	B1	
2236-3904	REVISTA BRASILEIRA DE EDUCAÇÃO EM GEOGRAFIA	A2	
1413-6538	REVISTA BRASILEIRA DE EDUCAÇÃO ESPECIAL	A1	
1980-5470	REVISTA BRASILEIRA DE EDUCAÇÃO ESPECIAL	A1	
1981-4690	REVISTA BRASILEIRA DE EDUCACAO FISICA E ESPORTE	B2	
1807-5509	REVISTA BRASILEIRA DE EDUCAÇÃO FÍSICA E ESPORTE	B2	
2763-7603	REVISTA BRASILEIRA DE EDUCAÇÃO FÍSICA ESCOLAR	B3	
2763-8421	REVISTA BRASILEIRA DE EDUCAÇÃO FÍSICA, SAÚDE E DESEMPENHO	B4	
1413-2478	REVISTA BRASILEIRA DE EDUCAÇÃO (IMPRESSO)	A1	
0100-5502	REVISTA BRASILEIRA DE EDUCAÇÃO MÉDICA (IMPRESSO)	A1	
1981-5271	REVISTA BRASILEIRA DE EDUCAÇÃO MÉDICA (ONLINE)	A1	
1983-0408	REVISTA BRASILEIRA DE EDUCAÇÃO PROFISSIONAL E TECNOLÓGICA	A2	
0104-303X	REVISTA BRASILEIRA DE ENERGIA	B3	
2317-6652	REVISTA BRASILEIRA DE ENERGIA	B3	
2178-9606	REVISTA BRASILEIRA DE ENERGIA SOLAR	B4	
2526-2831	REVISTA BRASILEIRA DE ENERGIA SOLAR (ONLINE)	B4	
1984-0446	REVISTA BRASILEIRA DE ENFERMAGEM	A2	
0034-7167	REVISTA BRASILEIRA DE ENFERMAGEM	A2	
1415-4366	REVISTA BRASILEIRA DE ENGENHARIA AGRÍCOLA E AMBIENTAL (IMPRESSO)	A2	
1807-1929	REVISTA BRASILEIRA DE ENGENHARIA AGRÍCOLA E AMBIENTAL (ONLINE)	A2	
2359-6724	REVISTA BRASILEIRA DE ENGENHARIA DE BIOSSISTEMAS / BRAZILIAN JOURNAL OF BIOSYSTEMS ENGINEERING	B2	
1981-7061	REVISTA BRASILEIRA DE ENGENHARIA DE BIOSSISTEMAS / BRAZILIAN JOURNAL OF BIOSYSTEMS ENGINEERING (ONLINE)	B2	
2448-1661	REVISTA BRASILEIRA DE ENGENHARIA E SUSTENTABILIDADE	B3	
1982-873X	REVISTA BRASILEIRA DE ENSINO DE CIÊNCIA E TECNOLOGIA	A2	
2595-7376	REVISTA BRASILEIRA DE ENSINO DE CIÊNCIAS E MATEMÁTICA	A2	
0102-4744	REVISTA BRASILEIRA DE ENSINO DE FÍSICA	A4	
1806-1117	REVISTA BRASILEIRA DE ENSINO DE FÍSICA (IMPRESSO)	A1	
1806-9126	REVISTA BRASILEIRA DE ENSINO DE FÍSICA (ONLINE)	A1	
2764-1368	REVISTA BRASILEIRA DE ENSINO E APRENDIZAGEM (REBENA)	A2	
1806-9665	REVISTA BRASILEIRA DE ENTOMOLOGIA	B1	
0085-5626	REVISTA BRASILEIRA DE ENTOMOLOGIA (IMPRESSO)	B1	
1980-5497	REVISTA BRASILEIRA DE EPIDEMIOLOGIA	A2	
1415-790X	REVISTA BRASILEIRA DE EPIDEMIOLOGIA (IMPRESSO)	A2	
0034-7175	REVISTA BRASILEIRA DE ESTATÍSTICA	B4	
2675-5947	REVISTA BRASILEIRA DE ESTÉTICA CIENTÍFICA	B4	
2448-3923	REVISTA BRASILEIRA DE ESTUDOS AFRICANOS	A3	
2448-3907	REVISTA BRASILEIRA DE ESTUDOS AFRICANOS	A3	
1981-6162	REVISTA BRASILEIRA DE ESTUDOS CONSTITUCIONAIS	B2	
2237-2660	REVISTA BRASILEIRA DE ESTUDOS DA PRESENÇA [EPERIODICO]	A1	
2358-3932	REVISTA BRASILEIRA DE ESTUDOS DE DEFESA	A2	
1980-5519	REVISTA BRASILEIRA DE ESTUDOS DE POPULAÇÃO ? REBEP	A1	
0102-3098	REVISTA BRASILEIRA DE ESTUDOS DE POPULAÇÃO (IMPRESSO)	A1	
2175-053X	REVISTA BRASILEIRA DE ESTUDOS DE SEGURANÇA PÚBLICA	B3	
2358-1239	REVISTA BRASILEIRA DE ESTUDOS DO LAZER	B3	
2764-782X	REVISTA BRASILEIRA DE ESTUDOS EM DANÇA	A2	
1809-7278	REVISTA BRASILEIRA DE ESTUDOS JURÍDICOS	B2	
2358-9744	REVISTA BRASILEIRA DE ESTUDOS JURÍDICOS	B2	
2447-4851	REVISTA BRASILEIRA DE ESTUDOS ORGANIZACIONAIS	B2	
0034-7183	REVISTA BRASILEIRA DE ESTUDOS PEDAGÓGICOS (IMPRESSO)	A1	
2176-6681	REVISTA BRASILEIRA DE ESTUDOS PEDAGÓGICOS RBEP-INEP	A1	
2359-5736	REVISTA BRASILEIRA DE ESTUDOS POLÍTICOS	A1	
0034-7191	REVISTA BRASILEIRA DE ESTUDOS POLÍTICOS	A1	
1981-3953	REVISTA BRASILEIRA DE ESTUDOS REGIONAIS E URBANOS	A3	
2447-7990	REVISTA BRASILEIRA DE ESTUDOS REGIONAIS E URBANOS	A3	
2317-1529	REVISTA BRASILEIRA DE ESTUDOS URBANOS E REGIONAIS	A1	
1517-4115	REVISTA BRASILEIRA DE ESTUDOS URBANOS E REGIONAIS (ANPUR)	A1	
2675-1860	REVISTA BRASILEIRA DE EXECUÇÃO PENAL	A4	
2318-7492	REVISTA BRASILEIRA DE EXPRESSÃO GRÁFICA	A3	
1806-2695	REVISTA BRASILEIRA DE EXTENSÃO UNIVERSITÁRIA	A3	
2358-0399	REVISTA BRASILEIRA DE EXTENSÃO UNIVERSITÁRIA	A3	
2179-5924	REVISTA BRASILEIRA DE FARMÁCIA HOSPITALAR E SERVIÇOS DE SAÚDE	C	
2316-7750	REVISTA BRASILEIRA DE FARMÁCIA HOSPITALAR E SERVIÇOS DE SAÚDE	C	
0102-695X	REVISTA BRASILEIRA DE FARMACOGNOSIA	A3	
1981-528X	REVISTA BRASILEIRA DE FARMACOGNOSIA	A3	
2358-8284	REVISTA BRASILEIRA DE FILOSOFIA DA RELIGIÃO	A4	
2447-5076	REVISTA BRASILEIRA DE FILOSOFIA E HISTÓRIA	B3	
2176-8978	REVISTA BRASILEIRA DE FÍSICA MÉDICA (IMPRESSO)	B3	
1984-9001	REVISTA BRASILEIRA DE FÍSICA MÉDICA (ONLINE)	B3	
2358-0089	REVISTA BRASILEIRA DE FÍSICA TECNOLÓGICA APLICADA	B2	
1677-8510	REVISTA BRASILEIRA DE FISIOLOGIA DO EXERCÍCIO	B2	
2675-1372	REVISTA BRASILEIRA DE FISIOLOGIA DO EXERCÍCIO (ONLINE)	B2	
0100-2945	REVISTA BRASILEIRA DE FRUTICULTURA (IMPRESSO)	B1	
1806-9967	REVISTA BRASILEIRA DE FRUTICULTURA (ONLINE)	B1	
1983-7194	REVISTA BRASILEIRA DE FUTEBOL	B3	
1984-4956	REVISTA BRASILEIRA DE FUTSAL E FUTEBOL	B4	
0102-261X	REVISTA BRASILEIRA DE GEOFÍSICA (IMPRESSO)	B2	
2526-0375	REVISTA BRASILEIRA DE GEOGRAFIA	A3	
1984-2295	REVISTA BRASILEIRA DE GEOGRAFIA FÍSICA	A2	
2317-4285	REVISTA BRASILEIRA DE GEOMÁTICA	B3	
1519-1540	REVISTA BRASILEIRA DE GEOMORFOLOGIA	A1	
2236-5664	REVISTA BRASILEIRA DE GEOMORFOLOGIA	A1	
1981-2256	REVISTA BRASILEIRA DE GERIATRIA E GERONTOLOGIA	A3	
1809-9823	REVISTA BRASILEIRA DE GERIATRIA E GERONTOLOGIA (UNATI. IMPRESSO)	A3	
2359-1412	REVISTA BRASILEIRA DE GESTÃO AMBIENTAL E SUSTENTABILIDADE	B2	
1983-0807	REVISTA BRASILEIRA DE GESTÃO DE NEGÓCIOS (ONLINE)	A2	
1806-4892	REVISTA BRASILEIRA DE GESTÃO DE NEGÓCIOS (SÃO PAULO)	A2	
1809-239X	REVISTA BRASILEIRA DE GESTÃO E DESENVOLVIMENTO REGIONAL	A2	
2319-0639	REVISTA BRASILEIRA DE GESTÃO E INOVAÇÃO	B2	
1806-9339	REVISTA BRASILEIRA DE GINECOLOGIA E OBSTETRÍCIA	A4	
0100-7203	REVISTA BRASILEIRA DE GINECOLOGIA E OBSTETRÍCIA (IMPRESSO)	A4	
1981-2965	REVISTA BRASILEIRA DE HIGIENE E SANIDADE ANIMAL	B4	
1519-7522	REVISTA BRASILEIRA DE HIPERTENSÃO	B4	
2175-3423	REVISTA BRASILEIRA DE HISTÓRIA & CIÊNCIAS SOCIAIS	A3	
1983-4713	REVISTA BRASILEIRA DE HISTÓRIA DA CIÊNCIA	A4	
2176-3275	REVISTA BRASILEIRA DE HISTÓRIA DA CIÊNCIA	A4	
2238-0094	REVISTA BRASILEIRA DE HISTÓRIA DA EDUCAÇÃO	A1	
2675-7079	REVISTA BRASILEIRA DE HISTÓRIA DA MATEMÁTICA	A3	
1519-955X	REVISTA BRASILEIRA DE HISTÓRIA DA MATEMÁTICA	A3	
2238-3913	REVISTA BRASILEIRA DE HISTÓRIA DA MÍDIA	A3	
2238-5126	REVISTA BRASILEIRA DE HISTÓRIA DA MÍDIA	A3	
1983-2850	REVISTA BRASILEIRA DE HISTÓRIA DAS RELIGIÕES	A3	
0102-0188	REVISTA BRASILEIRA DE HISTÓRIA (IMPRESSO)	A1	
2176-6452	REVISTA BRASILEIRA DE HISTÓRIA MILITAR	B2	
1806-9347	REVISTA BRASILEIRA DE HISTÓRIA (ONLINE)	A1	
2317-6644	REVISTA BRASILEIRA DE INFORMAÇÃO BIBLIOGRÁFICA EM CIÊNCIAS SOCIAIS - BIB	A2	
1414-5685	REVISTA BRASILEIRA DE INFORMÁTICA NA EDUCAÇÃO	A3	
2317-6121	REVISTA BRASILEIRA DE INFORMÁTICA NA EDUCAÇÃO	A3	
2359-232X	REVISTA BRASILEIRA DE INICIAÇÃO CIENTÍFICA	A3	
2178-2822	REVISTA BRASILEIRA DE INOVAÇÃO	A3	
2317-1375	REVISTA BRASILEIRA DE LINGUÍSTICA ANTROPOLÓGICA	B1	
1984-6398	REVISTA BRASILEIRA DE LINGUISTICA APLICADA	A1	
0103-6963	REVISTA BRASILEIRA DE LITERATURA COMPARADA	A1	
2177-5184	REVISTA BRASILEIRA DE MARKETING	A4	
2179-7994	REVISTA BRASILEIRA DE MEDICINA DE FAMÍLIA E COMUNIDADE (ONLINE)	B2	
1517-8692	REVISTA BRASILEIRA DE MEDICINA DO ESPORTE (IMPRESSO)	B2	
1806-9940	REVISTA BRASILEIRA DE MEDICINA DO ESPORTE (ONLINE)	B2	
1679-4435	REVISTA BRASILEIRA DE MEDICINA DO TRABALHO	B1	
2447-0147	REVISTA BRASILEIRA DE MEDICINA DO TRABALHO	B1	
0100-2430	REVISTA BRASILEIRA DE MEDICINA VETERINÁRIA	B2	
1809-2063	REVISTA BRASILEIRA DE MEDICINA VETERINÁRIA DE EQÜINOS	B4	
2595-4431	REVISTA BRASILEIRA DE MEIO AMBIENTE	B2	
2763-6763	REVISTA BRASILEIRA DE MEIO AMBIENTE & SUSTENTABILIDADE	B2	
1982-4351	REVISTA BRASILEIRA DE METEOROLOGIA	B1	
0102-7786	REVISTA BRASILEIRA DE METEOROLOGIA (IMPRESSO)	B1	
1980-6477	REVISTA BRASILEIRA DE MILHO E SORGO (ONLINE)	B1	
2236-5877	REVISTA BRASILEIRA DE MONITORAMENTO E AVALIAÇÃO	B4	
2316-994X	REVISTA BRASILEIRA DE MUSICOTERAPIA	B1	
2447-2573	REVISTA BRASILEIRA DE NEUROLOGIA	B3	
0101-8469	REVISTA BRASILEIRA DE NEUROLOGIA	B3	
1414-0365	REVISTA BRASILEIRA DE NEUROLOGIA E PSIQUIATRIA	B4	
1981-9927	REVISTA BRASILEIRA DE NUTRIÇÃO ESPORTIVA	B2	
1981-9919	REVISTA BRASILEIRA DE OBESIDADE, NUTRIÇÃO E EMAGRECIMENTO	B2	
0034-7272	REVISTA BRASILEIRA DE ODONTOLOGIA	B3	
1984-3747	REVISTA BRASILEIRA DE ODONTOLOGIA (ONLINE)	B3	
0034-7280	REVISTA BRASILEIRA DE OFTALMOLOGIA (IMPRESSO)	B4	
1806-6054	REVISTA BRASILEIRA DE ONCOLOGIA CLÍNICA	B4	
1984-7270	REVISTA BRASILEIRA DE ORIENTAÇÃO PROFISSIONAL	A2	
0102-3616	REVISTA BRASILEIRA DE ORTOPEDIA (IMPRESSO)	B1	
0103-846X	REVISTA BRASILEIRA DE PARASITOLOGIA VETERINÁRIA (IMPRESSO)	A2	
1984-2961	REVISTA BRASILEIRA DE PARASITOLOGIA VETERINÁRIA (ONLINE)	A2	
2525-426X	REVISTA BRASILEIRA DE PESQUISA (AUTO)BIOGRÁFICA	A3	
2446-5577	REVISTA BRASILEIRA DE PESQUISA EM CIÊNCIAS DA SAÚDE	B2	
1806-5104	REVISTA BRASILEIRA DE PESQUISA EM EDUCAÇÃO EM CIÊNCIAS	A1	
1984-2686	REVISTA BRASILEIRA DE PESQUISA EM EDUCAÇÃO EM CIÊNCIAS	A1	
2446-5410	REVISTA BRASILEIRA DE PESQUISA EM SAÚDE	B3	
2175-3946	REVISTA BRASILEIRA DE PESQUISA EM SAÚDE	B3	
1982-6125	REVISTA BRASILEIRA DE PESQUISA EM TURISMO	A2	
2675-7834	REVISTA BRASILEIRA DE PESQUISAS AGRÍCOLAS	B4	
2675-8431	REVISTA BRASILEIRA DE PESQUISAS JURÍDICAS	C	
2317-2363	REVISTA BRASILEIRA DE PLANEJAMENTO E DESENVOLVIMENTO	A4	
2237-3985	REVISTA BRASILEIRA DE PLANEJAMENTO E ORÇAMENTO	B4	
1983-084X	REVISTA BRASILEIRA DE PLANTAS MEDICINAIS	B3	
1516-0572	REVISTA BRASILEIRA DE PLANTAS MEDICINAIS (IMPRESSO)	B3	
1678-166X	REVISTA BRASILEIRA DE POLÍTICA E ADMINISTRAÇÃO DA EDUCAÇÃO	A1	
2447-4193	REVISTA BRASILEIRA DE POLÍTICA E ADMINISTRAÇÃO DA EDUCAÇÃO	A1	
1983-3121	REVISTA BRASILEIRA DE POLÍTICA INTERNACIONAL (ONLINE)	A1	
2236-1677	REVISTA BRASILEIRA DE POLITICAS PUBLICAS	A1	
2525-5584	REVISTA BRASILEIRA DE POLÍTICAS PÚBLICAS E INTERNACIONAIS	A4	
2179-8338	REVISTA BRASILEIRA DE POLÍTICAS PÚBLICAS (RBPP)	A1	
2763-9568	REVISTA BRASILEIRA DE PRÁTICAS INTEGRATIVAS E COMPLEMENTARES EM SAÚDE	B3	
1981-9900	REVISTA BRASILEIRA DE PRESCRIÇÃO E FISIOLOGIA DO EXERCÍCIO	B2	
2675-3073	REVISTA BRASILEIRA DE PRESERVAÇÃO DIGITAL	A4	
2317-0158	REVISTA BRASILEIRA DE PREVIDÊNCIA	B1	
0486-641X	REVISTA BRASILEIRA DE PSICANÁLISE (IMPRESSO)	A4	
2318-0498	REVISTA BRASILEIRA DE PSICODRAMA	A3	
1981-9145	REVISTA BRASILEIRA DE PSICOLOGIA DO ESPORTE	B4	
1516-8530	REVISTA BRASILEIRA DE PSICOTERAPIA	B1	
2318-0404	REVISTA BRASILEIRA DE PSICOTERAPIA	B1	
1809-452X	REVISTA BRASILEIRA DE PSIQUIATRIA	A2	
1516-4446	REVISTA BRASILEIRA DE PSIQUIATRIA (SÃO PAULO. 1999. IMPRESSO)	A2	
2175-0858	REVISTA BRASILEIRA DE QUALIDADE DE VIDA	B3	
2595-170X	REVISTA BRASILEIRA DE QUEIMADURAS	B4	
2238-5428	REVISTA BRASILEIRA DE REABILITAÇÃO E ATIVIDADE FÍSICA	B1	
1414-381X	REVISTA BRASILEIRA DE RECURSOS HÍDIRCOS	A3	
2318-0331	REVISTA BRASILEIRA DE RECURSOS HÍDRICOS	A3	
1809-3000	REVISTA BRASILEIRA DE REPRODUÇÃO ANIMAL	B2	
1808-0723	REVISTA BRASILEIRA DE RISCO E SEGURO (ONLINE)	B4	
1519-9940	REVISTA BRASILEIRA DE SAÚDE E PRODUÇÃO ANIMAL	B2	
2358-8691	REVISTA BRASILEIRA DE SAÚDE FUNCIONAL – REBRASF	B4	
2763-5368	REVISTA BRASILEIRA DE SAÚDE GLOBAL (BRAZILIAN JOURNAL GLOBAL HEALTH)	B4	
1806-9304	REVISTA BRASILEIRA DE SAÚDE MATERNO INFANTIL	A4	
1519-3829	REVISTA BRASILEIRA DE SAÚDE MATERNO INFANTIL (IMPRESSO)	A4	
0303-7657	REVISTA BRASILEIRA DE SAÚDE OCUPACIONAL	B1	
2317-6369	REVISTA BRASILEIRA DE SAÚDE OCUPACIONAL	B1	
2595-0258	REVISTA BRASILEIRA DE SEGURANÇA PÚBLICA	A4	
1981-1659	REVISTA BRASILEIRA DE SEGURANÇA PÚBLICA	A4	
2675-5491	REVISTA BRASILEIRA DE SENSORIAMENTO REMOTO	B1	
2236-0530	REVISTA BRASILEIRA DE SEXUALIDADE HUMANA	B2	
0103-6122	REVISTA BRASILEIRA DE SEXUALIDADE HUMANA	B2	
2675-1194	REVISTA BRASILEIRA DE SEXUALIDADE HUMANA (ONLINE)	A4	
2317-8507	REVISTA BRASILEIRA DE SOCIOLOGIA	A2	
2359-5582	REVISTA BRASILEIRA DE SOCIOLOGIA DO DIREITO	A3	
2318-0544	REVISTA BRASILEIRA DE SOCIOLOGIA SBS (ONLINE)	A2	
1981-3686	REVISTA BRASILEIRA DE TECNOLOGIA AGROINDUSTRIAL	C	
2358-2200	REVISTA BRASILEIRA DE TECNOLOGIAS SOCIAIS	B2	
1982-3541	REVISTA BRASILEIRA DE TERAPIA COMPORTAMENTAL E COGNITIVA (ONLINE)	A4	
1982-4335	REVISTA BRASILEIRA DE TERAPIA INTENSIVA	A4	
0103-507X	REVISTA BRASILEIRA DE TERAPIA INTENSIVA (IMPRESSO)	A4	
1808-5687	REVISTA BRASILEIRA DE TERAPIAS COGNITIVAS (IMPRESSO)	A4	
2764-3050	REVISTA BRASILEIRA DE TRANSPORTES - RBT	B3	
2176-2139	REVISTA BRASILEIRA DE VITICULTURA E ENOLOGIA	B4	
1806-9290	REVISTA BRASILEIRA DE ZOOTECNIA	A3	
1984-6169	REVISTA BRASILEIRA DO CARIBE	A3	
2764-5835	REVISTA BRASILEIRA DOS OBSERVATÓRIOS DE TURISMO	B4	
2965-0445	REVISTA BRASILEIRA EM HUMANIDADES DIGITAIS	B4	
1806-1230	REVISTA BRASILEIRA EM PROMOÇÃO DA SAÚDE (ONLINE)	B2	
2177-2851	REVISTA BRASILEIRA ESTUDOS POLITICOS	A4	
1415-3580	REVISTA BRASILEIRA MULTIDISCIPLINAR - REBRAM (UNIARA)	A3	
2527-2675	REVISTA BRASILEIRA MULTIDISCIPLINAR. REBRAM (ONLINE)	A3	
2236-5117	REVISTA BRASÍLIA MÉDICA	B3	
2317-0344	REVISTA BRASILIENSE DE PÓS-GRADUAÇÃO EM CIÊNCIAS SOCIAIS	B2	
1983-2125	REVISTA CAATINGA (ONLINE)	A3	
0100-316X	REVISTA CAATINGA (UFERSA. IMPRESSO)	A3	
1989-5909	REVISTA CABÁS	B1	
2764-0647	REVISTA CACTÁCEA	B3	
2595-4539	REVISTA CADERNOS DA ESCOLA DO LEGISLATIVO	A4	
2675-8164	REVISTA CADERNOS DE EXTENSÃO	C	
1808-7329	REVISTA CADERNOS ESP	B3	
2317-0352	REVISTA CAFÉ COM SOCIOLOGIA	B3	
2595-9379	REVISTA CAJUEIRO	B1	
2526-9704	REVISTA CALUNDU	B1	
2965-0100	REVISTA CAMALOTES (ONLINE)	B4	
2176-1191	REVISTA CAMPO & NEGÓCIOS	B4	
2764-6009	REVISTA CAMPO DE PÚBLICAS: CONEXÕES E EXPERIÊNCIAS	B4	
2359-5310	REVISTA CAMPO E NEGÓCIOS	B4	
2763-5341	REVISTA CAMPO MINADO	B2	
1982-1530	REVISTA CANAVIEIROS	C	
1413-9421	REVISTA CANUDOS (SALVADOR)	B3	
1679-1991	REVISTA CAPITAL CIENTÍFICO - ELETRÔNICA (RCCҼ)	B1	
2346-8734	REVISTA CARDINALIS	B2	
2254-7630	REVISTA CARIBEÑA DE CIENCIAS SOCIALES	C	
2525-3522	REVISTA CARIOCA DE CIÊNCIA, TECNOLOGIA E EDUCAÇÃO	A3	
2526-1886	REVISTA CARIOCA DE EDUCAÇÃO PÚBLICA	B3	
2596-3236	REVISTA CARIOCA DE GESTÃO PÚBLICA	B3	
1665-7845	REVISTA CARTA PSICOANALÍTICA	B4	
2014-038X	REVISTA CATALANA DE DRET AMBIENTAL	A1	
1695-5641	REVISTA CATALANA DE PEDAGOGIA	B2	
2237-7662	REVISTA CATARINENSE DA CIÊNCIA CONTÁBIL	A3	
2527-1180	REVISTA CATARINENSE DE ECONOMIA	B2	
1808-2289	REVISTA CATHEDRAL	A2	
2526-4478	REVISTA CBTECLE	A4	
1516-1846	REVISTA CEFAC (IMPRESSO)	B1	
1982-0216	REVISTA CEFAC (ONLINE)	B1	
2179-9857	REVISTA CEJ	A2	
1414-008X	REVISTA CEJ (BRASÍLIA)	A2	
2236-3254	REVISTA CENA	A1	
2318-8561	REVISTA CENÁRIO	B1	
0718-4379	REVISTA CENTRAL DE SOCIOLOGIA	B2	
2177-9392	REVISTA CEPSUL: BIODIVERSIDADE E CONSERVAÇÃO MARINHA	C	
0034-737X	REVISTA CERES (IMPRESSO)	B1	
2177-3491	REVISTA CERES (ONLINE)	B1	
2175-7275	REVISTA CEREUS	A3	
2448-2692	REVISTA CERRADOS	A2	
1678-8346	REVISTA CERRADOS (UNIMONTES)	A2	
1516-2664	REVISTA CESUMAR	B3	
2176-9176	REVISTA CESUMAR CIÊNCIAS HUMANAS E SOCIAIS APLICADAS	B3	
2525-5576	REVISTA CEUMA PERSPECTIVAS (ONLINE)	A4	
2007-4018	REVISTA CHAPINGO SERIE CIENCIAS FORESTALES Y DEL AMBIENTE (ONLINE)	B3	
0719-7551	REVISTA CHILENA DE DERECHO DEL TRABAJO Y DE LA SEGURIDAD SOCIAL	A2	
0034-740X	REVISTA CHILENA DE ENTOMOLOGIA	B4	
0717-7518	REVISTA CHILENA DE NUTRICION	B2	
0048-766X	REVISTA CHILENA DE OBSTETRICIA Y GINECOLOGÍA (IMPRESA)	B3	
0370-4106	REVISTA CHILENA DE PEDIATRÍA	B2	
0717-6767	REVISTA CHILENA DE TERAPIA OCUPACIONAL	B2	
0719-5346	REVISTA CHILENA DE TERAPIA OCUPACIONAL	B2	
2176-4565	REVISTA CIATEC-UPF	B4	
2448-1092	REVISTA CIDADES	B1	
2675-6919	REVISTA CIÊNCIA & HUMANIZAÇÃO DO HOSPITAL DE CLÍNICAS DE PASSO FUNDO - RECHHC	B3	
2358-3444	REVISTA CIÊNCIA & LUTA DE CLASSES	B3	
2178-9436	REVISTA CIÊNCIA & TECNOLOGIA: FATEC-JB	B4	
0045-6888	REVISTA CIÊNCIA AGRONÔMICA (UFC. IMPRESSO)	A3	
1806-6690	REVISTA CIÊNCIA AGRONÔMICA (UFC. ONLINE)	A3	
2176-6509	REVISTA CIÊNCIA DINÂMICA	B4	
2179-460X	REVISTA CIÊNCIA E NATURA	B1	
2447-4606	REVISTA CIÊNCIA E SUSTENTABILIDADE	B3	
1851-7587	REVISTA CIENCIA E TECNOLOGIA	A3	
2763-5457	REVISTA CIÊNCIA EM EVIDÊNCIA	B4	
1679-4605	REVISTA CIÊNCIA EM EXTENSÃO	B2	
2675-5122	REVISTA CIÊNCIA GEOGRÁFICA	A4	
2446-7286	REVISTA CIÊNCIA PLURAL	B3	
2314-1395	REVISTA CIENCIA, PÚBLICO Y SOCIEDADE (ONLINE)	C	
2359-6643	REVISTA CIÊNCIA, TECNOLOGIA & AMBIENTE (ONLINE)	B3	
2176-1477	REVISTA CIÊNCIAS & IDÉIAS	A3	
2318-0722	REVISTA CIÊNCIAS ADMINISTRATIVAS	A4	
1414-0896	REVISTA CIÊNCIAS ADMINISTRATIVAS/JOURNAL OF ADMINISTRATIVE SCIENCES	A4	
2594-3987	REVISTA CIÊNCIAS DA SOCIEDADE	B3	
0719-5753	REVISTA CIENCIAS DE LA DOCUMENTACIÓN	B1	
2527-0214	REVISTA CIÊNCIAS E ODONTOLOGIA	B3	
2236-3785	REVISTA CIÊNCIAS EM SAÚDE	B3	
2317-5265	REVISTA CIÊNCIAS GERENCIAIS EM FOCO	B3	
2179-1120	REVISTA CIÊNCIAS HUMANAS	B1	
2675-634X	REVISTA CIÊNCIAS JURÍDICAS E SOCIAIS - IURJ	B1	
1677-5090	REVISTA CIÊNCIAS MÉDICAS E BIOLÓGICAS	B1	
2675-9675	REVISTA CIÊNCIAS SOCIAIS E HUMANAS DO MERCOSUL	C	
1677-5716	REVISTA CIENTEFICO	B3	
2358-260X	REVISTA CIENTIFIC@	B3	
2175-4020	REVISTA CIENTÍFIC@ UNIVERSITAS	A4	
0124-2253	REVISTA CIENTÍFICA	A2	
2763-8928	REVISTA CIENTÍFICA ACERTTE	C	
1984-3240	REVISTA CIENTÍFICA ANAP BRASIL	B2	
2220-2234	REVISTA CIENTÍFICA CIENCIA MEDICA	B2	
2595-8801	REVISTA CIENTÍFICA COGNITIONIS	B2	
2177-5923	REVISTA CIENTÍFICA DA AJES- RCA	B2	
2447-3405	"REVISTA CIENTÍFICA DA ESCOLA ESTADUAL DE SAÚDE PÚBLICA DE GOIÁS ""CÂNDIDO SANTIAGO""- RESAP"	B4	
2179-4200	REVISTA CIENTÍFICA DA FACULDADE DE EDUCAÇÃO E MEIO AMBIENTE	B3	
1980-7813	REVISTA CIENTÍFICA DA FACULDADE DE MEDICINA DE CAMPOS	C	
1807-6912	REVISTA CIENTÍFICA DA FAMINAS	C	
2318-1621	REVISTA CIENTÍFICA DA ORDEM DOS ADVOGADOS DO BRASIL SECÇÃO PIAUÍ	B1	
2307-3896	REVISTA CIENTÍFICA DA UEM: SÉRIE CIÊNCIAS BIOMÉDICAS E SAÚDE PÚBLICA	B4	
2307-3918	REVISTA CIENTÍFICA DA UEM: SÉRIE CIÊNCIAS DA EDUCAÇÃO (ONLINE)	B2	
1981-6014	REVISTA CIENTÍFICA DA UFPA	B4	
2596-3481	REVISTA CIENTÍFICA DA UNIFENAS (ONLINE)	B3	
1809-2934	REVISTA CIENTÍFICA DE ARTETERAPIA CORES DA VIDA	B1	
2526-4257	REVISTA CIENTÍFICA DE EDUCAÇÃO – RCE	B1	
2172-7929	REVISTA CIENTÍFICA DE EDUCACIÓN E COMUNICACIÓN HACHETETEPÉ	A3	
2675-7257	REVISTA CIENTÍFICA DE ESTÉTICA E COSMETOLOGIA	B4	
1984-2007	REVISTA CIENTÍFICA DIGITAL DA FAETEC	A2	
2674-7804	REVISTA CIENTÍFICA DISRUPTIVA	B1	
1516-4071	REVISTA CIENTÍFICA DO CENTRO UNIVERSITÁRIO DE BARRA MANSA	A3	
2764-1899	REVISTA CIENTÍFICA DO CPJM - UERJ	B1	
1518-5249	REVISTA CIENTÍFICA DO CRO-RJ	B4	
2764-8540	REVISTA CIENTÍFICA DO CURSO DE ENGENHARIA CIVIL DO UNI-FACEF	C	
1678-7234	REVISTA CIENTÍFICA DO IMAPES	C	
1807-5789	REVISTA CIENTÍFICA DO INSTITUTO APHONSIANO DE ENSINO SUPERIOR	B3	
1983-6708	REVISTA CIENTIFICA DO ITPAC	B2	
2764-5185	REVISTA CIENTÍFICA DO UBM (ONLINE)	A3	
2764-4960	REVISTA CIENTÍFICA ELETRÔNICA DA FACULDADE DE PIRACANJUBA	B3	
2238-1899	REVISTA CIENTÍFICA E-LOCUÇÃO	B2	
2178-4590	REVISTA CIENTÍFICA ESCOLA SUPERIOR DE POLÍCIA MILITAR	B3	
2178-3829	REVISTA CIENTÍFICA ESPAÇO ACADÊMICO (PRINT)	B3	
2238-8427	REVISTA CIENTÍFICA FACMAIS	B3	
2594-4282	REVISTA CIENTÍFICA FACS	B3	
1676-3734	REVISTA CIENTÍFICA FACS (UNIVALE)	B3	
1809-7367	REVISTA CIENTÍFICA FAESA	B3	
2525-5045	REVISTA CIENTÍFICA FAGOC - SAÚDE	B1	
1980-945X	REVISTA CIENTÍFICA FAP	B1	
2676-0428	REVISTA CIENTÍFICA FESA (ONLINE)	B1	
2594-8849	REVISTA CIENTÍFICA FOZ (ONLINE)	B2	
2526-4818	REVISTA CIENTIFICA FUNDAÇÃO OSORIO	B2	
2500-7645	REVISTA CIENTÍFICA GENERAL JOSÉ MARÍA CÓRDOVA	A4	
2175-0556	REVISTA CIENTÍFICA HERMES	B2	
2359-4632	REVISTA CIENTIFICA INTEGRADA UNAERP CAMPUS GUARUJÁ	B2	
2965-0054	REVISTA CIENTÍFICA INTERNACIONAL UNISIGNORELLI (ONLINE)	B2	
2177-3645	REVISTA CIENTÍFICA INTR@CIÊNCIA	B4	
2764-4006	REVISTA CIENTÍFICA IPEDSS: A CIÊNCIA A FAVOR DA SAÚDE E SOCIEDADE	B4	
2448-0959	REVISTA CIENTÍFICA MULTIDISCIPLINAR NÚCLEO DO CONHECIMENTO	C	
2675-4177	REVISTA CIENTÍFICA NOVAS CONFIGURAÇÕES	B3	
2523-2754	REVISTA CIENTÍFICA ODONTOLÓGICA (ONLINE)	C	
1980-6957	REVISTA CIENTÍFICA (ONLINE)	C	
2238-5819	REVISTA CIENTÍFICA ON-LINE TECNOLOGIA GESTÃO HUMANISMO	B2	
2525-6912	REVISTA CIENTÍFICA RURAL	B1	
1980-0207	REVISTA CIENTÍFICA SIGMA	B3	
2675-5211	REVISTA CIENTÍFICA SISTEMÁTICA	B2	
2631-2786	REVISTA CIENTÍFICA UISRAEL	A1	
2525-5150	REVISTA CIENTÍFICA UMC	B1	
1980-5071	REVISTA CIENTÍFICA/FAP (CURITIBA. ONLINE)	A1	
2359-0327	REVISTA CIF BRASIL	B4	
1982-0097	REVISTA CIRANDA (UNIMONTES)	A4	
2215-6577	REVISTA CIRIEC COSTA RICA	B3	
2422-4529	REVISTA CITAS	B3	
2317-3025	REVISTA C@LEA	A4	
2447-6927	REVISTA CLEA	A4	
1676-6849	REVISTA CLÍNICA DE ORTODONTIA DENTAL PRESS	B4	
2595-8364	REVISTA CNEC EDUCAÇÃO (ONLINE)	C	
2237-0315	REVISTA COCAR (ONLINE)	A2	
1981-9269	REVISTA COCAR (UEPA)	A2	
2763-6496	REVISTA COLETA CIENTÍFICA	B2	
2357-8203	REVISTA COLINEARES	B2	
2382-4018	REVISTA COLLECTIVUS	B1	
1900-6896	REVISTA COLOMBIANA DE BIOETICA	A4	
2966-2656	REVISTA COLOMBIANA DE CIÊNCIAS E HUMANIDADES (REHCOL) (ONLINE)	B3	
2011-2173	REVISTA COLOMBIANA DE CIENCIAS HORTICOLAS	B1	
2422-3719	REVISTA COLOMBIANA DE CIENCIAS HORTÍCOLAS	B1	
2256-2958	REVISTA COLOMBIANA DE CIENCIAS PECUARIAS	B2	
1909-6356	REVISTA COLOMBIANA DE CIENCIAS QUIMICO FARMACEUTICAS	B3	
0034-7418	REVISTA COLOMBIANA DE CIENCIAS QUIMICO-FARMACEUTICAS	B3	
2216-1201	REVISTA COLOMBIANA DE CIENCIAS SOCIAIS	B3	
2665-4385	REVISTA COLOMBIANA DE ENTOMOLOGÍA	B3	
2422-0582	REVISTA COLOMBIANA DE INVESTIGATIONES AGROINDUSTRIALES	B3	
0034-7426	REVISTA COLOMBIANA DE MATEMATICAS	B3	
0120-2804	REVISTA COLOMBIANA DE QUIMICA	B2	
2359-2494	REVISTA COM CENSO ESTUDOS EDUCACIONAIS DO DISTRITO FEDERAL	A4	
1807-0124	REVISTA COMCIÊNCIA	B1	
2595-1890	REVISTA COMCIÊNCIA	B1	
2448-1904	REVISTA COMING - COMMUNICATIONS AND INNOVATIONS GAZETTE	C	
2526-5970	REVISTA COMMUNITAS	B1	
2359-5876	REVISTA COMPETITIVIDADE E SUSTENTABILIDADE	B3	
2236-4781	REVISTA COMPOLITICA	A3	
2236-8000	REVISTA COMUNICAÇÃO MIDIÁTICA (ONLINE)	B1	
2763-7646	REVISTA COMUNICAÇÃO UNIVERSITÁRIA	B2	
2238-121X	REVISTA COMUNICAÇÕES	A4	
2182-4037	REVISTA COMUNICANDO	A4	
2965-0992	REVISTA CONCEPÇÃO	B4	
2763-8251	REVISTA CONECTUS: TECNOLOGIA, GESTÃO E CONHECIMENTO	B1	
2316-6665	REVISTA CONEXÃO ELETRÔNICA	B2	
2238-7315	REVISTA CONEXÃO UEPG	A2	
1808-6578	REVISTA CONEXÃO UEPG	A2	
2176-0144	REVISTA CONEXÕES - CIÊNCIA E TECNOLOGIA	A2	
2358-839X	REVISTA CONEXÕES GERAES	C	
2675-620X	REVISTA CONFRONTOS	C	
1982-2960	REVISTA CONGREGA URCAMP (CD-ROM)	B2	
2525-7935	REVISTA CONHECIMENTO EM AÇÃO	A3	
2176-8501	REVISTA CONHECIMENTO ONLINE	B4	
1808-057X	REVISTA CONTABILIDADE & FINANÇAS (ONLINE)	A2	
2764-3336	REVISTA CONTABILIDADE & INOVAÇÃO	B4	
1688-7638	REVISTA CONTEMPORANEA	A1	
1809-5747	REVISTA CONTEMPORÂNEA DE EDUCAÇÃO	A4	
2347-0011	REVISTA CONTENCIOSA	A2	
1676-188X	REVISTA CONTEXTO & SAÚDE	A4	
2176-7114	REVISTA CONTEXTO & SAÚDE (ONLINE)	A4	
2595-7236	REVISTA CONTEXTO GEOGRÁFICO	A3	
2317-3475	REVISTA (CON)TEXTOS LINGUÍSTICOS	A3	
1982-291X	REVISTA (CON)TEXTOS LINGUÍSTICOS	A3	
2764-7099	REVISTA CONTEXTOS (ONLINE)	C	
2317-8825	REVISTA CONTINENTES	A2	
1519-8227	REVISTA CONTRAPONTOS	A2	
2675-2085	REVISTA CONTROLADORIA E GESTÃO	B2	
1980-086X	REVISTA CONTROLE	B2	
2525-3387	REVISTA CONTROLE (ONLINE)	B2	
2527-1253	REVISTA CONTROLE SOCIAL E DESENVOLVIMENTO TERRÍTORIAL	B3	
2238-9288	REVISTA CONVERGÊNCIA CRÍTICA	B2	
2316-6134	REVISTA CONVERGÊNCIA LUSÍADA	B1	
2763-8448	REVISTA CONVERSAS CIVILÍSTICAS	B4	
2177-5052	REVISTA COOPEX	B3	
2764-0426	REVISTA COR LGBTQIA+	B1	
2675-1399	REVISTA CORALINA	B3	
2176-4174	REVISTA CORDIS- REVISTA ELETRÔNICA DE HISTÓRIA SOCIAL DA CIDADE	B2	
2684-0162	REVISTA COSMOVISIONES - REVISTA DE LA SOCIEDAD INTERAMERICANA DE ASTRONOMÍA EN LA CULTURA	B3	
2178-7514	REVISTA CPAQV	B3	
1980-4466	REVISTA CPC (USP)	A2	
1984-1124	REVISTA CRIAÇÃO & CRÍTICA	A3	
1794-3108	REVISTA CRIMINALIDAD	B1	
2526-2785	REVISTA CRIMINALÍSTICA E MEDICINA LEGAL	C	
1981-7169	REVISTA CRIOULA (USP)	A3	
0254-1106	REVISTA CRÍTICA DE CIÊNCIAS SOCIAIS	A2	
2182-7435	REVISTA CRÍTICA DE CIÊNCIAS SOCIAIS	A2	
2177-9961	REVISTA CRÍTICA HISTÓRICA	A2	
2182-8717	REVISTA CROMA	A3	
2182-8547	REVISTA CROMA	A3	
2227-1899	REVISTA CUBANA DE CIENCIAS INFORMÁTICAS	A2	
0257-4314	REVISTA CUBANA DE EDUCACIÓN SUPERIOR	B3	
1561-2961	REVISTA CUBANA DE ENFERMERIA	B3	
1561-297X	REVISTA CUBANA DE ESTOMATOLOGIA	B4	
2224-7939	REVISTA CUBANA DE FÍSICA (EN LÍNEA)	B4	
0864-0289	REVISTA CUBANA DE HEMATOLOGÍA, IMMUNOLOGÍA Y HEMOTERAPIA	B4	
2307-2113	REVISTA CUBANA DE INFORMACIÓN EN CIENCIAS DE LA SALUD	A3	
2223-1781	REVISTA CUBANA DE INGENIERÍA	B4	
1561-3046	REVISTA CUBANA DE MEDICINA MILITAR	B3	
2216-0973	REVISTA CUIDARTE	A3	
2175-2214	REVISTA CULTIVANDO O SABER	B4	
2446-8355	REVISTA CULTURA AGRONÔMICA	B3	
2359-5744	REVISTA CULTURAS JURÍDICAS	A2	
1980-6698	REVISTA CULTURAS JURÍDICAS	A2	
2219-1631	REVISTA CYCL ALAS	A2	
2358-033X	REVISTA DA ABEM	A1	
2595-0274	REVISTA DA ABENO	B3	
1679-5954	REVISTA DA ABENO	B3	
1679-2483	REVISTA DA ABET (IMPRESSO)	B2	
1676-4439	REVISTA DA ABET (ONLINE)	B2	
1809-6867	REVISTA DA ABORDAGEM GESTÁLTICA (IMPRESSO)	A3	
1984-3542	REVISTA DA ABORDAGEM GESTÁLTICA (ONLINE)	A3	
1980-2846	REVISTA DA ABPI	B3	
0102-7158	REVISTA DA ABRALIN	A2	
2675-9748	REVISTA DA ACADEMIA DE CIÊNCIAS DO PIAUÍ	A4	
2236-5796	REVISTA DA ACADEMIA PAULISTA DE DIREITO	C	
2674-9939	REVISTA DA ACADEMIA SUL-RIO-GRANDENSE DE DIREITO DO TRABALHO	C	
2675-8083	REVISTA DA ADVOCACIA DO PODER LEGISLATIVO	C	
2594-3979	REVISTA DA ADVOCACIA PÚBLICA FEDERAL	B2	
1981-2035	REVISTA DA AGU (IMPRESSO)	A4	
2525-328X	REVISTA DA AGU (ONLINE)	A4	
1679-1363	REVISTA DA AJURIS	A3	
2358-2480	REVISTA DA AJURIS - ASSOCIAÇÃO DOS JUÍZES DO RIO GRANDE DO SUL	A3	
2238-0000	REVISTA DA ALESDE	B3	
2965-954X	REVISTA DA ANINTER-SH (ONLINE)	B4	
1679-768X	REVISTA DA ANPEGE	A1	
1414-7564	REVISTA DA ANPOLL	A1	
0004-5276	REVISTA DA APCD - ASSOCIAÇÃO PAULISTA DE CIRUGIÕES DENTISTAS	B3	
2674-8681	REVISTA DA ASSOCIAÇÃO BRASILEIRA DE ATIVIDADE MOTORA ADAPTADA	B4	
2359-2974	REVISTA DA ASSOCIAÇÃO BRASILEIRA DE ATIVIDADE MOTORA ADAPTADA	B4	
2357-7894	REVISTA DA ASSOCIAÇÃO BRASILEIRA DE NUTRIÇÃO	B3	
2177-2770	REVISTA DA ASSOCIAÇÃO BRASILEIRA DE PESQUISADORES/AS NEGROS/AS	A3	
1806-9282	REVISTA DA ASSOCIAÇÃO MÉDICA BRASILEIRA	A3	
0104-4230	REVISTA DA ASSOCIAÇÃO MÉDICA BRASILEIRA	A3	
2965-0682	REVISTA DA ASSOCIAÇÃO MÉDICA BRASILEIRA: JUNIOR DOCTORS - RAMB (ONLINE)	B2	
2596-1039	REVISTA DA ASSOCIAÇÃO PAULISTA DE PROPRIEDADE INTELECTUAL (PRINT)	B4	
1647-3337	REVISTA DA ASSOCIAÇÃO PORTUGUESA DE SOCIOLOGIA	B1	
2595-5802	REVISTA DA BBM	B3	
2316-8056	REVISTA DA CASA DA GEOGRAFIA DE SOBRAL	A2	
1981-674X	REVISTA DA CGU	A4	
2595-668X	REVISTA DA CGU (ONLINE)	A4	
1982-2065	REVISTA DA CIÊNCIA DA ADMINISTRAÇÃO (RECIFE)	B1	
2448-4555	REVISTA DA DEFENSORIA PÚBLICA DA UNIÃO	A4	
1984-0322	REVISTA DA DEFENSORIA PÚBLICA DA UNIÃO	A4	
2674-5739	REVISTA DA DEFENSORIA PÚBLICA DO DISTRITO FEDERAL	B1	
2675-360X	REVISTA DA DEFENSORIA PÚBLICA DO ESTADO DE MINAS GERAIS	C	
2674-9122	REVISTA DA DEFENSORIA PÚBLICA DO ESTADO DE SÃO PAULO	B3	
2177-8116	REVISTA DA DEFENSORIA PÚBLICA DO ESTADO DO RIO GRANDE DO SUL	A4	
1983-3083	REVISTA DA EDUCAÇÃO FÍSICA (UEM. ONLINE)	B1	
1415-4951	REVISTA DA EMERJ	A4	
2236-8957	REVISTA DA EMERJ	A4	
1983-7283	REVISTA DA ESCOLA DA MAGISTRATURA DO ESTADO DE RONDÔNIA	B2	
2358-4602	REVISTA DA ESCOLA DA MAGISTRATURA DO TRF DA 4ª REGIÃO	C	
0080-6234	REVISTA DA ESCOLA DE ENFERMAGEM DA USP	A3	
1980-220X	REVISTA DA ESCOLA DE ENFERMAGEM DA USP (ONLINE)	A3	
2359-3075	REVISTA DA ESCOLA DE GUERRA NAVAL	A4	
1809-3191	REVISTA DA ESCOLA DE GUERRA NAVAL (ED. PORTUGUÊS)	A4	
1518-918X	REVISTA DA ESCOLA DE MAGISTRATURA REGIONAL FEDERAL	C	
2594-8628	REVISTA DA ESCOLA NACIONAL DA INSPEÇÃO DO TRABALHO	A4	
0102-1788	REVISTA DA ESCOLA SUPERIOR DE GUERRA	A3	
2595-556X	REVISTA DA ESCOLA SUPERIOR DE POLÍCIA CIVIL	B2	
2595-7589	REVISTA DA ESDM	C	
2237-8111	REVISTA DA ESTATÍSTICA UFOP	B4	
2238-9377	REVISTA DA ESTRUTURA DE AÇO	B1	
2176-9583	REVISTA DA FACULDADE DE ADMINISTRAÇÃO E ECONOMIA - REFAE	B4	
1984-4840	REVISTA DA FACULDADE DE CIENCIAS MEDICAS DE SOROCABA	A4	
1517-8242	REVISTA DA FACULDADE DE CIÊNCIAS MÉDICAS DE SOROCABA (IMPRESSO)	A4	
0303-9838	REVISTA DA FACULDADE DE DIREITO	C	
2448-4628	REVISTA DA FACULDADE DE DIREITO DA FMP	A3	
2236-3475	REVISTA DA FACULDADE DE DIREITO DA UERJ	A2	
0101-7187	REVISTA DA FACULDADE DE DIREITO DA UFG	A2	
2236-7284	REVISTA DA FACULDADE DE DIREITO DA UFPR	A2	
0104-6594	REVISTA DA FACULDADE DE DIREITO DA UFRGS	A3	
2595-6884	REVISTA DA FACULDADE DE DIREITO DA UFRGS (ONLINE)	A3	
0103-2496	REVISTA DA FACULDADE DE DIREITO DA UNIVERSIDADE FEDERAL DO CEARÁ	B2	
1516-0947	REVISTA DA FACULDADE DE DIREITO DE SÃO BERNARDO DO CAMPO	A4	
2447-8709	REVISTA DA FACULDADE DE DIREITO DO SUL DE MINAS	A3	
1516-4551	REVISTA DA FACULDADE DE DIREITO DO SUL DE MINAS	A3	
1519-1656	REVISTA DA FACULDADE DE DIREITO PADRE ANCHIETA	B1	
2178-0498	REVISTA DA FACULDADE DE DIREITO (UFU)	A2	
1679-4273	REVISTA DA FACULDADE DE EDUCAÇÃO (UNIVERSIDADE DO ESTADO DE MATO GROSSO)	A3	
2176-6118	REVISTA DA FACULDADE DE ILHÉUS	B4	
0101-8418	REVISTA DA FACULDADE DE ODONTOLOGIA DA UNIVERSIDADE FEDERAL DA BAHIA	B4	
0566-1854	REVISTA DA FACULDADE DE ODONTOLOGIA DE PORTO ALEGRE	B3	
1413-4012	REVISTA DA FACULDADE DE ODONTOLOGIA. UNIVERSIDADE DE PASSO FUNDO	B4	
1808-9429	REVISTA DA FACULDADE MINEIRA DE DIREITO	A2	
2318-7999	REVISTA DA FACULDADE MINEIRA DE DIREITO	A2	
2764-6289	REVISTA DA FACULDADE PAULO PICANÇO	C	
2447-2735	REVISTA DA FAE	B2	
2358-0194	REVISTA DA FAEEBA- EDUCAÇÃO E CONTEMPORANEIDADE	A1	
1519-6569	REVISTA DA FUNDARTE	A2	
2319-0868	REVISTA DA FUNDARTE	A2	
2526-4397	REVISTA DA JORNADA DE PÓS-GRADUAÇÃO E PESQUISA	B4	
1982-2537	REVISTA DA MICRO E PEQUENA EMPRESA (FACCAMP)	A4	
8504-6057	REVISTA DA OAB OLINDA	C	
2179-8036	REVISTA DA PGFN / PROCURADORIA-GERAL DA FAZENDA NACIONAL.	C	
2319-0671	REVISTA DA PROCURADORIA GERAL DO ESTADO DE SANTA CATARINA	C	
0102-8065	REVISTA DA PROCURADORIA GERAL DO ESTADO DE SÃO PAULO	C	
2319-068X	REVISTA DA PROCURADORIA-GERAL DO ESTADO DE MATO GROSSO DO SUL	C	
2595-0789	REVISTA DA PROCURADORIA-GERAL DO MUNICÍPIO DE FORTALEZA (ONLINE)	C	
0100-7246	REVISTA DA PROPRIEDADE INDUSTRIAL	C	
1517-3852	REVISTA DA REDE DE ENFERMAGEM DO NORDESTE	A4	
1516-0858	REVISTA DA SBPH (BELO HORIZONTE. IMPRESSO)	A4	
1809-9262	REVISTA DA SEÇÃO JUDICIÁRIA DE ALAGOAS	C	
2177-8337	REVISTA DA SJRJ	A2	
1980-7694	REVISTA DA SOCIEDADE BRASILEIRA DE ARBORIZAÇÃO URBANA	B2	
1415-6725	REVISTA DA SOCIEDADE BRASILEIRA DE CANCEROLOGIA	B4	
2525-2933	REVISTA DA SOCIEDADE BRASILEIRA DE CLÍNICA MÉDICA	B3	
2595-6892	REVISTA DA SOCIEDADE BRASILEIRA DE ECONOMIA POLÍTICA	A4	
1415-1979	REVISTA DA SOCIEDADE BRASILEIRA DE ECONOMIA POLÍTICA	A4	
2238-202X	REVISTA DA SOCIEDADE BRASILEIRA DE ENFERMEIROS PEDIATRAS	B2	
2676-0290	REVISTA DA SOCIEDADE BRASILEIRA DE ENSINO DE QUÍMICA	A3	
0037-8682	REVISTA DA SOCIEDADE BRASILEIRA DE MEDICINA TROPICAL (IMPRESSO)	A4	
0103-8559	REVISTA DA SOCIEDADE DE CARDIOLOGIA DO ESTADO DE SAO PAULO	B4	
1677-2970	REVISTA DA SPAGESP	A4	
2316-770X	REVISTA DA UFMG	A4	
2965-6931	REVISTA DA UFMG (ONLINE)	B1	
2182-9608	REVISTA DA UIIPS	A3	
1679-8708	REVISTA DA UNIFEBE	B3	
2236-5362	REVISTA DA UNIVERSIDADE VALE DO RIO VERDE	A4	
1517-0276	REVISTA DA UNIVERSIDADE VALE DO RIO VERDE	A4	
1984-3690	REVISTA DACULTURA	B3	
0101-6040	REVISTA DAE	B1	
2675-4959	REVISTA DAE (ONLINE)	B1	
2317-3777	REVISTA DANÇA	A4	
1519-9916	REVISTA DATAVENI@ (UEPB)	B2	
1415-6555	REVISTA DE ADMINISTRAÇÃO CONTEMPORÂNEA	A2	
2176-8412	REVISTA DE ADMINISTRAÇÃO DA FATEA	B3	
1983-4659	REVISTA DE ADMINISTRAÇÃO DA UFSM	A4	
2446-9955	REVISTA DE ADMINISTRAÇÃO DE EMPRESAS ELETRÔNICA	B1	
2237-8057	REVISTA DE ADMINISTRAÇÃO DE RORAIMA - RARR	B3	
2675-3766	REVISTA DE ADMINISTRAÇÃO DO CESMAC - RACE	A4	
2177-8426	REVISTA DE ADMINISTRAÇÃO E CONTABILIDADE DA FAT	B3	
2358-1948	REVISTA DE ADMINISTRAÇÃO E CONTABILIDADE (ESTÁCIO FAP)	B3	
2176-8366	REVISTA DE ADMINISTRAÇÃO E NEGÓCIOS DA AMAZÔNIA (ONLINE)	B2	
2359-1382	REVISTA DE ADMINISTRAÇÃO EDUCACIONAL	B1	
2526-3528	REVISTA DE ADMINISTRAÇÃO EM SAÚDE (ONLINE)	B3	
1517-8900	REVISTA DE ADMINISTRAÇÃO FACES JOURNAL	B1	
2237-7956	REVISTA DE ADMINISTRACAO IMED	A4	
0034-7612	REVISTA DE ADMINISTRAÇÃO PÚBLICA	A2	
1982-3134	REVISTA DE ADMINISTRAÇÃO PÚBLICA	A2	
2447-8156	REVISTA DE ADMINISTRAÇÃO, SOCIEDADE E INOVAÇÃO	A4	
2358-6303	REVISTA DE AGRICULTURA NEOTROPICAL	B2	
0034-7655	REVISTA DE AGRICULTURA (PIRACICABA)	B3	
2179-5959	REVISTA DE AGROTECNOLOGIA	B1	
2763-9894	REVISTA DE ANÁLISE ECONÔMICA DO DIREITO	B2	
1678-9857	REVISTA DE ANTROPOLOGIA	A1	
2175-4705	REVISTA DE ANTROPOLOGIA  DA UFSCAR	A3	
1578-4282	REVISTA DE ANTROPOLOGÍA EXPERIMENTAL	A4	
0034-7701	REVISTA DE ANTROPOLOGIA (SÃO PAULO)	A1	
1131-558X	REVISTA DE ANTROPOLOGÍA SOCIAL	B1	
1516-7704	REVISTA DE APS (IMPRESSO)	B2	
1809-8363	REVISTA DE APS (ONLINE)	B2	
1679-6462	REVISTA DE ARBITRAGEM E MEDIAÇÃO	A4	
1982-1999	REVISTA DE ARQUEOLOGIA	A1	
2344-9918	REVISTA DE ARQUEOLOGÍA HISTÓRICA ARGENTINA Y LATINOAMERICANA	A4	
2237-8294	REVISTA DE ARQUEOLOGIA PÚBLICA	A2	
0102-0420	REVISTA DE ARQUEOLOGIA (SOCIEDADE DE ARQUEOLOGIA BRASILEIRA. IMPRESSO)	A1	
1657-0308	REVISTA DE ARQUITECTURA	A2	
0716-8772	REVISTA DE ARQUITECTURA (SANTIAGO)	A4	
2318-1109	REVISTA DE ARQUITETURA IMED	A4	
2174-0747	REVISTA DE ARTES MARCIALES ASIÁTICAS	A3	
2178-9789	REVISTA DE ARTETERAPIA DA AATESP	B4	
1518-0891	REVISTA DE ARTIGOS DO MINISTÉRIO PÚBLICO DO DISTRITO FEDERAL E TERRITÓRIOS	C	
2359-4330	REVISTA DE ATENÇÃO À SAÚDE	B3	
2317-0484	REVISTA DE AUDITORIA, GOVERNANÇA E CONTABILIDADE	B2	
2675-7761	REVISTA DE BAMBA	C	
1886-5887	REVISTA DE BIOETICA Y DERECHO	A1	
1519-5228	REVISTA DE BIOLOGIA E CIÊNCIAS DA TERRA	B2	
2215-2075	REVISTA DE BIOLOGIA TROPICAL	A4	
2238-6629	REVISTA DE BIOTECNOLOGIA & CIÊNCIAS	B4	
2237-1427	REVISTA DE CARREIRAS E PESSOAS	A4	
2237-7417	REVISTA DE CASOS E CONSULTORIA	A3	
1519-8022	REVISTA DE CIÊNCIA & TECNOLOGIA (UNIG)	C	
2965-6710	REVISTA DE CIÊNCIA DE ALIMENTOS E GASTRONOMIA (ONLINE)	C	
2545-8833	REVISTA DE CIENCIA DE LA LEGISLACIÓN	A4	
2448-4091	REVISTA DE CIÊNCIA E INOVAÇÃO DO IF FARROUPILHA	B2	
2447-1518	REVISTA DE CIÊNCIA E TECNOLOGIA - FATEC LINS	B4	
2183-1270	REVISTA DE CIÊNCIA ELEMENTAR	A4	
2763-5945	REVISTA DE CIÊNCIA POLÍTICA, DIREITO E POLÍTICAS PÚBLICAS - POLITI(K)CON	B2	
2358-4610	REVISTA DE CIÊNCIA VETERINÁRIA E SAÚDE PÚBLICA	B4	
2183-041X	REVISTA DE CIENCIAS AGRARIAS	A4	
0871-018X	REVISTA DE CIÊNCIAS AGRÁRIAS (LISBOA)	A4	
0120-0135	REVISTA DE CIENCIAS AGRÍCOLAS	B3	
1679-1509	REVISTA DE CIÊNCIAS AGRO-AMBIENTAIS (IMPRESSO)	B4	
1677-6062	REVISTA DE CIÊNCIAS AGRO-AMBIENTAIS (ONLINE)	B4	
2238-1171	REVISTA DE CIÊNCIAS AGROVETERINÁRIAS	B1	
1676-9732	REVISTA DE CIÊNCIAS AGROVETERINÁRIAS (UDESC)	B1	
2178-9045	REVISTA DE CIÊNCIAS CONTÁBEIS - RCIC	B3	
2175-8077	REVISTA DE CIÊNCIAS DA ADMINISTRAÇÃO	A4	
1516-3865	REVISTA DE CIÊNCIAS DA ADMINISTRAÇÃO (CAD/UFSC)	A4	
1518-7039	REVISTA DE CIÊNCIAS DA EDUCAÇÃO	A4	
2317-6091	REVISTA DE CIÊNCIAS DA EDUCAÇÃO	A4	
2317-7160	REVISTA DE CIÊNCIAS DA SAÚDE NOVA ESPERANÇA	B1	
1679-1983	REVISTA DE CIÊNCIAS DA SAÚDE NOVA ESPERANÇA	B1	
0719-4013	REVISTA DE CIENCIAS DE LA ACTIVIDAD FÍSICA	B2	
2595-6051	REVISTA DE CIÊNCIAS DO ESTADO	A3	
2525-8036	REVISTA DE CIÊNCIAS DO ESTADO (UFMG)	A3	
1982-1115	REVISTA DE CIÊNCIAS EMPRESARIAIS DA UNIPAR	B1	
1517-6304	REVISTA DE CIÊNCIAS EMPRESARIAIS DA UNIPAR	B1	
1808-4532	REVISTA DE CIÊNCIAS FARMACÊUTICAS BÁSICA E APLICADA	B2	
1981-9250	REVISTA DE CIÊNCIAS HUMANAS - EDUCAÇÃO	A4	
2236-5176	REVISTA DE CIÊNCIAS HUMANAS UFV	A4	
2448-2129	REVISTA DE CIÊNCIAS JURÍDICAS E EMPRESARIAIS.	B1	
1982-1107	REVISTA DE CIÊNCIAS JURÍDICAS E SOCIAIS DA UNIPAR	A4	
1415-5796	REVISTA DE CIÊNCIAS MÉDICAS	B3	
2236-5222	REVISTA DE CIÊNCIAS MÉDICAS E BIOLÓGICAS	B1	
2318-4620	REVISTA DE CIÊNCIAS SOCIAIS (UFC)	A4	
1688-4981	REVISTA DE CIENCIAS SOCIALES	A2	
1315-9518	REVISTA DE CIENCIAS SOCIALES - UNIVERSIDAD DEL ZULIA. FACULTAD DE CIENCIAS ECONÓMICAS Y SOCIALES	B4	
2659-4439	REVISTA DE CIENCIAS SOCIALES AMBOS MUNDOS (ONLINE)	B1	
2347-1050	REVISTA DE CIENCIAS SOCIALES.SEGUNDA EPOCA	A3	
1808-5210	REVISTA DE CIRURGIA E TRAUMATOLOGIA BUCO-MAXILO-FACIAL (ONLINE)	B3	
2525-670X	REVISTA DE COMUNICAÇÃO CIENTÍFICA	B2	
2674-9246	REVISTA DE COMUNICAÇÃO DIALÓGICA	B4	
0870-7081	REVISTA DE COMUNICAÇÃO E LINGUAGENS	B1	
2695-5156	REVISTA DE COMUNICACIÓN DE LA SEECI	A1	
2595-9840	REVISTA DE CONSTITUCIONALIZAÇÃO DO DIREITO BRASILEIRO	B2	
1984-3704	REVISTA DE CONTABILIDADE DA UFBA	B3	
1984-3291	REVISTA DE CONTABILIDADE DO MESTRADO EM CIÊNCIAS CONTÁBEIS DA UERJ	B1	
2676-007X	REVISTA DE CRIMINOLOGIAS CONTEMPORÂNEAS	B2	
2317-4307	REVISTA DE CULTURA TEOLÓGICA	A2	
0104-0529	REVISTA DE CULTURA TEOLÓGICA	A2	
2318-2253	REVISTA DE DEFESA DA CONCORRÊNCIA - RDC	A2	
1889-8068	REVISTA DE DERECHOS HUMANOS Y ESTUDIOS SOCIALES	A3	
2178-8022	REVISTA DE DESENVOLVIMENTO ECONÔMICO	B2	
2525-7471	REVISTA DE DESIGN, TECNOLOGIA E SOCIEDADE	B1	
0034-8007	REVISTA DE DIREITO ADMINISTRATIVO	A1	
2526-8120	REVISTA DE DIREITO ADMINISTRATIVO E INFRAESTRUTURA	A2	
2236-5338	REVISTA DE DIREITO ADUANEIRO, MARÍTIMO E PORTUÁRIO	B4	
2317-4056	REVISTA DE DIREITO AGROAMBIENTAL E TEORIA DO DIREITO (ONLINE)	A3	
1413-1439	REVISTA DE DIREITO AMBIENTAL	A1	
1518-2703	REVISTA DE DIREITO BANCÁRIO DO MERCADO DE CAPITAIS E DA ARBITRAGEM	B1	
1415-6318	REVISTA DE DIREITO BANCÁRIO E DO MERCADO DE CAPITAIS	B2	
2358-1352	REVISTA DE DIREITO BRASILEIRA	A1	
2237-583X	REVISTA DE DIREITO BRASILEIRA - RDBRAS	A1	
2596-2337	REVISTA DE DIREITO CIVIL	A4	
2358-1433	REVISTA DE DIREITO CIVIL CONTEMPORÂNEO	A1	
2595-895X	REVISTA DE DIREITO CIVIL E PROCESSUAL	C	
1518-272X	REVISTA DE DIREITO CONSTITUCIONAL E INTERNACIONAL	A4	
2764-7587	REVISTA DE DIREITO CONTEMPORÂNEO (UNIDEP)	B1	
1808-5822	REVISTA DE DIREITO DA ADVOCEF	B4	
1809-6077	REVISTA DE DIREITO DA CIDADE	A2	
1981-1950	REVISTA DE DIREITO DA DEFENSORIA PÚBLICA	A2	
2447-6536	REVISTA DE DIREITO DA FACULDADE GUANAMBI	A3	
2965-4912	REVISTA DE DIREITO DA SAÚDE COMPARADO (ONLINE)	C	
1984-7920	REVISTA DE DIREITO DA UNIGRANRIO	A4	
2358-1832	REVISTA DE DIREITO DE SÃO BERNARDO DO CAMPO	A4	
2527-0389	REVISTA DE DIREITO DE VIÇOSA	A4	
1415-7705	REVISTA DE DIREITO DO CONSUMIDOR	A1	
2674-6913	REVISTA DE DIREITO DO TRABALHO, PROCESSO DO TRABALHO E DIREITO DA SEGURIDADE SOCIAL	B1	
0102-8774	REVISTA DE DIREITO DO TRABALHO (SÃO PAULO)	A3	
2179-1155	REVISTA DE DIREITO DOM ALBERTO	B4	
2596-0733	REVISTA DE DIREITO E AS NOVAS TECNOLOGIAS	A4	
2763-9630	REVISTA DE DIREITO E ATUALIDADES	C	
1809-3280	REVISTA DE DIREITO E LIBERDADE	A3	
2596-3163	REVISTA DE DIREITO E MEDICINA	B2	
2179-8214	REVISTA DE DIREITO ECONÔMICO E SOCIOAMBIENTAL	A1	
2318-7689	REVISTA DE DIREITO EMPRESARIAL	A2	
2183-2587	REVISTA DE DIREITO INTELECTUAL	B2	
2237-1036	REVISTA DE DIREITO INTERNACIONAL	A1	
2526-6284	REVISTA DE DIREITO INTERNACIONAL E GLOBALIZAÇÃO ECONÔMICA	B1	
2318-8529	REVISTA DE DIREITO INTERNACIONAL ECONÔMICO E TRIBUTÁRIO	A3	
1517-6851	REVISTA DE DIREITO MACKENZIE	A2	
2675-9101	REVISTA DE DIREITO NOTARIAL	B3	
2595-6000	REVISTA DE DIREITO PRÁTICA PREVIDENCIÁRIA	C	
1517-6290	REVISTA DE DIREITO PRIVADO (SÃO PAULO)	A2	
2594-813X	REVISTA DE DIREITO PÚBLICO CONTEMPORÂNEO	A4	
2317-4188	REVISTA DE DIREITO PÚBLICO DA PROCURADORIA-GERAL DO MUNICÍPIO DE LONDRINA	B1	
1516-4179	REVISTA DE DIREITO SANITÁRIO	B1	
2316-9044	REVISTA DE DIREITO SANITÁRIO	B1	
2446-5259	REVISTA DE DIREITO SETORIAL E REGULATÓRIO	B2	
2764-9075	REVISTA DE DIREITO SOCIETÁRIO E M&A	B4	
2965-3991	REVISTA DE DIREITO SOCIOAMBIENTAL (ONLINE)	B2	
2595-5993	REVISTA DE DIREITO: TRABALHO E PROCESSO.	C	
2525-4626	REVISTA DE DIREITO TRIBUTÁRIO CONTEMPORÂNEO	B3	
2175-6058	REVISTA DE DIREITOS E GARANTIAS FUNDAMENTAIS	A1	
2675-9160	REVISTA DE DIREITOS HUMANOS E DESENVOLVIMENTO SOCIAL	B1	
2358-9949	REVISTA DE DIREITOS HUMANOS FUNDAMENTAIS	B2	
2525-9865	REVISTA DE DIREITOS SOCIAIS, SEGURIDADE E PREVIDÊNCIA SOCIAL	B2	
1647-3531	REVISTA DE DIVULGAÇÃO CIENTÍFICA AICA	B4	
2179-0981	REVISTA DE DIVULGAÇÃO CIENTÍFICA SENA AIRES	B1	
2675-9640	REVISTA DE DOUTRINA JURÍDICA	A4	
0101-7012	REVISTA DE ECONOMETRIA	B4	
2316-9397	REVISTA DE ECONOMIA	B1	
1983-7747	REVISTA DE ECONOMIA AGRÍCOLA (ONLINE)	B4	
1980-5527	REVISTA DE ECONOMIA CONTEMPORÂNEA	A2	
1809-970X	REVISTA DE ECONOMIA DA UEG. SEÇÃO ELETRÔNICA	B3	
2447-231X	REVISTA DE ECONOMIA DO CENTRO-OESTE	B3	
1679-1614	REVISTA DE ECONOMIA E AGRONEGÓCIO	A4	
0103-2003	REVISTA DE ECONOMIA E SOCIOLOGIA RURAL (IMPRESSO)	A1	
1806-9479	REVISTA DE ECONOMIA E SOCIOLOGIA RURAL (ONLINE)	A1	
1808-2785	REVISTA DE ECONOMIA MACKENZIE	B2	
1678-5002	REVISTA DE ECONOMIA MACKENZIE (IMPRESSO)	B2	
1807-2674	REVISTA DE ECONOMIA POLÍTICA E HISTÓRIA ECONÔMICA	B3	
2674-5666	REVISTA DE ECONOMIA POLÍTICA E HISTÓRIA ECONÔMICA (ONLINE)	B3	
2316-5235	REVISTA DE ECONOMIA REGIONAL, URBANA E DO TRABALHO	B2	
0556-5782	REVISTA DE ECONOMIA (UFPR)	B1	
2236-6377	REVISTA DE EDUCAÇÃO, CIÊNCIA E CULTURA	A3	
2238-2380	REVISTA DE EDUCAÇÃO, CIÊNCIAS E MATEMÁTICA	A4	
2359-0041	REVISTA DE EDUCAÇÃO DO VALE DO ARINOS - RELVA	A4	
1981-8610	REVISTA DE EDUCAÇÃO E PESQUISA EM CONTABILIDADE (REPEC)	A4	
2447-8946	REVISTA DE EDUCAÇÃO FÍSICA	B3	
2596-1012	REVISTA DE EDUCAÇÃO FÍSICA, SAÚDE E ESPORTE	B1	
2526-9062	REVISTA DE EDUCAÇÃO MATEMÁTICA	A1	
1982-7660	REVISTA DE EDUCAÇÃO POPULAR	A3	
1678-5622	REVISTA DE EDUCAÇÃO POPULAR (IMPRESSO)	A3	
2318-0870	REVISTA DE EDUCAÇÃO PUC-CAMPINAS	A1	
2675-2956	REVISTA DE EDUCAÇÃO SAÚDE E CIÊNCIAS DO XINGU	B1	
0034-8082	REVISTA DE EDUCACIÓN	C	
1853-1326	REVISTA DE EDUCACIÓN	C	
2344-9225	REVISTA DE EDUCACIÓN EN BIOLOGÍA	A3	
0329-5192	REVISTA DE EDUCACIÓN EN BIOLOGÍA	A3	
1853-1318	REVISTA DE EDUCACIÓN. FACULTAD DE HUMANIDADES - UNMD	C	
2393-6789	REVISTA DE EDUCACIÓN SUPERIOR DEL SUR GLOBAL - RESUR	B4	
1665-899X	REVISTA DE EL COLEGIO DE SAN LUIS	A2	
2447-8407	REVISTA DE EMPREENDEDORISMO E GESTÃO DE MICRO E PEQUENA EMPRESAS	B3	
2316-2058	REVISTA DE EMPREENDEDORISMO E GESTÃO DE PEQUENAS EMPRESAS	A4	
2448-3664	REVISTA DE EMPREENDEDORISMO, NEGÓCIOS E INOVAÇÃO (RENI)	B3	
2526-0502	REVISTA DE EMPREENDORISMO E INOVAÇÃO SUSTENTÁVEIS	B2	
2446-5739	REVISTA DE ENFERMAGEM DA UFJF	B3	
2238-7234	REVISTA DE ENFERMAGEM DA UFPI	B2	
2179-7692	REVISTA DE ENFERMAGEM DA UFSM	B1	
2236-6091	REVISTA DE ENFERMAGEM DO CENTRO OESTE MINEIRO	B1	
2317-1154	REVISTA DE ENFERMAGEM E ATENÇÃO À SAÚDE	B2	
1981-8963	REVISTA DE ENFERMAGEM UFPE	B1	
2358-6508	REVISTA DE ENGENHARIA CIVIL IMED	B4	
2318-0692	REVISTA DE ENGENHARIA DA UNIVERSIDADE CATÓLICA DE PETRÓPOLIS	B2	
1678-5738	REVISTA DE ENGENHARIA DA UNIVERSIDADE CATÓLICA DE PETRÓPOLIS	B2	
2525-4251	REVISTA DE ENGENHARIA E PESQUISA APLICADA	B2	
2176-7270	REVISTA DE ENGENHARIA E TECNOLOGIA	B2	
0326-7091	REVISTA DE ENSEÑANZA DE LA FÍSICA	A1	
2250-6101	REVISTA DE ENSEÑANZA DE LA FÍSICA (ONLINE)	A1	
2675-9683	REVISTA DE ENSINO, CIÊNCIA E INOVAÇÃO EM SAÚDE	B4	
1982-1867	REVISTA DE ENSINO DE BIOLOGIA DA ASSOCIAÇÃO BRASILEIRA DE ENSINO DE BIOLOGIA (SBENBIO)	A1	
2763-8898	REVISTA DE ENSINO DE BIOLOGIA SBENBIO	A1	
0101-5001	REVISTA DE ENSINO DE ENGENHARIA	B2	
2236-0158	REVISTA DE ENSINO DE ENGENHARIA	B2	
2595-7643	REVISTA DE ENSINO E CULTURA	B1	
2447-6129	REVISTA DE ENSINO E PESQUISA EM ADMINISTRAÇÃO E ENGENHARIA	B3	
2447-8733	REVISTA DE ENSINO, EDUCAÇÃO E CIÊNCIAS HUMANAS	A3	
2594-4630	REVISTA DE ENSINO EM ARTES, MODA E DESIGN	A2	
2238-3360	REVISTA DE EPIDEMIOLOGIA E CONTROLE DE INFECÇÃO	B2	
2965-3827	REVISTA DE EPIDEMIOLOGIA E SAÚDE PÚBLICA	B4	
1988-8996	REVISTA DE ESTILOS DE APRENDIZAJE	A3	
0719-8264	REVISTA DE ESTUDIANTES DE TERAPIA OCUPACIONAL	B2	
2386-4540	REVISTA DE ESTUDIOS BRASILEÑOS	A3	
2448-7724	REVISTA DE ESTUDIOS DE GÉNERO	A2	
2386-7418	REVISTA DE ESTUDIOS E INVESTIGACION EN PSICOLOGIA Y EDUCACIÓN	A2	
0123-885X	REVISTA DE ESTUDIOS SOCIALES (EN LINEA)	A1	
2409-3696	REVISTA DE ESTUDIOS TEÓRICOS Y EPISTEMOLÓGICOS EN POLÍTICA EDUCATIVA ISSN 2409-3696	A2	
0717-6945	REVISTA DE ESTUDIOS Y EXPERIENCIAS EN EDUCACIÓN (IMPRESA)	A1	
1983-1501	REVISTA DE ESTUDOS AMBIENTAIS (ONLINE)	B1	
2764-7854	REVISTA DE ESTUDOS ANARQUISTAS E DECOLONIAIS	B3	
2763-7867	REVISTA DE ESTUDOS CONSTITUCIONAIS	A3	
1676-8698	REVISTA DE ESTUDOS CRIMINAIS	A2	
2183-8755	REVISTA DE ESTUDOS CURRICULARES	A3	
0104-0588	REVISTA DE ESTUDOS DA LINGUAGEM	A1	
2237-2083	REVISTA DE ESTUDOS DA LINGUAGEM	A1	
2446-7189	REVISTA DE ESTUDOS DE CULTURA	B2	
2178-2008	REVISTA DE ESTUDOS DE GESTÃO, JURÍDICOS E FINANCEIROS	A3	
1517-8846	REVISTA DE ESTUDOS DE JORNALISMO	B4	
2238-7587	REVISTA DE ESTUDOS DE LITERATURA, CULTURA E ALTERIDADE - IGARAPÉ	B1	
2764-9911	REVISTA DE ESTUDOS DECOLONIAIS (ONLINE)	B3	
2446-6972	REVISTA DE ESTUDOS E INVESTIGAÇÕES ANTROPOLÓGICAS	B4	
2359-5299	REVISTA DE ESTUDOS E PESQUISAS AVANÇADAS DO TERCEIRO SETOR	B1	
1984-1639	REVISTA DE ESTUDOS E PESQUISAS SOBRE AS AMÉRICAS	A3	
2446-774X	REVISTA DE ESTUDOS E PESQUISAS SOBRE ENSINO TECNOLÓGICO	A2	
2675-6889	REVISTA DE ESTUDOS EM EDUCAÇÃO E DIVERSIDADE – REED	A2	
2319-0817	REVISTA DE ESTUDOS EMPÍRICOS EM DIREITO	A2	
2177-5850	REVISTA DE ESTUDOS FILOSÓFICOS E HISTÓRICOS DA ANTIGÜIDADE	B1	
2764-3352	REVISTA DE ESTUDOS INDÍGENAS DE ALAGOAS - CAMPIÔ	B3	
2674-8703	REVISTA DE ESTUDOS INTERDISCIPLINARES	A4	
2236-4811	REVISTA DE ESTUDOS INTERNACIONAIS	B1	
2179-5177	REVISTA DE ESTUDOS JURÍDICOS DA UNESP	A3	
2675-0619	REVISTA DE ESTUDOS LIBERTÁRIOS	B1	
2763-650X	REVISTA DE ESTUDOS ORIENTAIS	B3	
2358-7024	REVISTA DE ESTUDOS SOCIAIS	B1	
1519-504X	REVISTA DE ESTUDOS SOCIAIS (UFMT)	B1	
2448-4245	REVISTA DE EXTENSÃO	B1	
2675-2328	REVISTA DE EXTENSÃO DA UPE	B1	
2764-1872	REVISTA DE EXTENSÃO DA URCA	B2	
2359-5116	REVISTA DE EXTENSÃO E ESTUDOS RURAIS	B2	
2359-1226	REVISTA DE EXTENSÃO UENF	B4	
0104-4443	REVISTA DE FILOSOFIA AURORA	A1	
2965-1557	REVISTA DE FILOSOFIA AURORA	A1	
2763-7689	REVISTA DE FILOSOFIA INSTAURATIO MAGNA	B3	
0798-1171	REVISTA DE FILOSOFÍA (MARACAIBO)	B1	
2317-9570	REVISTA DE FILOSOFIA MODERNA E CONTEMPORÂNEA	A1	
1852-9488	REVISTA DE FILOSOFIA Y CÎENCIAS - PROMETEICA	A4	
2359-2648	REVISTA DE FONTES	B1	
2255-534X	REVISTA DE GASTROENTEROLOGIA DO MÉXICO	B2	
2447-3359	REVISTA DE GEOCIÊNCIAS DO NORDESTE	A2	
2238-6211	REVISTA DE GEOGRAFIA	A2	
2182-1267	REVISTA DE GEOGRAFIA E ORDENAMENTO DO TERRITÓRIO	A1	
2177-319X	REVISTA DE GEOGRAFIA, MEIO AMBIENTE E ENSINO - GEOMAE (ONLINE)	A4	
0718-3402	REVISTA DE GEOGRAFÍA NORTE GRANDE (EN LÍNEA)	A3	
0104-5490	REVISTA DE GEOGRAFIA (RECIFE)	A2	
2236-837X	REVISTA DE GEOGRAFIA (UFJF)	A3	
2177-3246	REVISTA DE GEOPOLITICA	A2	
2316-9834	REVISTA DE GESTAO AMBIENTAL E SUSTENTABILIDADE	B1	
1646-8872	REVISTA DE GESTÃO COSTEIRA INTEGRADA	A2	
2674-5895	REVISTA DE GESTÃO DOS PAÍSES DE LÍNGUA PORTUGUESA	B2	
2318-1338	REVISTA DE GESTÃO E AVALIAÇÃO EDUCACIONAL	A4	
2448-3052	REVISTA DE GESTÃO E NEGÓCIOS DO ESPORTE	B4	
2359-0432	REVISTA DE GESTÃO E ORGANIZAÇÕES COOPERATIVAS	B2	
2236-0972	REVISTA DE GESTÃO E PROJETOS	A4	
2178-9010	REVISTA DE GESTÃO E SECRETARIADO	C	
2316-3712	REVISTA DE GESTÃO EM SISTEMAS DE SAÚDE	B2	
2238-5320	REVISTA DE GESTÃO, FINANÇAS E CONTABILIDADE	B2	
1981-982X	REVISTA DE GESTÃO SOCIAL E AMBIENTAL (RGSA)	C	
1988-7116	REVISTA DE GLOBALIZACION, COMPETITIVIDAD Y GOBERNABILIDAD	B1	
2316-9141	REVISTA DE HISTÓRIA	A1	
2357-8556	REVISTA DE HISTÓRIA BILROS	A2	
1981-383X	REVISTA DE HISTÓRIA COMPARADA (UFRJ)	A1	
2182-3294	REVISTA DE HISTÓRIA DA ARTE	A4	
2179-2305	REVISTA DE HISTÓRIA DA ARTE E ARQUEOLOGIA	B1	
2675-9829	REVISTA DE HISTÓRIA DA ARTE E DA CULTURA (RHAC)	A3	
2447-6447	REVISTA DE HISTÓRIA DA EDUCAÇÃO MATEMÁTICA	A3	
2316-4379	REVISTA DE HISTÓRIA DA UEG	B3	
0122-7238	REVISTA DE HISTORIA DE LA EDUCACION LATINOAMERICANA	A1	
2451-6473	REVISTA DE HISTORIA DE LAS PRISIONES	A1	
1414-0055	REVISTA DE HISTÓRIA REGIONAL	A3	
1984-6894	REVISTA DE HISTÓRIA (SALVADOR)	B2	
0717-5248	REVISTA DE HISTORIA SOCIAL Y DE LAS MENTALIDADES	A1	
0034-8309	REVISTA DE HISTORIA (USP)	A1	
2318-0714	REVISTA DE HUMANIDADES	A3	
2238-3948	REVISTA DE HUMANIDADES, TECNOLOGIA E CULTURA - REHUTEC	B1	
1982-3967	REVISTA DE INFORMAÇÃO CONTÁBIL (UFPE)	B3	
0034-835X	REVISTA DE INFORMAÇÃO LEGISLATIVA	A2	
2596-0466	REVISTA DE INFORMAÇÃO LEGISLATIVA (ONLINE)	A2	
0103-4308	REVISTA DE INFORMÁTICA TEÓRICA E APLICADA	B4	
2175-2745	REVISTA DE INFORMÁTICA TEÓRICA E APLICADA: RITA	B4	
2525-4332	REVISTA DE INICIAÇÃO À DOCÊNCIA	B1	
2318-9452	REVISTA DE INICIAÇÃO CIENTÍFICA EM RELAÇÕES INTERNACIONAIS	B2	
2531-1336	REVISTA DE INNOVACIÓN Y BUENAS PRÁCTICAS DOCENTES	A4	
2179-2895	REVISTA DE INOVAÇÃO TECNOLÓGICA	B3	
2675-7427	REVISTA DE INSTRUMENTOS, MODELOS E POLÍTICAS EM AVALIAÇÃO EDUCACIONAL	A4	
2007-8870	REVISTA DE INVESTIGACIÓN ACADÉMICA SIN FRONTERA (ONLINE)	B3	
2145-6453	REVISTA DE INVESTIGACIÓN AGRARIA Y AMBIENTAL (ONLINE)	B3	
2588-0861	REVISTA DE INVESTIGACIÓN DE LA CIENCIA TURÍSTICA	A4	
2027-8306	REVISTA DE INVESTIGACIÓN, DESARROLLO E INNOVACIÓN	A2	
2665-2056	REVISTA DE INVESTIGACIÓN E INNOVACIÓN EN CIENCIAS DE LA SALUD	B1	
2531-0968	REVISTA DE INVESTIGACIÓN EN DIDÁCTICA DE LAS CIENCIAS SOCIALES	A4	
2796-8987	REVISTA DE INVESTIGACIÓN EN POLÍTICA EXTERIOR ARGENTINA	A4	
2359-5639	REVISTA DE INVESTIGAÇÕES CONSTITUCIONAIS	A1	
2238-8281	REVISTA DE ITALIANÍSTICA	A4	
2238-2305	REVISTA DE JORNALISMO DA ESPM	B3	
0719-6318	REVISTA DE LA ACADEMIA	B2	
0370-3908	REVISTA DE LA ACADEMIA COLOMBIANA DE CIENCIAS EXACTAS, FÍSICAS Y NATURALES	A4	
2341-2690	REVISTA DE LA ASOCIACIÓN ESPAÑOLA DE INVESTIGACIÓN DE LA COMUNICACIÓN	A2	
0252-0257	REVISTA DE LA CEPAL (IMPRESA)	A1	
1682-0908	REVISTA DE LA CEPAL (ONLINE)	A1	
1578-7680	REVISTA DE LA EDUCACION A DISTANCIA	A2	
1853-9777	REVISTA DE LA ESCUELA DE PERFECCIONAMIENTO EN INVESTIGACIÓN OPERATIVA	B4	
2448-8933	REVISTA DE LA FACULTAD DE  DERECHO DE MÉXICO	A2	
2477-9407	REVISTA DE LA FACULTAD DE AGRONOMIA	B3	
1669-9513	REVISTA DE LA FACULTAD DE AGRONOMIA	B3	
0121-3814	REVISTA DE LA FACULTAD DE CIENCIA Y TECNOLOGIA	A1	
1853-8665	REVISTA DE LA FACULTAD DE CIENCIAS AGRARIAS UNCUYO	A4	
2301-0665	REVISTA DE LA FACULTAD DE DERECHO	A1	
0120-0011	REVISTA DE LA FACULTAD DE MEDICINA	B1	
2308-0531	REVISTA DE LA FACULTAD DE MEDICINA HUMANA	A2	
2250-7264	REVISTA DE LA RED INTERCÁTEDRAS DE HISTORIA DE AMÉRICA LATINA CONTEMPORÁNEA	A1	
2179-5282	REVISTA DE LETRAS	A3	
2527-1024	REVISTA DE LETRAS - JUÇARA	A4	
1983-8018	REVISTA DE LETRAS NORTE@MENTOS	A4	
2358-4793	REVISTA DE LETRAS (UFC)	A3	
0101-3505	REVISTA DE LETRAS (UNESP. IMPRESSO)	B3	
1983-1498	REVISTA DE LITERATURA, HISTÓRIA E MEMÓRIA	B1	
1809-5313	REVISTA DE LITERATURA, HISTÓRIA E MEMÓRIA (IMPRESSO)	B1	
2178-0382	REVISTA DE LOGÍSTICA DA FATEC-CARAPICUÍBA	B4	
0214-4603	REVISTA DE LOGOPEDIA, FONIATRÍA Y AUDIOLOGÍA (ED. IMPRESA)	B1	
2237-8103	REVISTA DE MATEMÁTICA DA UNIVERSIDADE FEDERAL DE OURO PRETO	B4	
2447-6595	REVISTA DE MEDICINA DA UFC (ONLINE)	B3	
1679-9836	REVISTA DE MEDICINA (SÃO PAULO. ONLINE)	B2	
0034-8554	REVISTA DE MEDICINA (USP)	B2	
2446-8622	REVISTA DE MICRO E PEQUENAS EMPRESAS E EMPREENDEDORISMO DA FATEC OSASCO	B3	
2182-7214	REVISTA DE MORFOLOGIA URBANA	A2	
1134-0576	REVISTA DE MUSEOLOGIA	B2	
2965-629X	REVISTA DE MÚSICA VOCAL ERUDITA BRASILEIRA (ONLINE)	B3	
1980-4431	REVISTA DE NEGÓCIOS (ONLINE)	B2	
0104-3579	REVISTA DE NEUROCIÊNCIAS	B2	
0210-0010	REVISTA DE NEUROLOGÍA (ED. IMPRESA)	B2	
1415-5273	REVISTA DE NUTRICAO- BRAZILIAN JOURNAL OF NUTRITION	B1	
2357-9617	REVISTA DE NUTRIÇÃO E VIGILÂNCIA EM SAÚDE / JOURNAL OF NUTRITION AND HEALTH SURVEILLANCE	B2	
1678-9865	REVISTA DE NUTRIÇÃO-BRAZILIAN JOURNAL OF NUTRTION	B1	
2619-3906	REVISTA DE NUTRICIÓN CLÍNICA Y METABOLISMO	B1	
1807-2577	REVISTA DE ODONTOLOGIA DA UNESP (ONLINE)	B3	
2174-0798	REVISTA DE ODONTOPEDIATRIA LATINOAMERICANA	B3	
2525-8230	REVISTA DE PASTORAL DA ANEC	B1	
2318-8960	REVISTA DE PATOLOGIA DO TOCANTINS	B3	
2446-6492	REVISTA DE PATOLOGIA DO TOCANTINS	B3	
1980-8178	REVISTA DE PATOLOGIA TROPICAL (ONLINE)	B3	
2527-0974	REVISTA DE PEDAGOGIA SOCIAL	B1	
2595-1769	REVISTA DE PEDIATRIA DA SOPERJ (ON-LINE)	B3	
1676-1014	REVISTA DE PEDIATRIA SOPERJ	B3	
2675-3561	REVISTA DE PESQUISA APLICADA E TECNOLOGIA (REPATEC)	C	
1809-6107	REVISTA DE PESQUISA: CUIDADO É FUNDAMENTAL	A4	
2175-5361	REVISTA DE PESQUISA: CUIDADO E FUNDAMENTAL (ONLINE)	A4	
2236-6288	REVISTA DE PESQUISA EM SAÚDE	B4	
1413-4969	REVISTA DE POLITICA AGRICOLA	B1	
2317-224X	REVISTA DE POLÍTICA AGRÍCOLA	B1	
2178-2865	REVISTA DE POLITICAS PÚBLICAS DA UFMA	A1	
2763-5716	REVISTA DE POLÍTICAS PÚBLICAS E GESTÃO EDUCACIONAL (POLIGES)	A4	
0104-8740	REVISTA DE POLITICAS PUBLICAS (UFMA)	A1	
0100-1981	REVISTA DE PROCESSO	A1	
2316-8080	REVISTA DE PROPRIEDADE INTELECTUAL - DIREITO CONTEMPORÂNEO E CONSTITUIÇÃO	B1	
1413-4438	REVISTA DE PSICANÁLISE DA SOCIEDADE PSICANALÍTICA DE PORTO ALEGRE	B2	
0034-8740	REVISTA DE PSICOANÁLISIS	B2	
0719-0581	REVISTA DE PSICOLOGÍA	A3	
2422-572X	REVISTA DE PSICOLOGÍA	A4	
1980-6906	REVISTA DE PSICOLOGIA : TEORIA E PRÁTICA (ONLINE)	A2	
2145-4892	REVISTA DE PSICOLOGÍA - UNIVERSIDAD DE ANTIOQUIA	A4	
2182-8008	REVISTA DE PSICOLOGIA DA CRIANÇA E DO ADOLESCENTE	B2	
2175-5027	REVISTA DE PSICOLOGIA DA IMED	A4	
1984-9044	REVISTA DE PSICOLOGIA DA UNESP	A4	
0254-9247	REVISTA DE PSICOLOGÍA (LIMA)	A1	
2223-3733	REVISTA DE PSICOLOGÍA (ONLINE)	A1	
0716-8039	REVISTA DE PSICOLOGÍA (SANTIAGO)	A3	
2179-1740	REVISTA DE PSICOLOGIA (UFC)	A3	
0102-1222	REVISTA DE PSICOLOGIA (UFC)	A3	
2256-1102	REVISTA DE PSICOLOGÍA UNIVERSIDAD DE ANTIOQUIA	A4	
0797-2946	REVISTA DE PSIQUIATRIA DEL URUGUAY (IMPRESA)	B4	
2764-8885	REVISTA DE REFLEXÃO MISSIOLÓGICA (ONLINE)	B3	
1909-3063	REVISTA DE RELACIONES INTERNACIONALES, ESTRATEGIA Y SEGURIDAD	A1	
1909-7743	REVISTA DE RELACIONES INTERNACIONALES, ESTRATEGIA Y SEGURIDAD	A1	
1577-9572	REVISTA DE SALUD AMBIENTAL	B3	
0124-0064	REVISTA DE SALUD PUBLICA	B2	
2179-2739	REVISTA DE SAÚDE	B4	
1677-7522	REVISTA DE SAÚDE COLETIVA DA UEFS	B3	
2594-7524	REVISTA DE SAÚDE COLETIVA DA UEFS	B3	
2525-9563	REVISTA DE SAÚDE DIGITAL E TECNOLOGIAS EDUCACIONAIS	B4	
1981-9722	REVISTA DE SAÚDE PÚBLICA DE MATO GROSSO DO SUL	C	
2595-4474	REVISTA DE SAÚDE PÚBLICA DO PARANÁ	B1	
2595-4482	REVISTA DE SAÚDE PÚBLICA DO PARANÁ	B1	
1518-8787	REVISTA DE SAÚDE PÚBLICA (ONLINE)	A1	
0034-8910	REVISTA DE SAÚDE PÚBLICA (USP. IMPRESSO)	A1	
2953-4739	REVISTA DE SEGURIDAD OPERACIONAL (ONLINE)	C	
1983-5604	REVISTA DE SISTEMAS DE INFORMAÇÃO DA FSMA	C	
2237-2903	REVISTA DE SISTEMAS E COMPUTAÇÃO - RSC	B4	
2605-1923	REVISTA DE SOCIOLOGÍA DE LA EDUCACIÓN-RASE	A2	
1678-9873	REVISTA DE SOCIOLOGIA E POLÍTICA	A1	
2764-6769	REVISTA DE TECNOLOGIA & GESTÃO SUSTENTÁVEL	B4	
2237-3713	REVISTA DE TECNOLOGIA APLICADA	B1	
1413-8131	REVISTA DE TECNOLOGIA E AMBIENTE	B2	
2176-8986	REVISTA DE TEOLOGIA DA FACULDADE FAIFA	A4	
2175-5892	REVISTA DE TEORIA DA HISTÓRIA	A4	
2238-6149	REVISTA DE TERAPIA OCUPACIONAL DA UNIVERSIDADE DE SÃO PAULO	B2	
2357-8211	REVISTA DE TURISMO CONTEMPORÂNEO	B1	
2318-0536	REVISTA DEBATE ECONÔMICO	B4	
2236-479X	REVISTA DEBATES	A2	
2447-6099	REVISTA DEBATES EM ENSINO DE QUÍMICA	A1	
2236-918X	REVISTA DEBATES EM PSIQUIATRIA	B2	
2595-2803	REVISTA DEBATES INSUBMISSOS	B1	
1982-5269	REVISTA DEBATES (UFRGS)	A2	
2318-2229	REVISTA DECIFRAR	B1	
2764-0175	REVISTA DECODE - DESIGN DE CONTEÚDO DIGITAL PARA A EDUCAÇÃO	C	
1852-4648	REVISTA DEL CENTRO DE ESTUDIOS DE SOCIOLOGIA DEL TRABAJO	B2	
1641-4713	REVISTA DEL CESLA	A2	
2081-1160	REVISTA DEL CESLA	A2	
1315-2378	REVISTA DEL CLAD REFORMA Y DEMOCRACIA	B1	
2385-6203	REVISTA DEL CONGRÉS INTERNACIONAL DE DOCÈNCIA	B4	
2796-9096	REVISTA DEL CONSEJO LATINOAMERICANO DE CIENCIAS SOCIALES	B2	
0123-4986	REVISTA DEL DEPARTAMENTO DE TRABAJO SOCIAL	A2	
1850-4027	REVISTA DEL MINISTERIO PUBLICO DE LA DEFENSA DE LA NACION	B4	
2545-6377	REVISTA DEL MUSEO DE LA PLATA	A1	
2447-9403	REVISTA DEMOCRÁTICA	C	
2591-3476	REVISTA DERECHO Y SALUD	A3	
2175-3180	REVISTA DESASSOSSEGO	B2	
2675-7508	REVISTA DESENVOLVIMENTO & CIVILIZAÇÃO	B2	
1982-8608	REVISTA DESENVOLVIMENTO SOCIAL	B2	
2179-6807	REVISTA DESENVOLVIMENTO SOCIAL	B2	
2526-0405	REVISTA DESVIO	B2	
2317-2010	REVISTA DIALECTUS	B3	
2317-1391	REVISTA DIALÉTICA	B4	
2238-9024	REVISTA DIÁLOGO	B2	
2316-1795	REVISTA DIÁLOGO DAS LETRAS	A2	
1981-416X	REVISTA DIÁLOGO EDUCACIONAL	A1	
1518-3483	REVISTA DIÁLOGO EDUCACIONAL (PUCPR. IMPRESSO)	A1	
2676-0010	REVISTA DIÁLOGOS	B3	
2448-1270	REVISTA DIÁLOGOS ACADÊMICOS	B3	
2764-6440	REVISTA DIÁLOGOS E PERSPECTIVAS EM EDUCAÇÃO ESPECIAL (ONLINE)	A3	
2675-5742	REVISTA DIÁLOGOS EM EDUCAÇÃO	B1	
2764-9997	REVISTA DIÁLOGOS EM EDUCAÇÃO MATEMÁTICA	B2	
2596-206X	REVISTA DIÁLOGOS EM SAÚDE	C	
2764-0329	REVISTA DIÁLOGOS FORMATIVOS	B4	
2317-3793	REVISTA DIÁLOGOS INTERDISCIPLINARES	A4	
2359-5051	REVISTA DIÁLOGOS INTERDISCIPLINARES - GEPFIP	B1	
2319-0825	REVISTA DIÁLOGOS (REVDIA)	A4	
1809-3108	REVISTA DIDÁTICA SISTÊMICA	B1	
2675-0414	REVISTA DIGITAL - FACEPE	B4	
1982-310X	REVISTA DIGITAL CONSTITUIÇÃO E GARANTIA DE DIREITOS (UFRN)	A4	
1678-765X	REVISTA DIGITAL DE BIBLIOTECONOMIA E CIÊNCIA DA INFORMAÇÃO	A1	
2319-0558	REVISTA DIGITAL DE DIREITO ADMINISTRATIVO	A2	
2448-0657	REVISTA DIGITAL DE ENSINO DE FILOSOFIA	B2	
2223-2516	REVISTA DIGITAL DE INVESTIGACIÓN EN DOCENCIA UNIVERSITARIA (RIDU)	A2	
1853-3256	REVISTA DIGITAL DE POLITICAS LINGUISTICAS	A3	
2175-2176	REVISTA DIGITAL DO INSTITUTO DOS ADVOGADOS BRASILEIROS - IAB	C	
2317-2738	REVISTA DIGITAL DO INSTITUTO LATINO-AMERICANO DE ARTE, CULTURA E HISTÓRIA- UNILA	A1	
1983-7348	REVISTA DIGITAL DO LAV	A3	
2965-1301	REVISTA DIREITO & CONSCIÊNCIA (ONLINE)	A4	
2674-7286	REVISTA DIREITO & DESENVOLVIMENTO DA UNICATÓLICA	B1	
2178-826X	REVISTA DIREITO & DIALOGICIDADE	B1	
2237-0021	REVISTA DIREITO AMBIENTAL E SOCIEDADE	A3	
2446-8908	REVISTA DIREITO DAS RELAÇÕES SOCIAIS E TRABALHISTAS	A4	
2764-4812	REVISTA DIREITO, DESENVOLVIMENTO E CIDADANIA	C	
2448-4512	REVISTA DIREITO E DEMOCRACIA	B3	
2236-0859	REVISTA DIREITO E DESENVOLVIMENTO	A2	
2359-5035	REVISTA DIREITO E PAZ	A4	
2179-8966	REVISTA DIREITO E PRÁXIS	A1	
2675-3596	REVISTA DIREITO E SEXUALIDADE	A1	
2763-9517	REVISTA DIREITO, ECONOMIA E GLOBALIZAÇÃO	B4	
2176-6622	REVISTA DIREITO EM DEBATE	A2	
2238-7110	REVISTA DIREITO EM MOVIMENTO	A3	
2179-8176	REVISTA DIREITO EM MOVIMENTO	A3	
2317-6172	REVISTA DIREITO GV (ONLINE)	A1	
2317-2622	REVISTA DIREITO MACKENZIE	A2	
1806-8200	REVISTA DIREITO PÚBLICO	A1	
2236-1766	REVISTA DIREITO PÚBLICO (ONLINE)	A1	
2447-2336	REVISTA DIREITO UFMS	A3	
1982-0496	REVISTA DIREITOS FUNDAMENTAIS & DEMOCRACIA (UNIBRASIL)	A2	
2595-0614	REVISTA DIREITOS FUNDAMENTAIS E ALTERIDADE	A4	
2317-5389	REVISTA DIREITOS HUMANOS E DEMOCRACIA	A2	
2965-2111	REVISTA DIREITOS HUMANOS EM DEBATE	C	
2318-5732	REVISTA DIREITOS SOCIAIS E POLÍTICAS PÚBLICAS - UNIFAFIBE	A2	
2527-0524	REVISTA DISCENTE OFÍCIOS DE CLIO	B1	
2675-1569	REVISTA DISCENTE PLANÍCIE CIENTÍFICA (UFF)	B3	
1983-8891	REVISTA DISSERTATIO DE FILOSOFIA	A2	
2359-2192	REVISTA DISSOL - DISCURSO, SOCIEDADE E LINGUAGEM	B1	
2718-8310	REVISTA DIVERSIDAD DE LAS CULTURAS	A3	
2358-8853	REVISTA DIVERSIDADE E EDUCAÇÃO	A3	
0101-7497	REVISTA DO ADVOGADO	C	
2447-908X	REVISTA DO ARQUIVO	B2	
1983-6031	REVISTA DO ARQUIVO GERAL DA CIDADE DO RIO DE JANEIRO	B2	
2527-2136	REVISTA DO ARQUIVO PÚBLICO DO ESTADO DO ESPÍRITO SANTO	B3	
1415-2061	REVISTA DO CCEI	B4	
1519-6968	REVISTA DO CEAM	A2	
2359-0076	REVISTA DO CENTRO DE ESTUDOS PORTUGUESES	B1	
2317-1480	REVISTA DO CENTRO DE ESTUDOS RURAIS (RURIS)	B2	
2448-2773	REVISTA DO CENTRO DE PESQUISA E FORMAÇÃO	B2	
0100-6991	REVISTA DO COLÉGIO BRASILEIRO DE CIRURGIÕES (IMPRESSO)	A4	
1809-4546	REVISTA DO COLÉGIO BRASILEIRO DE CIRURGIÕES (ONLINE)	A4	
2594-9578	REVISTA DO COLETIVO SECONBA	B2	
2358-3169	REVISTA DO COLÓQUIO DE ARTE E PESQUISA DO PPGA-UFES	B1	
2318-5546	REVISTA DO CONGRESSO BRASILEIRO DE BIBLIOTECONOMIA E DOCUMENTAÇÃO (ONLINE)	C	
2236-2363	REVISTA DO CONSELHO NACIONAL DO MINISTÉRIO PÚBLICO	B2	
2763-7492	REVISTA DO CURSO DE DIREITO DA UNIVERSIDADE CÂNDIDO MENDES	C	
1518-3408	REVISTA DO CURSO DE DIREITO DA UNIVERSIDADE ESTADUAL DE MONTES CLAROS	C	
2236-7632	REVISTA DO CURSO DE DIREITO DO UNIFOR	A3	
1809-3779	REVISTA DO CURSO DE LETRAS	C	
2236-2878	REVISTA DO DEPARTAMENTO DE GEOGRAFIA	A1	
0102-4582	REVISTA DO DEPARTAMENTO DE GEOGRAFIA (USP)	A1	
2177-3564	REVISTA DO DERC	B4	
2177-3556	REVISTA DO DERC	B4	
1676-0735	REVISTA DO DIREITO (CACHOEIRO DE ITAPEMIRIM)	C	
1807-958X	REVISTA DO DIREITO DA ENERGIA	C	
2525-9857	REVISTA DO DIREITO DO TRABALHO E MEIO AMBIENTE DO TRABALHO	A4	
1413-4543	REVISTA DO DIREITO IMOBILIÁRIO	A4	
1980-511X	REVISTA DO DIREITO PÚBLICO (LONDRINA)	A2	
1982-9957	REVISTA DO DIREITO (SANTA CRUZ DO SUL. ONLINE)	A2	
2317-3815	REVISTA DO EDICC	B2	
1984-591X	REVISTA DO GEL	A2	
2236-0883	REVISTA DO GELNE	A2	
1517-1957	REVISTA DO IBRAC	A3	
2595-2153	REVISTA DO INSTITUTO BRASILEIRO DE SEGURANÇA PÚBLICA (RIBSP)	B3	
0104-1894	REVISTA DO INSTITUTO DE CIENCIAS DA SAUDE (UNIP)	B3	
1809-192X	REVISTA DO INSTITUTO DE CIÊNCIAS PENAIS - RICP	B1	
2596-0075	REVISTA DO INSTITUTO DE DIREITO CONSTITUCIONAL E CIDADANIA	B1	
2316-901X	REVISTA DO INSTITUTO DE ESTUDOS BRASILEIROS	A2	
1678-1864	REVISTA DO INSTITUTO DE HERMENÊUTICA JURÍDICA	B1	
2447-9926	REVISTA DO INSTITUTO DE HERMENÊUTICA JURÍDICA	B1	
2238-6416	REVISTA DO INSTITUTO DE LATICÍNIOS CÂNDIDO TOSTES	B4	
0100-3674	REVISTA DO INSTITUTO DE LATÍCINIOS CÂNDIDO TOSTES	B4	
1678-9946	REVISTA DO INSTITUTO DE MEDICINA TROPICAL DE SÃO PAULO	B1	
0036-4665	REVISTA DO INSTITUTO DE MEDICINA TROPICAL DE SÃO PAULO (IMPRESSO)	B1	
2447-780X	REVISTA DO INSTITUTO DE POLÍTICAS PÚBLICAS DE MARÍLIA	B1	
2446-600X	REVISTA DO INSTITUTO DO LEGISLATIVO PAULISTA	C	
1415-7683	REVISTA DO INSTITUTO DOS ADVOGADOS DE SÃO PAULO	C	
2178-5031	REVISTA DO INSTITUTO FLORESTAL (ONLINE)	B2	
2237-9657	REVISTA DO INSTITUTO GEOGEBRA INTERNACIONAL DE SÃO PAULO	A2	
1516-344X	REVISTA DO INSTITUTO GEOGRÁPHICO E HISTÓRICO DA BAHIA	B4	
2526-1347	REVISTA DO INSTITUTO HISTÓRICO E GEOGRÁFICO BRASILEIRO	A3	
2175-1269	REVISTA DO INSTITUTO HISTÓRICO E GEOGRÁFICO DE GOIÁS	B3	
1980-3109	REVISTA DO INSTITUTO HISTÓRICO E GEOGRÁFICO DE MINAS GERAIS	B3	
1677-2865	REVISTA DO INSTITUTO HISTÓRICO E GEOGRÁFICO DE SÃO JOÃO DEL-REI	C	
1981-7347	REVISTA DO INSTITUTO HISTÓRICO E GEOGRÁFICO DE SERGIPE	A4	
2446-4856	REVISTA DO INSTITUTO HISTÓRICO E GEOGRÁFICO DE SERGIPE - RIHGSE  (ONLINE)	A4	
2448-2102	REVISTA DO INSTITUTO HISTÓRICO E GEOGRÁFICO DO MUCURI	B3	
2359-0831	REVISTA DO INSTITUTO HISTÓRICO E GEOGRÁFICO DO PARÁ	A4	
1519-5678	REVISTA DO INSTITUTO HISTÓRICO E GEOGRÁFICO DO RIO DE JANEIRO	B4	
1678-3484	REVISTA DO INSTITUTO HISTÓRICO E GEOGRÁFICO DO RIO GRANDE DO SUL	B2	
0101-4366	REVISTA DO INSTITUTO HISTÓRICO E GEOGRAPHICO BRAZILEIRO	A3	
2236-9155	REVISTA DO ISAT	C	
0104-9178	REVISTA DO MERCOSUL	B3	
1980-8860	REVISTA DO MESTRADO EM DIREITO UCB	A3	
2317-9082	REVISTA DO MESTRADO PROFISSIONAL GESTÃO EM ORGANIZAÇÕES APRENDENTES	B4	
2359-0955	REVISTA DO MINISTÉRIO PÚBLICO DE CONTAS DO ESTADO DO PARANÁ	B1	
1809-5917	REVISTA DO MINISTÉRIO PÚBLICO DO ESTADO DE GOIÁS	B2	
1980-5535	REVISTA DO MINISTÉRIO PÚBLICO DO ESTADO DO PARÁ	B1	
0103-6769	REVISTA DO MINISTERIO PUBLICO MILITAR	B1	
1413-3873	REVISTA DO MINISTÉRIO PÚBLICO (RIO DE JANEIRO)	B2	
0101-6342	REVISTA DO MINISTÉRIO PÚBLICO (RIO GRANDE DO SUL)	A4	
2448-1750	REVISTA DO MUSEU DE ARQUEOLOGIA E ETNOLOGIA	A2	
0103-9709	REVISTA DO MUSEU DE ARQUEOLOGIA E ETNOLOGIA	A2	
2317-1332	REVISTA DO NESEF	B2	
2317-8523	REVISTA DO NÚCLEO DE ESTUDOS DE ECONOMIA CATARINENSE	B2	
2175-2591	REVISTA DO NUFEN	A4	
2594-4746	REVISTA DO PROFESSOR DE FÍSICA (ONLINE)	B1	
2358-4777	REVISTA DO PROGRAMA DE PÓS-GRADUAÇÃO EM DIREITO (ONLINE)	A3	
1983-3873	REVISTA DO SELL	B1	
0034-9240	REVISTA DO SERVIÇO PÚBLICO	A3	
2357-8017	REVISTA DO SERVICO PUBLICO (ONLINE)	A3	
0103-1090	REVISTA DO TRIBUNAL DE CONTAS DA UNIAO	B3	
2594-6501	REVISTA DO TRIBUNAL DE CONTAS DA UNIÃO	B3	
2965-436X	REVISTA DO TRIBUNAL DE CONTAS DO ESTADO DE SANTA CATARINA - RTCE/SC (PRINT)	B4	
0103-9105	REVISTA DO TRIBUNAL DE JUSTICA DO ESTADO DO PARA (1963)	B2	
1984-3658	REVISTA DO TRIBUNAL REGIONAL DO TRABALHO DA DÉCIMA SEGUNDA REGIÃO (IMPRESSO)	B2	
1981-6715	REVISTA DO TRIBUNAL REGIONAL DO TRABALHO DA VIGÉSIMA PRIMEIRA REGIÃO (IMPRESSO)	B4	
2764-9571	REVISTA DO TRIBUNAL REGIONAL DO TRABALHO DA 1ª REGIÃO (ONLINE)	C	
0104-7027	REVISTA DO TRIBUNAL REGIONAL DO TRABALHO DA 10ª REGIÃO	A3	
1679-8694	REVISTA DO TRIBUNAL REGIONAL DO TRABALHO DA 15. REGIÃO	B4	
2764-572X	REVISTA DO TRIBUNAL REGIONAL DO TRABALHO DA 2ª REGIÃO	B4	
0100-1736	REVISTA DO TRIBUNAL REGIONAL DO TRABALHO DA 8A. REGIÃO	B2	
0076-8855	REVISTA DO TRIBUNAL REGIONAL DO TRABALHO 3. REGIAO	B2	
1982-1506	REVISTA DO TRIBUNAL REGIONAL FEDERAL DA TERCEIRA REGIÃO	A3	
2596-2493	REVISTA DO TRIBUNAL REGIONAL FEDERAL DA 1ª REGIÃO (ONLINE)	A4	
0103-703X	REVISTA DO TRIBUNAL REGIONAL FEDERAL 1. REGIAO	A4	
0103-7978	REVISTA DO TRIBUNAL SUPERIOR DO TRABALHO	B1	
2184-206X	REVISTA DOBRA	B4	
2237-5864	REVISTA DOCÊNCIA DO ENSINO SUPERIOR	A3	
2594-9004	REVISTA DOCÊNCIA E CIBERCULTURA	A3	
2763-5163	REVISTA DOCENT DISCUNT	B2	
2526-4923	REVISTA DOCENTES	A3	
2526-2815	REVISTA DOCENTES (IMPRESSO)	B1	
2594-8601	REVISTA DOCOMOMO BRASIL	B2	
1980-1963	REVISTA DOMINICANA DE TEOLOGIA	A4	
2183-928X	REVISTA DOS ENCONTROS INTERNACIONAIS ERGOTRIP DESIGN	B1	
2177-6458	REVISTA DOS ESTUDANTES DE DIREITO DA UNB	B2	
0102-7212	REVISTA DOS TRANSPORTES PÚBLICOS	B2	
1415-6296	REVISTA DOS TRIBUNAIS. CADERNOS DE DIREITO TRIBUTÁRIO E FINANÇAS PÚBLICAS	C	
0034-9275	REVISTA DOS TRIBUNAIS (SÃO PAULO. IMPRESSO)	A2	
2179-9075	REVISTA E	B4	
0120-8160	REVISTA EAN	A4	
2595-5977	REVISTA ECLESIASTICA BRASILEIRA	A2	
1984-6606	REVISTA ECONOMIA & GESTÃO	A4	
2594-598X	REVISTA ECONOMIA POLÍTICA DO DESENVOLVIMENTO	B3	
1390-7921	REVISTA ECONOMÍA Y POLÍTICA	A3	
0100-4956	REVISTA ECONÔMICA DO NORDESTE	A3	
2357-9226	REVISTA ECONÔMICA DO NORDESTE	A3	
2175-8689	REVISTA ECO-PÓS	A2	
1809-3876	REVISTA E-CURRICULUM (PUCSP)	A1	
2176-171X	REVISTA EDAPECI: EDUCAÇÃO A DISTÂNCIA E PRÁTICAS EDUCATIVAS COMUNICACIONAIS E INTERCULTURAIS	A3	
2236-5753	REVISTA EDICIC	A4	
2177-2185	REVISTA EDUCAÇÃO	B2	
2358-4319	REVISTA EDUCAÇÃO & EMANCIPAÇÃO	A3	
2448-3583	REVISTA EDUCAÇÃO & FORMAÇÃO	A1	
2179-6122	REVISTA EDUCAÇÃO & TECNOLOGIA	B2	
1516-280X	REVISTA EDUCAÇÃO & TECNOLOGIA (CURITIBA)	B2	
2237-2334	REVISTA EDUCAÇÃO A DISTÂNCIA	B2	
1984-3178	REVISTA EDUCAÇÃO, ARTES E INCLUSÃO	A4	
2675-8261	REVISTA EDUCAÇÃO BÁSICA EM FOCO	B3	
2764-8265	REVISTA EDUCAÇÃO C&T	B3	
2595-9980	REVISTA EDUCAÇÃO E CIÊNCIAS SOCIAIS	B1	
2237-258X	REVISTA EDUCAÇÃO E FRONTEIRAS ON-LINE	A3	
2675-410X	REVISTA EDUCAÇÃO E HUMANIDADES	A4	
2966-1609	REVISTA EDUCAÇÃO E LEGISLAÇÕES (ONLINE)	C	
2359-277X	REVISTA EDUCAÇÃO E LINGUAGEM	B1	
2238-6084	REVISTA EDUCAÇÃO E LINGUAGENS	A3	
2526-0847	REVISTA EDUCAÇÃO EM DEBATE	A3	
2764-8028	REVISTA EDUCAÇÃO EM PÁGINAS	A4	
1981-1802	REVISTA EDUCAÇÃO EM QUESTÃO (ONLINE)	A1	
2358-9868	REVISTA EDUCAÇÃO EM SAÚDE	B2	
2525-5932	REVISTA EDUCAÇÃO ESPECIAL EM DEBATE	A3	
1984-686X	REVISTA EDUCAÇÃO ESPECIAL (ONLINE)	A1	
1808-270X	REVISTA EDUCAÇÃO ESPECIAL (UFSM)	A1	
2526-6276	REVISTA EDUCAÇÃO GEOGRÁFICA EM FOCO	A4	
2179-7374	REVISTA EDUCAÇÃO GRÁFICA	A3	
1980-6469	REVISTA EDUCAÇÃO (GUARULHOS)	A4	
1983-0173	REVISTA EDUCAÇÃO, MEIO AMBIENTE E SAÚDE	B2	
2675-3294	REVISTA EDUCAÇÃO, PESQUISA E INCLUSÃO	B1	
2594-5343	REVISTA EDUCAÇÃO, PSICOLOGIA E INTERFACES	B1	
2238-2097	REVISTA EDUCAÇÃO PÚBLICA DA UFMT	A2	
1984-6290	REVISTA EDUCAÇÃO PÚBLICA (RIO DE JANEIRO)	B1	
2525-2771	REVISTA EDUCAÇÃO SAÚDE E MEIO AMBIENTE	B4	
2445-4109	REVISTA EDUCACIÓN, POLÍTICA Y SOCIEDAD	A2	
1983-3423	REVISTA EDUCAMAZÔNIA - EDUCAÇÃO SOCIEDADE E MEIO AMBIENTE	A4	
1983-2664	REVISTA EDUCAONLINE	B3	
2237-9185	REVISTA EDUCAR MAIS (ONLINE)	A2	
2527-1083	REVISTA EDUCARE (ONLINE)	B1	
2764-0906	REVISTA EDUCEAD	B2	
2764-9067	REVISTA EDUTEC	B4	
2238-9504	REVISTA EIXO	A4	
2238-5630	REVISTA EIXO	A4	
2316-4417	REVISTA EJA EM DEBATE	A4	
2965-1395	REVISTA EJEF (ONLINE)	B1	
1607-4041	REVISTA ELECTRÓNICA DE INVESTIGACIÓN EDUCATIVA	A1	
1989-2446	REVISTA ELECTRÓNICA DE INVESTIGACIÓN Y DOCENCIA	B1	
1870-8420	REVISTA ELECTRÓNICA DE PSICOLOGÍA IZTACALA	B1	
2595-7899	REVISTA ELETRÔNICA ACERVO CIENTÍFICO	A3	
2674-7189	REVISTA ELETRÔNICA ACERVO ENFERMAGEM	B1	
2764-0485	REVISTA ELETRÔNICA ACERVO MÉDICO	B2	
2674-7200	REVISTA ELETRÔNICA ACERVO ODONTOLÓGICO (ONLINE)	B3	
2178-2091	REVISTA ELETRÔNICA ACERVO SAÚDE	A4	
2675-0937	REVISTA ELETRÔNICA ACTA SAPIENTIA	B4	
1981-4127	REVISTA ELETRÔNICA AMBIENTE: GESTÃO E DESENVOLVIMENTO	A4	
2965-0003	REVISTA ELETRÔNICA AMPLAMENTE (ONLINE)	B3	
2446-7634	REVISTA ELETRÔNICA ARGENTINA-BRASIL DE TECNOLOGIAS DA INFORMAÇÃO E DA COMUNICAÇÃO	B3	
1984-4735	REVISTA ELETRÔNICA ARMA DA CRÍTICA	A4	
2595-5888	REVISTA ELETRÔNICA CASA DE MAKUNAIMA	B3	
2763-9150	REVISTA ELETRÔNICA CIÊNCIA & TECNOLOGIA FUTURA	B3	
2448-0479	REVISTA ELETRÔNICA CIENTÍFICA DA UERGS	B2	
2447-0783	REVISTA ELETRÔNICA CIENTÍFICA ENSINO INTERDISCIPLINAR	A3	
2175-1846	REVISTA ELETRÔNICA CIENTÍFICA INOVAÇÃO E TECNOLOGIA	B3	
2448-0452	REVISTA ELETRÔNICA COMPETÊNCIAS DIGITAIS PARA AGRICULTURA FAMILIAR (RECODAF)	A4	
2177-8256	REVISTA ELETRÔNICA DA ACADEMIA BRASILEIRA DE DIREITO CONSTITUCIONAL	A3	
1679-1061	REVISTA ELETRÔNICA DA ANPHLAC	A4	
1808-2653	REVISTA ELETRÔNICA DA ASSOCIAÇÃO DOS GEÓGRAFOS BRASILEIROS, SEÇÃO TRÊS LAGOAS	A3	
2317-3556	REVISTA ELETRÔNICA DA EJUD DA 17ª REGIÃO	C	
2764-5436	REVISTA ELETRÔNICA DA ESCOLA JUDICIAL DO TRT DA SEXTA REGIÃO	C	
1983-4225	REVISTA ELETRÔNICA DA FACULDADE DE DIREITO DE FRANCA	A4	
2448-3303	REVISTA ELETRÔNICA DA FACULDADE DE DIREITO DE PELOTAS	A4	
1981-0377	REVISTA ELETRÔNICA DA FACULDADE METODISTA GRANBERY	B4	
1980-4164	REVISTA ELETRONICA DE ADMINISTRACAO	A3	
2236-451X	REVISTA ELETRÔNICA DE CIÊNCIA POLÍTICA	B1	
2594-7966	REVISTA ELETRÔNICA DE CIÊNCIAS HUMANAS	B3	
2175-7283	REVISTA ELETRÔNICA DE CIÊNCIAS SOCIAIS	B4	
2675-8830	REVISTA ELETRÔNICA DE COMPUTAÇÃO APLICADA	B3	
1982-7636	REVISTA ELETRÔNICA DE DIREITO PROCESSUAL	A1	
2317-1170	REVISTA ELETRÔNICA DE EDUCAÇÃO DE ALAGOAS - REDUC	B2	
1982-7199	REVISTA ELETRÔNICA DE EDUCAÇÃO (SÃO CARLOS)	A2	
1518-1944	REVISTA ELETRÔNICA DE ENFERMAGEM	B1	
1984-3372	REVISTA ELETRÔNICA DE ESTRATÉGIA & NEGÓCIOS	B1	
2317-563X	REVISTA ELETRÔNICA DE GESTÃO E TECNOLOGIAS AMBIENTAIS	B1	
2763-7674	REVISTA ELETRÔNICA DE GESTÃO PÚBLICA	B4	
1519-8219	REVISTA ELETRÔNICA DE INICIAÇÃO CIENTÍFICA	C	
1984-557X	REVISTA ELETRÔNICA DE POTÊNCIA	B1	
2237-0072	REVISTA ELETRÔNICA DE SISTEMAS DE INFORMAÇÃO E GESTÃO TECNOLÓGICA	B3	
2236-2150	REVISTA ELETRÔNICA DEBATES EM EDUCAÇÃO CIENTÍFICA E TECNOLÓGICA	A4	
2447-1097	REVISTA ELETRÔNICA DIREITO & TI 	A4	
2526-4745	REVISTA ELETRÔNICA DIREITO E CONHECIMENTO	B2	
1980-7791	REVISTA ELETRÔNICA DIREITO E POLÍTICA	A2	
2965-498X	REVISTA ELETRÔNICA DIREITO FADENORTE	B4	
2357-8513	REVISTA ELETRÔNICA DO ARQUIVO PÚBLICO DA CIDADE DE BELO HORIZONTE	B3	
2357-9080	REVISTA ELETRÔNICA DO CURSO DE CIÊNCIAS CONTÁBEIS	B2	
1981-3694	REVISTA ELETRÔNICA DO CURSO DE DIREITO DA UFSM	A2	
2446-9513	REVISTA ELETRÔNICA DO DEPARTAMENTO DE CIÊNCIAS CONTÁBEIS & DEPARTAMENTO DE ATUÁRIA E MÉTODOS QUANTITATIVOS	B3	
1678-3182	REVISTA ELETRÔNICA DO INSTITUTO DE HUMANIDADES	B2	
1517-1256	REVISTA ELETRÔNICA DO MESTRADO EM EDUCAÇÃO AMBIENTAL	A3	
2764-4057	REVISTA ELETRÔNICA DO MINISTÉRIO PÚBLICO DO ESTADO DO PIAUÍ (ONLINE)	C	
1808-6233	REVISTA ELETRÔNICA DO OBSERVATÓRIO QUILOMBOLA - REVISTA OQ	B2	
2675-1003	REVISTA ELETRÔNICA DO PROGRAMA DE EDUCAÇÃO TUTORIAL DE TRÊS LAGOAS-MS	B2	
2238-6114	REVISTA ELETRÔNICA DO TRIBUNAL REGIONAL DO TRABALHO DO PARANÁ	B4	
2178-5651	REVISTA ELETRONICA DO TRIBUNAL REGIONAL DO TRABALHO 1A. REGIÃO	B4	
2176-5804	REVISTA ELETRÔNICA DOCUMENTO/MONUMENTO	B4	
2965-6842	REVISTA ELETRÔNICA DOS SEMINÁRIOS REGIONAIS DO TRIBUNAL REGIONAL DO TRABALHO DA 1ª REGIÃO (ONLINE)	C	
2236-1170	REVISTA ELETRÔNICA EM GESTÃO, EDUCAÇÃO E TECNOLOGIA AMBIENTAL REGET-CT/UFSM	B2	
2603-607X	REVISTA ELETRÓNICA ENTREVISTA ACADÉMICA	B4	
1982-4785	REVISTA ELETRÔNICA GESTÃO E SAÚDE	B4	
2177-7284	REVISTA ELETRÔNICA GESTÃO E SERVIÇOS	B3	
1981-2434	REVISTA ELETRÔNICA HISTÓRIA EM REFLEXÃO (UFGD)	A2	
2594-7664	REVISTA ELETRÔNICA INTERAÇÕES SOCIAIS	A4	
2966-327X	REVISTA ELETRÔNICA KUAB (ONLINE)	C	
2965-9566	REVISTA ELETRÔNICA LEOPOLDIANUM (ONLINE)	A4	
2527-2624	REVISTA ELETRÔNICA LUDUS SCIENTIAE	A3	
2316-2317	REVISTA ELETRÔNICA MULTIDISCIPLINAR FACEAR	B3	
2178-7018	REVISTA ELETRÔNICA MUTAÇÕES	B2	
2526-1223	REVISTA ELETRÔNICA OAB/RJ	C	
2316-9664	REVISTA ELETRÔNICA PAULISTA DE MATEMÁTICA	B4	
1808-9305	REVISTA ELETRÔNICA POLIDISCIPLINAR VÔOS	B2	
2359-6074	REVISTA ELETRÔNICA SABERES MÚLTIPLOS	B2	
2316-7297	REVISTA ELETRÔNICA SALA DE AULA EM FOCO	B1	
2238-4111	REVISTA ELETRÔNICA SAÚDE E CIÊNCIA	C	
2238-1910	REVISTA ELETRÔNICA SCIENTIA AMAZÔNIA	B3	
2318-6062	REVISTA ELETRÔNICA VENTILANDO ACERVOS	B2	
2675-5718	REVISTA ELITE	B3	
2317-5451	REVISTA ELO - DIÁLOGOS EM EXTENSÃO	B2	
2176-6673	REVISTA EM ABERTO - INEP	A2	
1981-9951	REVISTA EM AGRONEGÓCIO E MEIO AMBIENTE	B4	
2176-9168	REVISTA EM AGRONEGÓCIOS E MEIO AMBIENTE	B4	
1982-7687	REVISTA EM EXTENSÃO (ONLINE)	B2	
2238-3786	REVISTA EM PAUTA: TEORIA SOCIAL E REALIDADE CONTEMPORÂNEA	A1	
1414-8609	REVISTA EM PAUTA: TEORIA SOCIAL E REALIDADE CONTEMPORÂNEA	A1	
1984-7858	REVISTA EM TEMPO (ONLINE)	A2	
2359-6082	REVISTA EMREDE - REVISTA DE EDUCAÇÃO À DISTÂNCIA	A3	
2675-1291	REVISTA ENCANTAR	A4	
1809-0583	REVISTA ENCICLOPÉDIA BIOSFERA	B1	
3085-6744	REVISTA ENERGIA NA AMAZÔNIA (ONLINE)	C	
2317-3378	REVISTA ENFERMAGEM CONTEMPORÂNEA	B1	
2446-5682	REVISTA ENFERMAGEM DIGITAL CUIDADO E PROMOÇÃO DA SAÚDE	B2	
1984-7602	REVISTA ENFERMAGEM INTEGRADA	B4	
2764-6149	REVISTA ENFERMAGEM UERJ	A4	
0104-3552	REVISTA ENFERMAGEM UERJ	A4	
1809-4430	REVISTA ENGENHARIA AGRÍCOLA (ON-LINE)	A3	
2595-5616	REVISTA ENGENHARIA, MEIO AMBIENTE E INOVAÇÃO	B3	
2316-2341	REVISTA ENIAC PESQUISA	B1	
2316-8544	REVISTA ENSAIOS DE GEOGRAFIA	A2	
2595-3443	REVISTA ENSAIOS PIONEIROS	B3	
2594-8806	REVISTA ENSINO DE CIÊNCIAS E HUMANIDADES	A4	
2179-4510	REVISTA ENSINO DE GEOGRAFIA	B2	
2594-9616	REVISTA ENSINO DE GEOGRAFIA (RECIFE)	A3	
2965-6753	REVISTA ENSINO EM DEBATE (REDE) (ONLINE)	B1	
2238-4502	REVISTA (ENTRE PARÊNTESES)	B2	
2317-1219	REVISTA ENTREIDEIAS: EDUCAÇÃO, CULTURA E SOCIEDADE	A2	
2317-0956	REVISTA ENTREIDEIAS: EDUCAÇÃO, CULTURA E SOCIEDADE (IMPRESSA)	A2	
2179-3948	REVISTA ENTRELETRAS (ARAGUAÍNA: UFT)	A3	
2447-3529	REVISTA ENTRELÍNGUAS	A2	
2176-9559	REVISTA ENTRE-LUGAR	A2	
2595-3753	REVISTA ENTRERIOS	A4	
2527-080X	REVISTA ÉPICAS	B3	
2526-7655	REVISTA EPISTEMOLOGIAS DO SUL	A3	
2317-3491	REVISTA EQUADOR (UFPI)	A2	
2446-5674	REVISTA EQUATORIAL - REVISTA DOS ALUNOS DO PROGRAMA DE PÓS-GRADUAÇÃO EM ANTROPOLOGIA SOCIAL	A4	
1984-5618	REVISTA ERGA OMNES	B4	
2764-0256	REVISTA ERGAOMNES	B4	
1516-8514	REVISTA ESCOLA DA MAGISTRATURA DO DISTRITO FEDERAL	C	
2764-1902	REVISTA ESCOLA DETRANRS	B3	
2359-0238	REVISTA ESCRITA DA HISTÓRIA	A4	
2177-6288	REVISTA E-SCRITA: REVISTA DO CURSO DE LETRAS DA UNIABEU	B1	
2177-0360	REVISTA ESMAT	B2	
2447-9896	REVISTA ESMAT (ON LINE)	B2	
2236-5656	REVISTA ESPAÇO & GEOGRAFIA	A3	
1519-6186	REVISTA ESPAÇO ACADÊMICO (UEM)	B1	
2763-5627	REVISTA ESPAÇO CRÍTICO	A4	
1983-1579	REVISTA ESPAÇO DO CURRÍCULO (ONLINE)	A3	
2179-7943	REVISTA ESPAÇO JURÍDICO	A2	
2316-3011	REVISTA ESPAÇO LIVRE	B2	
2238-0302	REVISTA ESPAÇO PEDAGÓGICO	A3	
2595-5535	REVISTA ESPAÇO PÚBLICO	B1	
2660-8529	REVISTA ESPANHOLA DE EDUCAÇÃO MÉDICA	B1	
2173-1292	REVISTA ESPANOLA DE NUTRICION	B3	
0034-9356	REVISTA ESPAÑOLA DE ANESTESIOLOGÍA Y REANIMACIÓN	B1	
0556-6533	REVISTA ESPAÑOLA DE ANTROPOLOGÍA AMERICANA	A4	
1989-9882	REVISTA ESPAÑOLA DE COMUNICACIÓN EN SALUD	B2	
1137-8654	REVISTA ESPAÑOLA DE EDUCACIÓN COMPARADA	A1	
2174-5382	REVISTA ESPAÑOLA DE EDUCACIÓN COMPARADA.(ONLINE)	A1	
1130-0108	REVISTA ESPAÑOLA DE ENFERMEDADES DIGESTIVAS	A4	
2173-9110	REVISTA ESPAÑOLA DE SALUD PÚBLICA	A3	
2317-0611	REVISTA ESPINHAÇO	B1	
2594-9721	REVISTA ESPIRALES (FOZ DO IGUAÇU)	A3	
2238-362X	REVISTA ESTÉTICA E SEMIÓTICA	B1	
1019-4355	REVISTA ESTOMATOLÓGICA HEREDIANA	B3	
2526-9526	REVISTA ESTRATÉGIA E DESENVOLVIMENTO	B4	
1647-7316	REVISTA :ESTÚDIO, ARTISTAS SOBRE OUTRAS OBRAS	A2	
0719-6296	REVISTA ESTUDIOS DE POLÍTICAS PÚBLICAS	B2	
2735-6299	REVISTA ESTUDIOS DE TRANSPORTE (EDTR)	B3	
0104-7132	REVISTA ESTUDO & DEBATE (UNIVATES)	B2	
2525-703X	REVISTA ESTUDOS APLICADOS EM EDUCAÇÃO	A4	
2446-7693	REVISTA ESTUDOS CULTURAIS	A3	
2965-7334	REVISTA ESTUDOS DA CONDIÇÃO HUMANA (ONLINE)	B4	
2763-5759	REVISTA ESTUDOS DE FILOSOFIA E ENSINO	B2	
2595-9018	REVISTA ESTUDOS DE PLANEJAMENTO	B3	
2316-4743	REVISTA ESTUDOS DE POLÍTICA	B4	
2763-5546	REVISTA ESTUDOS DO SUL GLOBAL (RESG)	A3	
2676-0460	REVISTA ESTUDOS E NEGÓCIOS ACADEMICS	B3	
2594-7559	REVISTA ESTUDOS E PESQUISAS EM ADMINISTRAÇÃO	B2	
2764-085X	REVISTA ESTUDOS EM CIÊNCIAS SOCIAIS	C	
2447-5467	REVISTA ESTUDOS INSTITUCIONAIS	A2	
2177-5788	REVISTA ESTUDOS UNIVERSITÁRIOS	B1	
2764-4596	REVISTA ETHIKAI	B4	
1665-2703	REVISTA ETNOBIOLOGÍA	B1	
2448-8151	REVISTA ETNOBIOLOGÍA	B1	
1981-2116	REVISTA EU COMUNICO	B2	
2387-1555	REVISTA EUROAMERICANA DE ANTROPOLOGIA	B1	
2236-3165	REVISTA EVENTOS PEDAGÓGICOS	A4	
2318-1001	REVISTA EVIDENCIAÇÃO CONTÁBIL & FINANÇAS	A4	
2237-9460	REVISTA EXITUS.	A1	
1982-3029	REVISTA EXPECTATIVA	B2	
2763-8294	REVISTA EXPERIMENTA/O	C	
2357-8483	REVISTA EXPRESSÃO CATÓLICA (ONLINE)	B1	
2526-964X	REVISTA EXPRESSÃO CATÓLICA SAÚDE	B3	
2238-8710	REVISTA EXPRESSÃO: CULTURA UNIBRASIL	B1	
2796-9053	REVISTA EXT (ONLINE)	B3	
2318-2350	REVISTA EXTENDERE	A2	
2596-2019	REVISTA EXTENSÃO	A4	
2319-0566	REVISTA EXTENSÃO & CIDADANIA	A4	
2764-5878	REVISTA EXTENSÃO E CULTURA DA UFRB	B4	
2236-6784	REVISTA EXTENSÃO E CULTURA DA UFRB	B4	
2236-5842	REVISTA EXTENSÃO EM DEBATE	B1	
2317-9791	REVISTA EXTENSÃO EM FOCO	B2	
2236-3467	REVISTA EXTRAPRENSA	A2	
1984-9133	REVISTA FACEVV	B4	
2238-8524	REVISTA FACISA ON-LINE	B1	
2526-2629	REVISTA FACTHUS DE ADMINISTRAÇÃO E GESTÃO	B4	
0121-6805	REVISTA FACULTAD DE CIENCIAS ECONÓMICAS: INVESTIGACIÓN Y REFLEXIÓN	A4	
0120-6230	REVISTA FACULTAD DE INGENIERÍA UNIVERSIDAD DE ANTIOQUIA	B1	
2178-7476	REVISTA FAED - UNEMAT	A3	
0104-7043	REVISTA FAEEBA	A1	
1980-3729	REVISTA FAMECOS (ONLINE)	A1	
2318-8413	REVISTA FAMÍLIA, CICLOS DE VIDA E SAÚDE NO CONTEXTO SOCIAL	B1	
2448-4458	REVISTA FATEC GUARULHOS	C	
2358-9817	REVISTA FATEC SEBRAE EM DEBATE: GESTÃO, TECNOLOGIAS E NEGÓCIOS	B3	
1983-148X	REVISTA FAZ CIÊNCIA (ONLINE)	B2	
2317-2932	REVISTA FEMINISMOS	A2	
2215-6070	REVISTA FIDÉLITAS (ONLINE)	B3	
2177-1383	REVISTA FIDES	A4	
2176-9419	REVISTA FILOLOGIA E LINGUÍSTICA PORTUGUESA (VERSÃO ELETRÔNICA)	A2	
1982-6613	REVISTA FILOSOFIA CAPITAL	B2	
2675-3812	REVISTA FIM DO MUNDO	B2	
2966-0130	REVISTA FIOS DE LETRAS (ONLINE)	B4	
2763-7069	REVISTA FIPECAFI DE CONTABILIDADE, CONTROLADORIA E FINANÇAS	B3	
1678-0817	REVISTA FISIO&TERAPIA	C	
1809-2950	REVISTA FISIOTERAPIA E PESQUISA	B1	
1808-9569	REVISTA FITOS (IMPRESSO)	C	
2446-4775	REVISTA FITOS (ONLINE)	B1	
2359-4829	REVISTA FLAMMAE	B3	
2763-8472	REVISTA FLUMINENSE DE EDUCAÇÃO FÍSICA	B2	
1413-2966	REVISTA FLUMINENSE DE ODONTOLOGIA	B3	
2236-5109	REVISTA FOCANDO A EXTENSÃO	B4	
2966-120X	REVISTA FOCANDO A EXTENSÃO (ONLINE)	B3	
2447-0120	REVISTA FOLHA DE ROSTO	A3	
2595-9778	REVISTA FONTES DOCUMENTAIS	A3	
0102-8413	REVISTA FORENSE (IMPRESSO)	B1	
2215-2504	REVISTA FORESTAL MESOAMERICANA KURU	B3	
2184-8513	REVISTA FORGES	B1	
2237-0587	REVISTA FORMAÇÃO@DOCENTE	A4	
1806-5457	REVISTA FORMADORES (ONLINE)	B3	
2446-6867	REVISTA FÓRUM	B4	
2319-0795	REVISTA FÓRUM DE CIÊNCIAS CRIMINAIS	B2	
2238-9695	REVISTA FÓRUM DE DIREITO CIVIL - RFDC	B4	
1982-3916	REVISTA FÓRUM IDENTIDADES	A4	
1984-8226	REVISTA FRONTEIRAS (ONLINE)	A2	
2317-2983	REVISTA FSA (FACULDADE SANTO AGOSTINHO) (ONLINE)	B2	
1806-6356	REVISTA FSA: PERIÓDICO CIENTÍFICO DA FACULDADE SANTO AGOSTINHO (PRINT)	B2	
2965-2138	REVISTA FUNDAÇÃO (ONLINE)	B4	
2545-6318	REVISTA FUNDAMENTOS (ONLINE)	C	
1809-2586	REVISTA GARRAFA (PPGL/UFRJ)	B2	
0102-6933	REVISTA GAÚCHA DE ENFERMAGEM	A3	
1983-1447	REVISTA GAÚCHA DE ENFERMAGEM (ONLINE)	A3	
2675-5041	REVISTA GEADEL	B1	
2447-0740	REVISTA GEAMA (ONLINE)	B1	
2357-9854	REVISTA GEARTE	A1	
1982-3266	REVISTA GEDECON	B3	
2237-0722	REVISTA GEINTEC: GESTÃO, INOVAÇÃO E TECNOLOGIAS	B1	
2179-1465	REVISTA GEMINIS	A3	
1886-6212	REVISTA GENERAL DE DERECHO CONSTITUCIONAL (INTERNET)	A3	
1988-5091	REVISTA GENERAL DE DERECHO PÚBLICO COMPARADO	A3	
1132-1873	REVISTA GENERAL DE INFORMACIÓN Y DOCUMENTACIÓN	A2	
2316-1108	REVISTA GÊNERO	A2	
2675-7451	REVISTA GÊNERO E INTERDISCIPLINARIDADE	A3	
2358-1778	REVISTA GEOAMAZÔNIA	A3	
2236-9716	REVISTA GEOARAGUAIA	A3	
2763-8030	REVISTA GEOCONEXÕES ONLINE	B1	
1981-089X	REVISTA GEOGRAFAR (UFPR)	A4	
2175-3709	REVISTA GEOGRAFARES	A2	
2594-9632	REVISTA GEOGRAFIA, LITERATURA E ARTE	A3	
1678-7226	REVISTA GEOGRÁFICA ACADÊMICA	A1	
1011-484X	REVISTA GEOGRAFICA DE AMERICA CENTRAL (IMPRESSO)	A4	
2215-2563	REVISTA GEOGRAFICA DE AMERICA CENTRAL (ONLINE)	A4	
1012-1617	REVISTA GEOGRÁFICA VENEZOLANA	B2	
2238-0205	REVISTA GEOGRAFICIDADE - UNIVERSIDADE FEDERAL FLUMINENSE	A2	
2526-3889	REVISTA GEOINTERAÇÕES	A3	
2595-0797	REVISTA GEOMETRIA GRÁFICA	B2	
2318-2695	REVISTA GEONORDESTE	A2	
1517-4999	REVISTA GEOPANTANAL	B1	
2446-8681	REVISTA GEOPANTANAL	B1	
2527-2349	REVISTA GEOPOLÍTICA TRANSFRONTEIRIÇA	A4	
2525-5703	REVISTA GEOSERTÕES	A4	
2236-255X	REVISTA GEOTEMAS	A2	
2317-028X	REVISTA GEOUECE	A3	
2447-3545	REVISTA GEPESVIDA	A4	
2500-6177	REVISTA GERENCIA Y POLÍTICAS DE SALUD (RGPS)	B2	
2237-1095	REVISTA GESTÃO & POLÍTICAS PÚBLICAS	B2	
2596-142X	REVISTA GESTÃO & SUSTENTABILIDADE	B3	
2238-8753	REVISTA GESTÃO & SUSTENTABILIDADE AMBIENTAL	B1	
2177-6652	REVISTA GESTÃO & TECNOLOGIA	A4	
2526-8384	REVISTA GESTÃO DO CONHECIMENTO E TECNOLOGIA DA INFORMAÇÃO	B3	
1677-9762	REVISTA GESTÃO E CONHECIMENTO	C	
2965-8977	REVISTA GESTÃO E CONHECIMENTO CONTEMPORÂNEO – REGECO (ONLINE)	B4	
1807-5436	REVISTA GESTÃO E DESENVOLVIMENTO	B1	
2965-2189	REVISTA GESTÃO E DESENVOLVIMENTO DO CENTRO-OESTE	B4	
2526-2289	REVISTA GESTÃO E ORGANIZAÇÕES (REGOR)	B3	
1984-7297	REVISTA GESTÃO EM ANÁLISE	B2	
2359-618X	REVISTA GESTÃO EM ANÁLISE (REGEA)	B2	
2594-7052	REVISTA GESTÃO EMPRESARIAL - RGE	B4	
1808-0448	REVISTA GESTÃO INDUSTRIAL (ONLINE)	B3	
2177-1243	REVISTA GESTÃO PÚBLICA: PRÁTICAS E DESAFIOS.	B4	
2318-4981	REVISTA GESTÃO, SUSTENTABILIDADE E NEGÓCIOS	B4	
1983-4535	REVISTA GESTÃO UNIVERSITÁRIA NA AMÉRICA LATINA - GUAL	B1	
2358-0216	REVISTA GESTO	B3	
2238-4405	REVISTA GETEC	B2	
2595-6663	REVISTA GETS	B1	
2965-081X	REVISTA GOITACÁ	C	
2764-4650	REVISTA GRADUAÇÃO EM MOVIMENTO - CIÊNCIAS DA SAÚDE (ONLINE)	B4	
2175-0157	REVISTA GRIFOS	A3	
2316-2007	REVISTA GUARÁ	A1	
2675-9802	REVISTA GUARIMÃ	A2	
1809-7065	REVISTA HABITUS (IFSC-UFRJ)	B3	
1983-5485	REVISTA HCPA (ONLINE)	B4	
2674-7502	REVISTA HETEROTÓPICA	A4	
2446-7154	REVISTA HIPÓTESE	B2	
1676-2584	REVISTA HISTEDBR ON-LINE	A3	
1808-091X	REVISTA HISTÓRIA & LUTA DE CLASSES	B4	
2254-8726	REVISTA HISTORIA AUTÓNOMA (ONLINE)	A3	
2178-1044	REVISTA HISTÓRIA EM CURSO	B2	
1806-3993	REVISTA HISTÓRIA HOJE	A1	
2176-1116	REVISTA HISTORIADOR	A3	
2176-3267	REVISTA HISTORIAR - REVISTA ELETRÔNICA DO CURSO DE HISTÓRIA UNIVERSIDADE ESTADUAL VALE DO ACARAÚ	B1	
2965-7040	REVISTA HISTÓRIAS PÚBLICAS (ONLINE)	B3	
2316-4808	REVISTA HOMINUM	B3	
2317-109X	REVISTA HORIZONTES	A3	
2179-9164	REVISTA HOSPITALIDADE	B1	
1807-975X	REVISTA HOSPITALIDADE	B1	
2595-3699	REVISTA H-TEC HUMANIDADES E TECNOLOGIA	A4	
2675-3901	REVISTA HUMANA RES	B3	
1517-7602	REVISTA HUMANAE (RECIFE)	B1	
2675-0805	REVISTA HUMANIDADES E EDUCAÇÃO	B2	
1982-7547	REVISTA HUMANIDADES EM DIÁLOGO	B4	
2674-8428	REVISTA HUMANIDADES EM PERSPECTIVAS	A3	
2318-7662	REVISTA HUMANITARIS	B1	
2236-4358	REVISTA HÚMUS	B1	
2184-562X	REVISTA H2D - HUMANIDADES DIGITAIS	A3	
2594-973X	REVISTA ÎANDÉ: CIÊNCIAS E HUMANIDADES	B3	
2358-1670	REVISTA IBDFAM	B1	
2176-0756	REVISTA IBERO AMERICANA DE ESTRATÉGIA	A4	
2075-9711	REVISTA IBEROAMÉRICA	B1	
1135-3848	REVISTA IBEROAMERICA DE DIAGNÓSTICO Y EVALUACIÓN PSICOLÓGICA	A1	
2529-9573	REVISTA IBEROAMERICANA DE BIOÉTICA	A3	
1983-5213	REVISTA IBERO-AMERICANA DE CIÊNCIA DA INFORMAÇÃO	A2	
1850-0013	REVISTA IBEROAMERICANA DE CIENCIA TECNOLOGÍA Y SOCIEDAD (EN LÍNEA)	A2	
2179-6858	REVISTA IBERO-AMERICANA DE CIÊNCIAS AMBIENTAIS	C	
2675-2093	REVISTA IBERO-AMERICANA DE CRIATIVIDADE E INOVAÇÃO	A4	
2422-7862	REVISTA IBEROAMERICANA DE DERECHO AGRARIO	B2	
2953-3554	REVISTA IBEROAMERICANA DE DERECHO, CULTURA Y AMBIENTE - RIDCA	B2	
2385-4650	REVISTA IBEROAMERICANA DE ECONOMÍA ECOLÓGICA	B2	
1138-2783	REVISTA IBEROAMERICANA DE EDUCACIÓN A DISTANCIA	A1	
2174-6915	REVISTA IBEROAMERICANA DE EDUCACIÓN E INVESTIGACIÓN EN ENFERMERÍA	B4	
1022-6508	REVISTA IBEROAMERICANA DE EDUCACIÓN (IMPRESA)	A1	
1681-5653	REVISTA IBEROAMERICANA DE EDUCACIÓN (ONLINE)	A1	
2007-2872	REVISTA IBEROAMERICANA DE EDUCACIÓN SUPERIOR (RIES)	A1	
0719-1790	REVISTA IBEROAMERICANA DE ESTUDIOS MUNICIPALES	A4	
2446-8606	REVISTA IBERO-AMERICANA DE ESTUDOS EM EDUCAÇÃO	A1	
1982-5587	REVISTA IBERO-AMERICANA DE ESTUDOS EM EDUCAÇÃO	A1	
2675-3375	REVISTA IBERO-AMERICANA DE HUMANIDADES, CIÊNCIAS E EDUCAÇÃO	A3	
1130-1406	REVISTA IBEROAMERICANA DE MICOLOGÍA	B2	
1988-4206	REVISTA IBEROAMERICANA DE POLÍMEROS (INTERNET)	B2	
2027-1786	REVISTA IBEROAMERICANA DE PSICOLOGÍA: CIENCIA Y TECNOLOGIA	A4	
1886-8576	REVISTA IBEROAMERICANA DE PSICOLOGÍA DEL EJERCICIO Y EL DEPORTE	B2	
2183-6663	REVISTA IBERO-AMERICANA DE SAÚDE E ENVELHECIMENTO	B3	
2966-4543	REVISTA IBERO-AMERICANA DE SAÚDE INTEGRATIVA (ONLINE)	C	
1850-9959	REVISTA IBEROAMERICANA DE TECNOLOGIA EN EDUCACIÓN Y EDUCACIÓN EN TECNOLOGÍA (EN LÍNEA)	A1	
1665-0204	REVISTA IBEROAMERICANA DE TECNOLOGIA POSTCOSECHA	B3	
2236-6040	REVISTA IBEROAMERICANA DE TURISMO	B1	
1983-4195	REVISTA IBRACON DE ESTRUTURAS E MATERIAIS	A3	
1405-1931	REVISTA ICHAN TECOLOTL	B2	
2359-6384	REVISTA IDEAÇÃO	A2	
1982-3010	REVISTA IDEAÇÃO	A2	
1984-9834	REVISTA IDEAS (ONLINE)	B1	
1548-0992	REVISTA IEEE AMÉRICA LATINA	B1	
2359-4799	REVISTA IFES CIÊNCIA	B2	
2835-687X	REVISTA IGAL IUSGÉNERO AMERICA LATINA	B2	
2966-1196	REVISTA ILUMINUS (ONLINE)	C	
2675-908X	REVISTA ILUSTRAÇÃO	A4	
2763-9770	REVISTA IMAGEM BRASILEIRA	A4	
2237-6933	REVISTA IMAGINÁRIO	B1	
2965-7164	REVISTA IMPACTO (PRINT)	C	
2764-4537	REVISTA INCLUSÃO & SOCIEDADE	B3	
0719-4706	REVISTA INCLUSIONES - REVISTA DE HUMANIDADES Y CIENCIAS SOCIALES	A1	
2182-7486	REVISTA INCOMUNIDADE	B4	
2764-0604	REVISTA INDAGAÇÕES EM EDUCAÇÃO	B3	
2525-3263	REVISTA INDISCIPLINAR	B2	
2525-3204	REVISTA INFINITY	B2	
2674-6549	REVISTA INFORMAÇÃO EM CULTURA	B2	
2447-0198	REVISTA INFORMAÇÃO NA SOCIEDADE CONTEMPORÂNEA	A4	
2594-8288	REVISTA INGI	A4	
2359-2265	REVISTA ININGA	B4	
2248-6968	REVISTA INNOVAR JOURNAL.	A3	
2447-598X	REVISTA INOVA CIÊNCIA & TECNOLOGIA / INNOVATIVE SCIENCE & TECHNOLOGY JOURNAL	B4	
2318-9851	REVISTA INOVAÇÃO, PROJETOS E TECNOLOGIAS	B1	
2674-8185	REVISTA INOVAÇÃO SOCIAL	B3	
2595-4520	REVISTA INSIGNARE SCIENTIA	A2	
2966-2540	REVISTA INSIGNE DE HUMANIDADES (ONLINE)	C	
2175-537X	REVISTA INSPIRAR	B3	
2674-8819	REVISTA INSTANTE	A4	
1853-5828	REVISTA INSTITUCIONAL DE LA DEFENSA PÚBLICA DE LA CIUDAD AUTONOMA DE BUENOS AIRES	B2	
1982-9280	REVISTA INTEGRALIZAÇÃO UNIVERSITÁRIA	B4	
2236-210X	REVISTA INTELIGÊNCIA COMPETITIVA	B1	
2763-9827	REVISTA INTELIGÊNCIA EMPRESARIAL	B3	
2526-9550	REVISTA INTERAÇÃO INTERDISCIPLINAR	A4	
1809-5771	REVISTA INTERAGIR	B3	
0718-235X	REVISTA INTERAMERICANA DE AMBIENTE Y TURISMO (EN LINEA)	A3	
0120-0976	REVISTA INTERAMERICANA DE BIBLIOTECOLOGIA	A1	
2538-9866	REVISTA INTERAMERICANA DE BIBLIOTECOLOGIA (ONLINE)	A1	
2329-4795	REVISTA INTERAMERICANA DE PSICOLOGIA	A2	
2596-0202	REVISTA INTERCIÊNCIA	B4	
2237-3373	REVISTA INTERCONTINENTAL DE GESTÃO DESPORTIVA	B3	
1983-9413	REVISTA INTERDISCIPLINAR	B2	
2448-0665	REVISTA INTERDISCIPLINAR ANIMUS	B1	
2526-3951	REVISTA INTERDISCIPLINAR CIÊNCIAS MÉDICAS	B3	
2237-9843	REVISTA INTERDISCIPLINAR DA MOBILIDADE HUMANA	A1	
2525-3824	REVISTA INTERDISCIPLINAR DE CIÊNCIA APLICADA	B4	
1518-8167	REVISTA INTERDISCIPLINAR DE DIREITO	A4	
2447-4290	REVISTA INTERDISCIPLINAR DE DIREITO DA FACULDADE DE DIREITO DE VALENÇA (ONLINE)	A4	
2357-7738	REVISTA INTERDISCIPLINAR DE DIREITOS HUMANOS	A2	
2318-9568	REVISTA INTERDISCIPLINAR DE DIREITOS HUMANOS	A2	
2358-6036	REVISTA INTERDISCIPLINAR DE ENSINO, PESQUISA E EXTENSÃO	B2	
2965-3479	REVISTA INTERDISCIPLINAR DE ENSINO, PESQUISA E EXTENSÃO (ONLINE)	B2	
2238-832X	REVISTA INTERDISCIPLINAR DE ESTUDOS EM SAÚDE	B2	
2317-2428	REVISTA INTERDISCIPLINAR DE GESTÃO SOCIAL	B2	
9788-5232	REVISTA INTERDISCIPLINAR DE LITERATURA E ECOCRÍTICA	B1	
2447-6102	REVISTA INTERDISCIPLINAR DE PESQUISA EM ENGENHARIA	B4	
2675-6552	REVISTA INTERDISCIPLINAR DE PESQUISAS APLICADAS	B3	
2595-3664	REVISTA INTERDISCIPLINAR DE PROMOÇÃO DA SAÚDE	B3	
2675-4827	REVISTA INTERDISCIPLINAR DE SAÚDE E EDUCAÇÃO	B4	
2446-6778	REVISTA INTERDISCIPLINAR DO PENSAMENTO CIENTÍFICO	A4	
2674-693X	REVISTA INTERDISCIPLINAR E DO MEIO AMBIENTE (RIMA)	B3	
2594-7877	REVISTA INTERDISCIPLINAR EM CIÊNCIAS DA SAÚDE E BIOLÓGICAS	A4	
2447-6498	REVISTA INTERDISCIPLINAR EM CULTURA E SOCIEDADE	B1	
2676-0355	REVISTA INTERDISCIPLINAR EM EDUCAÇÃO E TERRITORIALIDADE - RIET	B1	
2764-2534	REVISTA INTERDISCIPLINAR EM ENSINO DE CIÊNCIAS E MATEMÁTICA (RIECIM)	B2	
2674-6344	REVISTA INTERDISCIPLINAR EM ESTUDOS DE LINGUAGEM	A4	
2358-7490	REVISTA INTERDISCIPLINAR EM SAÚDE	B4	
2595-0959	REVISTA INTERDISCIPLINAR ENCONTRO DAS CIÊNCIAS - RIEC	A4	
2358-0437	REVISTA INTERDISCIPLINAR INTERNACIONAL DE ARTES VISUAIS - ART&SENSORIUM	A3	
2317-5079	REVISTA INTERDISCIPLINAR (ONLINE)	B2	
2676-0169	REVISTA INTERDISCIPLINAR SISTEMAS DE JUSTIÇA E SOCIEDADE	B1	
2764-2542	REVISTA INTERDISCIPLINAR SOBRE ARTE SEQUENCIAL, MÍDIAS E CULTURA POP	A4	
2595-8569	REVISTA INTERDISCIPLINAR SULEAR	A4	
1853-1679	REVISTA INTERDISCIPLINARIA DE ESTUDIOS SOCIALES	B1	
1984-4387	REVISTA INTERESSE PÚBLICO	B1	
2448-2064	REVISTA INTERFACE	A4	
2176-5227	REVISTA INTERFACES	B2	
2317-434X	REVISTA INTERFACES - SAÚDE, HUMANAS E TECNOLOGIA	B4	
2316-333X	REVISTA INTERFACES CIENTÍFICA - EDUCAÇÃO	A3	
2316-3348	REVISTA INTERFACES CIENTÍFICAS - HUMANAS E SOCIAIS	A2	
2965-3606	REVISTA INTERFACES (ONLINE)	B4	
2179-0027	REVISTA INTERFACES (UNICENTRO)	A3	
2359-6856	REVISTA INTERINSTITUCIONAL ARTES DE EDUCAR	A3	
2526-3544	REVISTA INTERINSTITUCIONAL BRASILEIRA DE TERAPIA OCUPACIONAL	B2	
2183-6396	REVISTA INTERNACIONAL CONSINTER DE DIREITO	A3	
2183-9522	REVISTA INTERNACIONAL CONSINTER DE DIREITO (ONLINE)	A3	
2965-5110	REVISTA INTERNACIONAL DE ANÁLISE COGNITIVA - RIANCO (ONLINE)	B3	
2387-0907	REVISTA INTERNACIONAL DE APOYO A LA INCLUSIÓN, LOGOPEDIA, SOCIEDAD Y MULTICULTURALIDAD	A4	
2316-7041	REVISTA INTERNACIONAL DE CIÊNCIAS	B2	
2382-5014	REVISTA INTERNACIONAL DE COOPERACIÓN Y DESARROLLO	B1	
2446-9823	REVISTA INTERNACIONAL DE DIREITO PÚBLICO	B4	
2595-6329	REVISTA INTERNACIONAL DE EDUCAÇÃO DE JOVENS E ADULTOS	B1	
2594-7907	REVISTA INTERNACIONAL DE EDUCAÇÃO E SAÚDE	B4	
2446-9424	REVISTA INTERNACIONAL DE EDUCAÇÃO SUPERIOR	A2	
2763-616X	REVISTA INTERNACIONAL DE EXTENSÃO DA UNICAMP / INTERNATIONAL JOURNAL OF OUTREACH AND COMMUNITY ENGAGEMENT	B2	
1807-4960	REVISTA INTERNACIONAL DE FOLKCOMUNICAÇÃO	A4	
2447-8288	REVISTA INTERNACIONAL DE FORMAÇÃO DE PROFESSORES (RIPF)	A3	
2386-8554	REVISTA INTERNACIONAL DE LA IMAGEN	B4	
2675-4258	REVISTA INTERNACIONAL DE PESQUISA EM DIDÁTICA DAS CIÊNCIAS E MATEMÁTICA	A3	
2238-0345	REVISTA INTERNACIONAL DE PESQUISA EM EDUCAÇÃO MATEMÁTICA (RIPEM)	A2	
2174-3681	REVISTA INTERNACIONAL DE RELACIONES PUBLICAS	A1	
2965-1263	REVISTA INTERNACIONAL DE VITIMOLOGIA E JUSTIÇA RESTAURATIVA	B2	
2675-6722	REVISTA INTERNACIONAL EDUCON	A4	
2525-7668	REVISTA INTERRITÓRIOS	A4	
2675-5955	REVISTA INTERSEÇÃO	B1	
0874-1611	REVISTA INTERVENÇÃO SOCIAL	A4	
2526-396X	REVISTA INTOLERÂNCIA RELIGIOSA	B4	
2176-6789	REVISTA INTRATEXTOS	B3	
0719-5370	REVISTA INVESTIGACIONES GEOGRAFICAS UNIVERSIDAD DE CHILE	B1	
2145-8480	REVISTA ION	B2	
2236-4064	REVISTA ITALIANO UERJ	B2	
2764-6890	REVISTA JATAÍ	C	
2675-1119	REVISTA JATOBÁ	A4	
0120-3088	REVISTA JAVERIANA	C	
1983-4810	REVISTA JESUS HISTÓRICO	B3	
2595-1661	REVISTA JRG DE ESTUDOS ACADÊMICOS	B2	
2764-2704	REVISTA JUDICIAL BRASILEIRA	B2	
2316-4212	REVISTA JUDICIÁRIA DO PARANÁ	B4	
2236-0093	REVISTA JUNIOR DE INICIAÇÃO CIENTÍFICA EM CIÊNCIAS EXATAS E ENGENHARIA	C	
2179-0167	REVISTA JURES	B1	
2316-753X	REVISTA JURÍDICA - UNICURITIBA	A2	
2176-9184	REVISTA JURÍDICA CESUMAR: MESTRADO (ONLINE)	A2	
2764-1988	REVISTA JURÍDICA DA ESCOLA DO PODER JUDICIÁRIO DO ACRE	C	
2316-6959	REVISTA JURÍDICA DA ESCOLA SUPERIOR DO MINISTÉRIO PÚBLICO DE SÃO PAULO	B2	
2447-9055	REVISTA JURIDICA DA FA7 (ONLINE)	A2	
2236-3645	REVISTA JURÍDICA DA PRESIDÊNCIA	A1	
1984-512X	REVISTA JURÍDICA DA SEÇÃO JUDICIÁRIA DE PERNAMBUCO	B1	
2526-9488	REVISTA JURÍDICA DA UFERSA	A3	
2237-0870	REVISTA JURÍDICA DIREITO & REALIDADE	A4	
2965-7695	REVISTA JURÍDICA, DIREITO, JUSTIÇA, FRATERNIDADE & SOCIEDADE (ONLINE)	C	
2318-7034	REVISTA JURÍDICA DIREITO SOCIEDADE E JUSTIÇA	B1	
2675-7788	REVISTA JURÍDICA DO CESUPA	B1	
2595-3265	REVISTA JURÍDICA DO MINISTÉRIO PÚBLICO DO ESTADO DE RONDÔNIA	C	
2595-6515	REVISTA JURÍDICA DO MINISTÉRIO PÚBLICO DO ESTADO DO PARANÁ	B4	
1984-168X	REVISTA JURÍDICA DO MINISTÉRIO PÚBLICO DO ESTADO DO TOCANTINS	B2	
2763-5910	REVISTA JURÍDICA DO MINISTÉRIO PÚBLICO DO ESTADO DO TOCANTINS (ONLINE)	B2	
2764-149X	REVISTA JURÍDICA DO MPAC (ONLINE)	B4	
2317-9880	REVISTA JURÍDICA ELETRÔNICA DIREITO, SOCIEDADE E DESENVOLVIMENTO	B1	
2183-539X	REVISTA JURÍDICA LUSO BRASILEIRA	A3	
2183-5705	REVISTA JURÍDICA PORTUCALENSE - PORTUCALENSE LAW JOURNAL (ONLINE)	A3	
0103-3379	REVISTA JURIDICA SÍNTESE (PRINT)	B2	
2595-9689	REVISTA JURÍDICA TRABALHO E DESENVOLVIMENTO HUMANO	A3	
1806-6771	REVISTA JURÍDICA UNIANDRADE	B4	
2965-3290	REVISTA JURIDICIDADE CONSTITUCIONAL E DEMOCRACIA (ONLINE)	B2	
2526-6500	REVISTA JURIS UNITOLEDO	C	
2236-4498	REVISTA JURISFIB	B4	
2238-3212	REVISTA JUSTIÇA DO DIREITO	A2	
1516-2567	REVISTA KAIRÓS	B1	
2176-901X	REVISTA KAIRÓS (ONLINE)	B1	
1982-0259	REVISTA KATALYSIS	A1	
2709-3689	REVISTA KAWSAYPACHA: SOCIEDAD Y MEDIO AMBIENTE	B2	
2316-5464	REVISTA KINESIS	B2	
2526-2688	REVISTA KIRI-KERÊ - PESQUISA EM ENSINO	B1	
2590-6453	REVISTA LA TADEO DE ARTE	A4	
1983-5000	REVISTA LABOR	A4	
2316-6746	REVISTA LABORATIVA	A4	
2965-0380	REVISTA LAMBE	C	
3085-573X	REVISTA LATENTE (ONLINE)	C	
1138-5820	REVISTA LATINA DE COMUNICACIÓN SOCIAL	A1	
2526-219X	REVISTA LATINOAMERICANA AMBIENTE E SAÚDE - RLAS	B4	
2675-7524	REVISTA LATINO-AMERICANA DE AMBIENTE CONSTRUÍDO & SUSTENTABILIDADE	A4	
2591-2755	REVISTA LATINOAMERICANA DE ANTROPOLOGÍA DEL TRABAJO	A2	
1657-4702	REVISTA LATINOAMERICANA DE BIOETICA	A2	
2462-859X	REVISTA LATINOAMERICANA DE BIOETICA	A2	
1807-3026	REVISTA LATINOAMERICANA DE CIENCIAS DE LA COMUNICACIÓN	A3	
2238-1694	REVISTA LATINOAMERICANA DE CIENCIAS DE LA COMUNICACIÓN	A3	
1692-715X	REVISTA LATINOAMERICANA DE CIENCIAS SOCIALES, NIÑEZ Y JUVENTUD	A2	
2764-1619	REVISTA LATINO-AMERICANA DE CRIMINOLOGIA	A4	
1659-4304	REVISTA LATINOAMERICANA DE DERECHOS HUMANOS	A2	
2676-0150	REVISTA LATINO-AMERICANA DE DIREITOS DA NATUREZA E DOS ANIMAIS	A4	
2684-0545	REVISTA LATINOAMERICANA DE ECONOMÍA Y SOCIEDAD DIGITAL	B1	
1806-7573	REVISTA LATINO-AMERICANA DE EDUCAÇÃO EM ASTRONOMIA	A4	
2954-5536	REVISTA LATINOAMERICANA DE EDUCACIÓN CIENTÍFICA, CRÍTICA Y EMANCIPADORA	B1	
1518-8345	REVISTA LATINO-AMERICANA DE ENFERMAGEM (ONLINE)	A1	
2346-920X	REVISTA LATINOAMERICANA DE ESTUDIOS CRÍTICOS ANIMALES	A2	
1856-8378	REVISTA LATINOAMERICANA DE ESTUDIOS DEL TRABAJO	B2	
0185-1284	REVISTA LATINOAMERICANA DE ESTUDIOS EDUCATIVOS	A1	
2525-1635	REVISTA LATINOAMERICANA DE ESTUDIOS RURALES	A4	
1852-8759	REVISTA LATINOAMERICANA DE ESTUDIOS SOBRE CUERPOS, EMOCIONES Y SOCIEDAD	A4	
2675-3855	REVISTA LATINO-AMERICANA DE ESTUDOS CIENTÍFICOS	B3	
2447-9543	REVISTA LATINOAMERICANA DE ESTUDOS DEL DISCURSO	A2	
2177-2886	REVISTA LATINO-AMERICANA DE GEOGRAFIA E GÊNERO	A3	
2594-2158	REVISTA LATINOAMERICANA DE HERPETOLOGÍA	B4	
2238-0620	REVISTA LATINO-AMERICANA DE HISTÓRIA	A2	
2317-6792	REVISTA LATINO-AMERICANA DE INOVAÇÃO E ENGENHARIA DE PRODUÇÃO	B3	
1853-6190	REVISTA LATINOAMERICANA DE METODOLOGÍA DE LA INVESTIGACIÓN SOCIAL	A4	
2393-6401	REVISTA LATINOAMERICANA DE POBLACIÓN (RELAP)	A2	
2408-4573	REVISTA LATINOAMERICANA DE POLÍTICAS Y ADMINISTRACIÓN DE LA EDUCACIÓN	A4	
2357-9692	REVISTA LATINO-AMERICANA DE PSICOLOGIA CORPORAL (ONLINE)	B2	
0719-4420	REVISTA LATINOAMERICANA DE PSICOLOGÍA POSITIVA	B2	
1984-0381	REVISTA LATINOAMERICANA DE PSICOPATOLOGIA FUNDAMENTAL	A2	
1415-4714	REVISTA LATINOAMERICANA DE PSICOPATOLOGIA FUNDAMENTAL (IMPRESSO)	A2	
2683-2348	REVISTA LATINOAMERICANA DE SIMULACIÓN CLÍNICA	B2	
2718-6415	REVISTA LATINOAMERICANA DE SOCIOLOGÍA JURÍDICA	A3	
1695-288X	REVISTA LATINOAMERICANA DE TECNOLOGÍA EDUCATIVA	A2	
2175-2990	REVISTA LATINOAMERICANA DE TELESSAÚDE	B4	
2667-3231	REVISTA LATINOAMERICANA DE TRABAJO Y TRABAJADORES	B2	
2448-198X	REVISTA LATINO-AMERICANA DE TURISMOLOGIA	B1	
0719-8310	REVISTA LATINOAMERICANA DO COLÉGIO INTERNACIONAL DE FILOSOFIA	B3	
2707-8922	REVISTA LATINOAMERICANA ESTUDIOS DE LA PAZ Y EL CONFLICTO	A2	
1937-8831	REVISTA LATINOAMERICANA Y DEL CARIBE DE LA ASOCIACIÓN DE SISTEMAS DE INFORMACIÓN	B4	
2317-9945	REVISTA LEITURA (ONLINE)	A3	
2448-4482	REVISTA LETRA CAPITAL	B4	
1989-3302	REVISTA LETRAL	A2	
2236-0999	REVISTA LETRAS	A3	
2317-2347	REVISTA LETRAS RARAS	A1	
2176-1485	REVISTA LETRAS (UFSM/ON-LINE)	A4	
2763-6216	REVISTA LEX DE CRIMINOLOGIA & VITIMOLOGIA	B4	
2763-5619	REVISTA LEX DE DIREITO ADMINISTRATIVO	B3	
2178-8820	REVISTA LIBERATO	B4	
2179-5975	REVISTA LICEU ON-LINE	B1	
2318-423X	REVISTA LIMIAR	A4	
2596-240X	REVISTA LIMIARES	B2	
1984-381X	REVISTA LÍNGUA & LITERATURA (ONLINE)	B1	
1983-2400	REVISTA LINGUAGEM & ENSINO	A2	
1415-1928	REVISTA LINGUAGEM & ENSINO	A2	
2674-8266	REVISTA LINGUAGEM EM FOCO	A2	
2673-5091	REVISTA LÍNGUA-LUGAR: LITERATURA, HISTÓRIA, ESTUDOS CULTURAIS	A4	
2238-975X	REVISTA LINGUÍSTICA	A3	
2764-4251	REVISTA LITERALMENTE	B4	
2317-7985	REVISTA LITERÁRIA CAFÉ-COM-LETRAS	B4	
1983-7429	REVISTA LITTERIS	B3	
2357-8807	REVISTA LIVRE DE CINEMA	B1	
2448-2889	REVISTA LIVRE DE SUSTENTABILIDADE E EMPREENDEDORISMO	B2	
2594-8296	REVISTA LOCUS	A1	
2596-027X	REVISTA LOGEVIVER	B2	
1516-9154	REVISTA LTR. LEGISLAÇÃO DO TRABALHO	B2	
1646-401X	REVISTA LUSOFONA DE EDUCACAO	A1	
1645-7250	REVISTA LUSÓFONA DE EDUCAÇÃO	A1	
2183-0886	REVISTA LUSÓFONA DE ESTUDOS CULTURAIS	A4	
2184-3058	REVISTA LUSÓFONA DE ESTUDOS CULTURAIS E COMUNICACIONAIS (NAUS) (ONLINE)	B1	
2665-2005	REVISTA LÜVO	A2	
2525-3050	REVISTA M. ESTUDOS SOBRE A MORTE, OS MORTOS E O MORRER	A1	
2594-4754	REVISTA MACAMBIRA	B1	
1518-7470	REVISTA MACKENZIE DE ENGENHARIA E COMPUTAÇÃO (IMPRESSO)	B3	
2528-8091	REVISTA MAGAZINE DE LAS CIENCIAS	A2	
2175-1994	REVISTA MAGISTER DE DIREITO AMBIENTAL E URBANÍSTICO	A4	
1807-0930	REVISTA MAGISTER DE DIREITO CIVIL E PROCESSUAL CIVIL	B1	
2236-7810	REVISTA MAGISTER DE DIREITO DO TRABALHO	B4	
1807-3395	REVISTA MAGISTER DE DIREITO PENAL E PROCESSUAL PENAL	B1	
2178-7956	REVISTA MAGISTRO (UNIGRANRO)	B1	
2595-9611	REVISTA MAIS  EDUCAÇÃO	B3	
1517-0241	REVISTA MANDRÁGORA	A3	
2763-9029	REVISTA MANGÚT: CONEXÕES GASTRONÔMICAS	B2	
2359-0092	REVISTA MARACANAN	A1	
1982-5374	REVISTA MARGENS INTERDISCIPLINAR	A2	
0034-9860	REVISTA MARÍTIMA BRASILEIRA	A4	
2965-1050	REVISTA MATO-GROSSENSE DE DIREITO (ONLINE)	B2	
1982-8632	REVISTA @MBIENTEEDUCAÇÃO	A2	
2675-6048	REVISTA MBOTE	B3	
2238-3182	REVISTA MÉDICA DE MINAS GERAIS	B3	
0303-3295	REVISTA MÉDICA DEL URUGUAY (MONTEVIDEO. 1974. IMPRESA)	B4	
1029-3043	REVISTA MEDICENTRO ELECTRÓNICA (ONLINE)	B1	
2359-3318	REVISTA MEDITATIO	B4	
1989-872X	REVISTA MEDITERRANEA DE COMUNICACION	A1	
2316-2856	REVISTA MEIO AMBIENTE E SUSTENTABILIDADE	B2	
2358-0593	REVISTA MEMORARE	A3	
2177-4129	REVISTA MEMÓRIA EM REDE	A2	
2238-6939	REVISTA MERITUM	A4	
2318-3233	REVISTA METROPOLITANA DE ADMINISTRAÇAO E DESENVOLVIMENTO SUSTENTÁVEL	B4	
2007-4425	REVISTA MEXICANA DE ANÁLISIS POLÍTICO Y ADMINISTRACIÓN PÚBLICA	B3	
2007-0934	REVISTA MEXICANA DE CIENCIAS AGRÍCOLAS	B4	
2007-1124	REVISTA MEXICANA DE CIENCIAS PECUARIAS	B1	
0035-001X	REVISTA MEXICANA DE FÍSICA	B1	
1665-2738	REVISTA MEXICANA DE INGENIERÍA QUÍMICA	A4	
2594-0651	REVISTA MEXICANA DE SOCIOLOGIA	A1	
2178-602X	REVISTA MÍDIA E COTIDIANO	A2	
2447-9071	REVISTA MILITAR BRASILEIRA DE CIÊNCIAS	B1	
2316-4522	REVISTA MILITAR DE CIÊNCIA E TECNOLOGIA	B3	
2446-9114	REVISTA MINEIRA DE CONTABILIDADE	A4	
2675-3359	REVISTA MINEIRA DE RECURSOS HÍDRICOS	B3	
2236-7071	REVISTA MINISTÉRIO	B4	
1981-4089	REVISTA MIRANTE (ONLINE)	B1	
2594-9950	REVISTA MISSIONEIRA	B1	
2735-6817	REVISTA MODELAMIENTO MATEMÁTICO DE SISTEMAS BIOLÓGICOS	B4	
2526-2963	REVISTA MODOS	A1	
2674-8258	REVISTA MOSAICOS	B1	
1980-4180	REVISTA MOSAICUM	A4	
1808-589X	REVISTA MOSAICUM (IMPRESSO)	A4	
2526-284X	REVISTA MOVENTES	C	
2238-8052	REVISTA MOVIMENTOS SOCIAIS E DINÂMICAS ESPACIAIS	B2	
2618-2416	REVISTA MOVIMIENTO	B4	
2447-1348	REVISTA MT HORTICULTURA	B3	
2675-4592	REVISTA MULTIATUAL	B2	
2176-4069	REVISTA MULTIDISCIPLINAR DA SAÚDE	B3	
1808-6969	REVISTA MULTIDISCIPLINAR DAS FACULDADES INTEGRADAS PITÁGORAS	C	
2675-813X	REVISTA MULTIDISCIPLINAR DE EDUCAÇÃO E MEIO AMBIENTE	B2	
2675-5084	REVISTA MULTIDISCIPLINAR DE ESTUDOS NERDS/GEEK	B4	
2764-748X	REVISTA MULTIDISCIPLINAR DO AMAPÁ	B2	
2674-9300	REVISTA MULTIDISCIPLINAR DO CENTRO UNIVERSITÁRIO FIPMOC	B4	
2178-6925	REVISTA MULTIDISCIPLINAR DO NORDESTE MINEIRO	A2	
2763-6879	REVISTA MULTIDISCIPLINAR DO NÚCLEO DE PESQUISA E EXTENSÃO	B3	
2764-300X	REVISTA MULTIDISCIPLINAR DO VALE DO JEQUITINHONHA	B3	
2675-8008	REVISTA MULTIDISCIPLINAR EM SAÚDE	B3	
2525-8508	REVISTA MULTIDISCIPLINAR PEY KËYO CIENTÍFICO	A3	
1414-6304	REVISTA MÚLTIPLA (UPIS)	B4	
2316-4484	REVISTA MULTITEXTO	A4	
2526-3188	REVISTA MUNDAÚ	A3	
2525-4782	REVISTA MUNDI ENGENHARIA, TECNOLOGIA E GESTÃO	B2	
2525-4790	REVISTA MUNDI MEIO AMBIENTE E AGRÁRIAS	B3	
2525-4766	REVISTA MUNDI SAÚDE E BIOLÓGICAS	B3	
2525-4774	REVISTA MUNDI SOCIAIS E HUMANIDADES	B2	
1984-9222	REVISTA MUNDOS DO TRABALHO	A1	
1981-6332	REVISTA MUSEU	B1	
0103-5525	REVISTA MUSICA	A1	
2238-7625	REVISTA MÚSICA (ONLINE)	A1	
2675-3472	REVISTA MUTIRÕ	B1	
2358-3223	REVISTA NACIONAL DE DIREITO DE FAMÍLIA E SUCESSÕES	B1	
2318-8472	REVISTA NACIONAL DE GERENCIAMENTO DE CIDADES	A2	
2674-6441	REVISTA NATURAE	B3	
2525-7757	REVISTA NAVA	A1	
0102-7506	REVISTA NAVAL DE ODONTOLOGIA (RIO DE JANEIRO)	C	
2317-3459	REVISTA NEIBA - CADERNOS ARGENTINA-BRASIL	A4	
2447-5548	REVISTA NEP - NÚCLEO DE ESTUDOS PARANAENSES DA UFPR	B2	
1806-6755	REVISTA NERA (UNESP)	A1	
1984-4905	REVISTA NEUROCIÊNCIAS	B2	
2764-5622	REVISTA NEURODIVERSIDADE	B3	
2965-4009	REVISTA NIPEAS: NÚCLEO INTERDISCIPLINAR DE PESQUISA E ESTUDOS AGRÁRIOS, URBANOS E SOCIAIS (ONLINE)	B4	
1808-7663	REVISTA NORDESTINA DE ZOOLOGIA	C	
2317-3092	REVISTA NORTE MINEIRA DE ENFERMAGEM - RENOME	B3	
2448-1793	REVISTA NÓS – CULTURA, ESTÉTICA & LINGUAGENS	B1	
0719-4404	REVISTA NOTAS HISTORICAS Y GEOGRAFICAS	A2	
2674-5976	REVISTA NOVA PAIDEIA	A4	
2447-1631	REVISTA NOVOS DIREITOS	B2	
0102-5864	REVISTA NOVOS RUMOS	B2	
0719-3092	REVISTA NUESTRAMERICA	A3	
2175-7429	REVISTA NUPEM (IMPRESSO)	A3	
2176-7912	REVISTA NUPEM (ONLINE)	A3	
2317-8590	REVISTA ÑANDUTY	A4	
2447-4266	REVISTA OBSERVATÓRIO	A2	
1981-125X	REVISTA OBSERVATÓRIO ITAÚ CULTURAL	B4	
2447-7036	REVISTA OBSERVATÓRIO ITAÚ CULTURAL	B4	
2526-7647	REVISTA OBUTCHÉNIE	A3	
2590-7816	REVISTA OCUPACIÓN HUMANA	B2	
1983-2435	REVISTA ODISSÉIA	A4	
2525-2941	REVISTA OLHAR - REVISTA CIENTÍFICA DA ESAMC	B3	
2594-4924	REVISTA OLHARES DOCENTES - FAEC	B3	
1983-3857	REVISTA OLHARES E TRILHAS	A4	
1677-3942	REVISTA OMNIA	B3	
2764-3239	REVISTA OMNIA SAPIENTIAE	B4	
2182-598X	REVISTA ONIS SCIENCIA	C	
1809-3159	REVISTA ONLINE FADIVALE	B3	
2675-2719	REVISTA ONOMÁSTICA DESDE AMÉRICA LATINA	A1	
2178-1176	REVISTA OPINIÃO FILOSÓFICA	A3	
2447-6641	REVISTA OPINIÃO JURÍDICA	A1	
1806-0420	REVISTA OPINIÃO JURÍDICA (FORTALEZA)	A1	
2237-6976	REVISTA ORBIS LATINA	B1	
2238-5703	REVISTA ORG & DEMO	A2	
2316-2848	REVISTA ORGANIZAÇÃO SISTÊMICA	B3	
2176-3216	REVISTA OURICURI	A3	
2317-0131	REVISTA OURICURI.	A3	
2965-2634	REVISTA OWL (ONLINE)	A2	
1851-992X	REVISTA PAGINAS	A2	
2595-9638	REVISTA PAISAGENS HÍBRIDAS	B1	
2526-8708	REVISTA PALAU	B4	
2683-2208	REVISTA PANAMERICANA DE COMUNICACIÓN	A3	
2764-2305	REVISTA PAN-AMERICANA DE DIREITO	B2	
1020-4989	REVISTA PANAMERICANA DE SALUD PÚBLICA / PAN AMERICAN JOURNAL OF PUBLIC HEALTH	A1	
1680-5348	REVISTA PANAMERICANA DE SALUD PUBLICA (PRINT)	A1	
2238-9210	REVISTA PANORÂMICA	A4	
1677-0609	REVISTA PANTANEIRA	B1	
2318-8650	REVISTA PARADIGMA	A2	
2525-5568	REVISTA PARADOXOS	B3	
2526-950X	REVISTA PARAENSE DE CONTABILIDADE	B3	
2077-5172	REVISTA PARAGUAYA DE ESTUDIOS POLÍTICOS CONTEMPORÁNEO - NOVAPOLIS	A4	
2617-9830	REVISTA PARAGUAYA DE HISTORIA	B3	
2595-5985	REVISTA PARAJÁS	B3	
0556-6916	REVISTA PARANAENSE DE DESENVOLVIMENTO	B2	
2236-5567	REVISTA PARANAENSE DE DESENVOLVIMENTO (ONLINE)	B2	
2238-5800	REVISTA PARANAENSE DE EDUCAÇÃO MATEMÁTICA	A2	
2596-0342	REVISTA PARANAENSE DE ENFERMAGEM	B3	
2763-9657	REVISTA PARANAENSE DE FILOSOFIA	A4	
2318-4248	REVISTA PARLAMENTO & SOCIEDADE	B2	
2448-5659	REVISTA PASAJES	B3	
1659-2735	REVISTA PASOS	B4	
2179-9938	REVISTA PASSAGENS: REVISTA DO PROGRAMA DE PÓS-GRADUAÇÃO EM COMUNICAÇÃO UFC	B1	
2595-9484	REVISTA PAULISTA DE ENFERMAGEM	B3	
0035-0362	REVISTA PAULISTA DE MEDICINA	B4	
2359-3482	REVISTA PAULISTA DE PEDIATRIA (ENGLISH EDITION)	B1	
0103-0582	REVISTA PAULISTA DE PEDIATRIA (IMPRESSO)	B1	
1984-0462	REVISTA PAULISTA DE PEDIATRIA (ONLINE)	B1	
1809-4635	REVISTA PAULISTA DE REUMATOLOGIA	B4	
2526-3218	REVISTA PAULUS	A3	
2358-6133	REVISTA PEDAGÓGICA	A4	
1984-1566	REVISTA PEDAGÓGICA (CHAPECÓ. ONLINE)	A3	
1415-8175	REVISTA PEDAGÓGICA (UNOCHAPECÓ. IMPRESSO)	A3	
1676-3025	REVISTA PEGADA ELETRÔNICA (ONLINE)	A2	
1982-2596	REVISTA PENSAMENTO CONTEMPORÂNEO EM ADMINISTRAÇÃO	A3	
2447-8571	REVISTA PENSAMENTO JURÍDICO	A2	
2764-0264	REVISTA PENSAMENTOS EM DESIGN	B1	
2215-3586	REVISTA PENSAMIENTO ACTUAL	B2	
1853-4554	REVISTA PENSAMIENTO PENAL	A3	
2177-3300	REVISTA PERCURSO (UEM) ONLINE	A3	
2595-6582	REVISTA PERIFERIAS	B1	
2358-0844	REVISTA PERIÓDICUS	A4	
2238-8486	REVISTA PERSPECTIVA EM EDUCAÇÃO, GESTÃO & TECNOLOGIA (ONLINE)	B4	
2357-9986	REVISTA PERSPECTIVA FILOSÓFICA	A4	
1981-4801	REVISTA PERSPECTIVA GEOGRÁFICA (ONLINE)	A3	
2178-5937	REVISTA PERSPECTIVA (ONLINE)	C	
2177-3548	REVISTA PERSPECTIVAS EM ANÁLISE DO COMPORTAMENTO	B1	
2805-7090	REVISTA PERSPECTIVASAFRO	B3	
2222-0615	REVISTA PERUANA DE DERECHO CONSTITUCIONAL (PRINT)	B4	
2675-1933	REVISTA PESQUISA & ENSINO	A4	
2447-0627	REVISTA PESQUISA E AÇÃO	A3	
2238-2704	REVISTA PESQUISA EM FISIOTERAPIA	B4	
2525-8222	REVISTA PESQUISA QUALITATIVA	A1	
1809-0257	REVISTA PESQUISA QUALITATIVA	A1	
2965-0356	REVISTA PET BRASIL	B2	
2316-5073	REVISTA PET-ODONTO CIÊNCIA E SAÚDE (PRINT)	B4	
2340-7565	REVISTA PH	A2	
1413-6457	REVISTA PHILOLOGUS	A3	
2675-6846	REVISTA PHILOLOGUS	A3	
1983-0963	REVISTA PILARES DA HISTÓRIA	B3	
2764-8591	REVISTA PIMETALAB (ONLINE)	C	
1984-3755	REVISTA PISTIS & PRAXIS: TEOLOGIA E PASTORAL	A1	
2175-1838	REVISTA PISTIS & PRÁXIS: TEOLOGIA E PASTORAL	A1	
2763-6755	REVISTA PIÚNA (ONLINE)	C	
2675-8709	REVISTA PIXELS	B4	
2238-3751	REVISTA PLURAIS - VIRTUAL	A4	
2595-6191	REVISTA PLURAL	B4	
2674-9653	REVISTA PLURALISTAS, REVISTA DO GRUPO DE PESQUISA CIÊNCIA, SAÚDE, GÊNERO E SENTIMENTO – CISGES/UNISA/CNPQ	B4	
2596-1098	REVISTA PLURI	B4	
2525-4014	REVISTA PLUS FRJ: REVISTA MULTIDISCIPLINAR EM EDUCAÇÃO E SAÚDE	B4	
2177-8566	REVISTA POIÉSIS	A2	
2594-4398	REVISTA POLIEDRO	B2	
2718-6318	REVISTA POLIEDRO	B2	
2358-4556	REVISTA POLÍTICA E PLANEJAMENTO REGIONAL	B3	
2358-3592	REVISTA POLÍTICA E PLANEJAMENTO REGIONAL	B3	
1517-5901	REVISTA POLÍTICA E TRABALHO	A3	
2469-1763	REVISTA POLITICA LATINOAMERICANA	B2	
2359-1552	REVISTA POLÍTICAS PÚBLICAS & CIDADES	B1	
2358-9841	REVISTA POLITIKA	B4	
2236-0514	REVISTA POLYPHONÍA	A3	
2238-8850	REVISTA POLYPHONÍA (ONLINE)	A3	
1808-6462	REVISTA PONTES	B2	
1983-2656	REVISTA PONTO DE VISTA	A2	
2446-9319	REVISTA POPULUS	B4	
2525-4200	REVISTA PORTAL: SAÚDE E SOCIEDADE (ONLINE)	B4	
2184-8483	REVISTA PORTUGUESA DE CIENCIAS JURIDICAS - RPCJ	B1	
0871-9187	REVISTA PORTUGUESA DE EDUCAÇÃO	A1	
1647-2160	REVISTA PORTUGUESA DE ENFERMAGEM DE SAÚDE MENTAL	B1	
1647-6700	REVISTA PORTUGUESA DE ESTOMATOLOGIA, MEDICINA DENTARIA E CIRURGIA MAXILOFACIAL	B3	
1645-586X	REVISTA PORTUGUESA DE ESTUDOS REGIONAIS	B1	
0870-5283	REVISTA PORTUGUESA DE FILOSOFIA	A1	
2184-8319	REVISTA PORTUGUESA DE GESTÃO CONTEMPORÂNEA - RPGC	B3	
2183-4938	REVISTA PORTUGUESA DE INVESTIGAÇÃO COMPORTAMENTAL E SOCIAL	B1	
2182-8067	REVISTA PORTUGUESA DE ONCOLOGIA (PRINT)	C	
0870-418X	REVISTA PORTUGUESA DE PEDAGOGIA	A3	
2184-5417	REVISTA PORTUGUESA DE PSIQUIATRIA E SAÚDE MENTAL (ONLINE)	B4	
2183-1297	REVISTA PORTUGUESA DE TERAPIA DA FALA	B4	
1677-2067	REVISTA PORTUGUESA E BRASILEIRA DE GESTÃO (RIO DE JANEIRO)	B2	
2236-9473	REVISTA PÓS-CIENCIAS SOCIAIS	A3	
1983-4527	REVISTA PÓS-CIÊNCIAS SOCIAIS	A3	
2530-4550	REVISTA PRÁCTICUM (ONLINE)	B1	
1984-669X	REVISTA PRAIA VERMELHA (DIGITAL)	A2	
2448-1939	REVISTA PRÂKSIS	A2	
2526-2149	REVISTA PRÁTICA DOCENTE	A3	
2526-9577	REVISTA PRÁTICA FORENSE	C	
2526-6292	REVISTA PRÁTICAS DE ADMINISTRAÇÃO PÚBLICA (ONLINE)	B3	
2594-6528	REVISTA PRÁTICAS EM EXTENSÃO	B2	
2595-9034	REVISTA PRÁTICAS EM EXTENSÃO	B2	
2965-3401	REVISTA PRÁTICAS PEDAGÓGICAS.(ONLINE)	B3	
2216-0159	REVISTA PRAXIS & SABER: MAESTRÍA EN EDUCACIÓN	A1	
2176-9230	REVISTA PRÁXIS (ONLINE)	A2	
1984-4239	REVISTA PRÁXIS (VOLTA REDONDA.IMPRESSO)	A2	
2446-6646	REVISTA PRESENÇA GEOGRÁFICA	A3	
1517-672X	REVISTA PRETEXTO	A4	
2446-7901	REVISTA PREVENÇÃO DE INFECÇÃO E SAÚDE	B2	
2526-2106	REVISTA PRIMORDIUM	B1	
2447-9187	REVISTA PRINCIPIA	B2	
2184-920X	REVISTA PRIVACY AND DATA PROTECTION MAGAZINE	B1	
2675-6595	REVISTA PROCESSUS MULTIDISCIPLINAR	B2	
2596-061X	REVISTA PROCIÊNCIAS	B3	
2448-2757	REVISTA PRODUÇÃO ACADÊMICA	B4	
2446-9580	REVISTA PRODUÇÃO E DESENVOLVIMENTO	A3	
1676-1901	REVISTA PRODUÇÃO ONLINE	B3	
2358-6125	REVISTA PROFANAÇÕES	A4	
1519-0919	REVISTA PROFISSÃO DOCENTE	A4	
2178-6283	REVISTA PROJEÇÃO, DIREITO E SOCIEDADE	B3	
2178-6275	REVISTA PROJEÇÃO E DOCÊNCIA	A3	
2763-969X	REVISTA PROJEÇÃO, SAÚDE E VIDA	B4	
2448-296X	REVISTA PROJETAR - PROJETO E PERCEPÇÃO DO AMBIENTE	A2	
2179-8931	REVISTA PRÓ-UNIVERSUS	B2	
2447-1798	REVISTA PSICOFAE	A4	
2175-0521	REVISTA PSICOLOGIA & COMUNIDADE	B3	
2177-093X	REVISTA PSICOLOGIA E SAÚDE	A3	
1981-3236	REVISTA PSICOLOGIA EM FOCO (URI. FREDERICO WESTPHALEN)	B1	
2175-3539	REVISTA PSICOLOGIA ESCOLAR E EDCUACIONAL	A1	
1984-6657	REVISTA PSICOLOGIA: ORGANIZAÇÕES E TRABALHO	A2	
2175-1390	REVISTA PSICOLOGIA POLÍTICA	B1	
1519-549X	REVISTA PSICOLOGIA POLÍTICA (IMPRESSO)	B1	
2179-4057	REVISTA PSICOPEDAGOGIA	A3	
2763-8200	REVISTA PSIPRO	B1	
0327-6627	REVISTA PUBLICAR EN ANTROPOLOGÍA Y CIENCIAS SOCIALES	B4	
2238-7560	REVISTA PUBLICATIO	B2	
2447-7982	REVISTA PUBLICUM	A4	
2595-1637	REVISTA PUBSAÚDE	B2	
2331-6950	REVISTA PUERTORRIQUEÑA DE PSICOLOGÍA (ONLINE)	A2	
2735-7473	REVISTA PUNTO GÉNERO (ONLINE)	A1	
2344-9195	REVISTA PYMES, INNOVACIÓN Y DESARROLLO (PID)	B3	
1516-0351	REVISTA QUAESTIO IURIS	A2	
1809-3264	REVISTA QUERUBIM	B1	
1669-6581	REVISTA QUESTION/CUESTIÓN	B2	
2318-2288	REVISTA RAÍZES NO DIREITO (ONLINE)	B1	
2177-3424	REVISTA RASCUNHOS CULTURAIS	B4	
2763-6127	REVISTA RATIO INTEGRALIS	B3	
2236-0700	REVISTA RAZÃO CONTÁBIL E FINANÇAS	B3	
2318-6674	REVISTA REAMEC	A2	
2237-339X	REVISTA REBELA	A4	
2358-3088	REVISTA RECIEN - REVISTA CIENTÍFICA DE ENFERMAGEM	B1	
2718-8930	REVISTA REDALINT	B2	
2077-9445	REVISTA REDBIOETICA/UNESCO	B2	
2763-7220	REVISTA REDE DE DIREITO DIGITAL, INTELECTUAL & SOCIEDADE	A4	
2965-2901	REVISTA (RE)DEFINIÇÕES DAS FRONTEIRAS (ONLINE)	B3	
1851-7072	REVISTA REDES	B1	
2764-3530	REVISTA REDE-TER	B4	
2358-243X	REVISTA REDFOCO	B3	
2236-3688	REVISTA REDOBRA	B1	
2358-7008	REVISTA REFLEXÃO E CRÍTICA DO DIREITO	B1	
2238-6408	REVISTA REFLEXÕES	A4	
2358-8276	REVISTA RELICÁRIO	B1	
2526-2874	REVISTA REMECS - REVISTA MULTIDISCIPLINAR DE ESTUDOS CIENTÍFICOS EM SAÚDE	B2	
2763-9711	REVISTA RESISTÊNCIAS	C	
2527-1814	REVISTA RESTAURO	B2	
2527-2594	REVISTA RETRATOS DE ASSENTAMENTOS	A4	
2764-9830	REVISTA REVOLUA (ONLINE)	B3	
2710-0499	REVISTA REVOLUCIONES	A2	
0210-5020	REVISTA ROL DE ENFERMERÍA	B3	
2764-1333	REVISTA ROSA	A4	
2525-6092	REVISTA RURAL E URBANO - UFPE	B2	
2526-4559	REVISTA SABERES PEDAGÓGICOS	B1	
1981-4119	REVISTA SALUSVITA (ONLINE)	B3	
1980-1742	REVISTA SANTA RITA (FACEAS)	A4	
2183-3184	REVISTA SANTUÁRIOS 1	B1	
2446-5062	REVISTA SÃO LUIS ORIONE	B1	
2238-3565	REVISTA SAPIÊNCIA: SOCIEDADE, SABERES E PRÁTICAS EDUCACIONAIS	A3	
2446-8827	REVISTA SAPIENTIA	C	
2674-6131	REVISTA SARIDH	B3	
1982-3282	REVISTA SAÚDE	B3	
2317-8469	REVISTA SAÚDE & CIÊNCIA ONLINE	B1	
2674-8584	REVISTA SAÚDE DOS VALES	B4	
2316-2864	REVISTA SAÚDE E DESENVOLVIMENTO	B3	
2447-8822	REVISTA SAÚDE E MEIO AMBIENTE – RESMA	B2	
1983-1870	REVISTA SAÚDE E PESQUISA	B1	
2358-7946	REVISTA SAÚDE EM FOCO	B4	
2446-4813	REVISTA SAÚDE EM REDES	B3	
2595-5039	REVISTA SAÚDE INTEGRAL	C	
2318-3780	REVISTA SAÚDE MULTIDISCIPLINAR	B3	
1809-0761	REVISTA SAÚDE.COM	B3	
2675-0228	REVISTA SCIENTIA ALPHA	B2	
2525-4553	REVISTA SCIENTIA: CIÊNCIA, INFORMAÇÃO, HABILIDADE E CONHECIMENTO	B1	
2675-6404	REVISTA SCIENTIARUM HISTORIA	A4	
2318-9584	REVISTA SCIENTIATEC	B1	
2525-5940	REVISTA SEDA	B1	
2359-3105	REVISTA SENTIDOS DA CULTURA	B2	
2359-4993	REVISTA SERGIPANA DE EDUCAÇÃO AMBIENTAL.	A4	
2525-5444	REVISTA SERGIPANA DE MATEMÁTICA E EDUCAÇÃO MATEMÁTICA	A3	
2527-1849	REVISTA SERVIÇO SOCIAL EM PERSPECTIVA	B1	
1983-0378	REVISTA SIGNOS - CENTRO UNIVERSITÁRIO UNIVATES	A3	
0035-0451	REVISTA SIGNOS (IMPRESA)	A1	
2763-9193	REVISTA SIMEP	B4	
2526-4486	REVISTA SIMETRIA (PRINT)	A3	
2448-0797	REVISTA SINALIZAR	A3	
2179-166X	REVISTA SÍNTESE - DIREITO CIVIL E PROCESSUAL CIVIL	B1	
2179-1651	REVISTA SÍNTESE DE DIREITO ADMINISTRATIVO	B1	
1519-1826	REVISTA SÍNTESE DE DIREITO CIVIL E PROCESSUAL CIVIL	A4	
2179-1635	REVISTA SÍNTESE DIREITO DE FAMÍLIA	A3	
2236-1553	REVISTA SÍNTESE DIREITO IMOBILIÁRIO	B2	
2179-1627	REVISTA SÍNTESE DIREITO PENAL E PROCESSUAL PENAL	A3	
2179-1643	REVISTA SÍNTESE TRABALHISTA E PREVIDENCIÁRIO	B4	
2359-3121	REVISTA SÍSIFO	B1	
2594-7036	REVISTA SÍTIO NOVO	A4	
2358-2871	REVISTA SOBECC	B1	
2174-7210	REVISTA SOBRE LA INFANCIA Y LA ADOLESCENCIA (ONLINE)	B2	
2317-1758	REVISTA SOCIAIS E HUMANAS	B2	
0103-0620	REVISTA SOCIAIS E HUMANAS	B2	
0717-3512	REVISTA SOCIEDAD HOY - DEPARTAMENTO DE SOCIOLOGIA Y ANTROPOLOGIA DA UNIVERSIDAD DE CONCEPCIÓN - CHILE	B3	
2595-8402	REVISTA SOCIEDADE CIENTÍFICA	B2	
2675-3464	REVISTA SOCIEDADE E AMBIENTE	B3	
1980-5462	REVISTA SOCIEDADE E ESTADO	A1	
2177-8396	REVISTA SOCIEDADE E TERRITÓRIO	A2	
1809-2721	REVISTA SOCIOLOGIA JURÍDICA	C	
2317-2339	REVISTA SOFIA (UFES)	A2	
2316-8838	REVISTA SOLETRAS	A4	
1519-7778	REVISTA SOLETRAS	A4	
2447-701X	REVISTA SOMMA	B3	
2525-3395	REVISTA STRICTO SENSU	B3	
2359-5817	REVISTA SUBVERSA - LITERATURA LUSO-BRASILEIRA	B3	
2318-650X	REVISTA SUL AMERICANA DE PSICOLOGIA	B2	
2317-5338	REVISTA SUL-AMERICANA DE CIÊNCIA POLÍTICA	B2	
1679-8775	REVISTA SUL-AMERICANA DE FILOSOFIA E EDUCAÇÃO	B1	
2595-8518	REVISTA SUMAÚMA	B4	
2763-9940	REVISTA SUSP	A4	
2316-8900	REVISTA SUSTENTABILIDADE ORGANIZACIONAL	B3	
2675-858X	REVISTA SUSTENTAREA	C	
1676-1995	REVISTA TAMOIOS (IMPRESSO)	A1	
1980-4490	REVISTA TAMOIOS (ONLINE)	A1	
1809-0044	REVISTA TECNOLOGIA E SOCIEDADE	B1	
1984-3526	REVISTA TECNOLOGIA E SOCIEDADE (ONLINE)	B1	
2596-1284	REVISTA TECNOLÓGICA DA UNIVERSIDADE SANTA ÚRSULA	B2	
1517-8048	REVISTA TECNOLÓGICA (UEM)	B3	
2763-6739	REVISTA TEIAS DO CONHECIMENTO	B3	
1982-0305	REVISTA TEIAS (UERJ. ONLINE)	A1	
1549-2230	REVISTA TEKNOKULTURA	A2	
2359-1943	REVISTA TELLUS	A4	
2965-9841	REVISTA TEMA (ONLINE)	C	
1676-9724	REVISTA TEMAS SOCIAIS EM EXPRESSÃO (URI)	B3	
2675-150X	REVISTA TEMPO DO MUNDO	A2	
2177-6644	REVISTA TEMPO, ESPAÇO E LINGUAGEM	B1	
2176-7025	REVISTA TEMPO NO MUNDO	A2	
2358-1425	REVISTA TEMPOS E ESPAÇOS EM EDUCAÇÃO (ONLINE)	A2	
1983-1463	REVISTA TEMPOS HISTÓRICOS	A1	
1989-8614	REVISTA TENDÉNCIAS PEDAGOGICAS - UNIVERSIDAD AUTÓNOMA DE MADRID	A4	
2526-2300	REVISTA TEOLÓGICA DOXIA	A4	
2318-8448	REVISTA TEORIA E EVIDÊNCIA ECONÔMICA (ONLINE)	B2	
2358-727X	REVISTA TERCEIRA MARGEM	A4	
2238-7641	REVISTA TERCEIRA MARGEM AMAZÔNIA	B1	
2525-4812	REVISTA TERCEIRA MARGEM AMAZÔNIA	B1	
2237-079X	REVISTA TERCEIRO INCLUÍDO	A3	
2596-2809	REVISTA TERRA & CULTURA (ONLINE)	B3	
1980-4407	REVISTA TERRAE DIDATICA	A3	
2317-0360	REVISTA TERRITORIAL	A4	
2317-5419	REVISTA TERRITORIUM TERRAM	A4	
2236-3912	REVISTA TESSITURAS & CRIAÇÃO	C	
2177-2894	REVISTA THEMA	A2	
2447-8679	REVISTA THÉSIS	A4	
2317-3580	REVISTA THESIS JURIS	A3	
2422-2704	REVISTA TIEMPO&ECONOMÍA	A3	
2992-7099	REVISTA TLATELOLCO: DEMOCRACIA DEMOCRATIZANTE Y CAMBIO SOCIAL	B2	
2317-9430	REVISTA TOCANTINENSE DE GEOGRAFIA	A3	
1980-6914	REVISTA TODAS AS LETRAS (MACKENZIE. ONLINE)	A4	
2318-9010	REVISTA TOMO	A2	
2965-6672	REVISTA TÓPICOS (ONLINE)	A2	
2448-2978	REVISTA TOPUS	C	
1677-2784	REVISTA TRABALHISTA (RIO DE JANEIRO)	B3	
2965-5412	REVISTA TRABALHO, DIREITO E JUSTIÇA	B2	
2526-2319	REVISTA TRABALHO, POLÍTICA E SOCIEDADE	A4	
2178-4485	REVISTA TRAJETÓRIAS MULTICURSOS	B1	
2177-5672	REVISTA TRAMA INTERDISCIPLINAR	A4	
1981-4674	REVISTA TRAMA (UNIOESTE. ONLINE)	B1	
2175-8255	REVISTA TRANSFORMAR	A3	
2525-6475	REVISTA TRANSMUTARE	A4	
1852-7175	REVISTA TRANSPORTE Y TERRITORIO	A4	
2236-4129	REVISTA TRANSVERSO: DIÁLOGOS ENTRE DESIGN, CULTURA E SOCIEDADE	A3	
2179-7528	REVISTA TRANSVERSOS	A4	
2447-9829	REVISTA TREEDIMENSIONAL	B4	
1808-169X	REVISTA TRÊS [...] PONTOS (UFMG)	B4	
1518-2711	REVISTA TRIBUTÁRIA E DE FINANÇAS PÚBLICAS	A4	
2237-0153	REVISTA TRILHAS PEDAGÓGICAS	B2	
2177-6040	REVISTA TRIMESTRAL DE JURISPRUDÊNCIA TRIBUNAL DE JUSTIÇA DO ESTADO DE MATO GROSSO DO SUL	B4	
1982-4831	REVISTA TRÓPICA - CIÊNCIAS AGRÁRIAS E BIOLÓGICAS	C	
2674-6972	REVISTA TURISMO & CIDADES	B2	
2182-1453	REVISTA TURISMO & DESENVOLVIMENTO (EDIÇÃO ELETRÔNICA)	A4	
1984-4867	REVISTA TURISMO EM ANÁLISE	A4	
2316-1493	REVISTA TURISMO ESTUDOS E PRÁTICAS	A4	
2764-0612	REVISTA TXAI - PROGRAMA DE PÓS GRADUAÇÃO EM DE ARTES CÊNICAS - UFAC	B3	
2684-012X	REVISTA UCRONÍAS	B2	
1677-9037	REVISTA UFG (IMPRESSO)	A3	
2179-2925	REVISTA UFG (ONLINE)	A3	
2316-8072	REVISTA UNEMAT DE CONTABILIDADE	B3	
1981-741X	REVISTA UNG. GEOCIÊNCIAS (ONLINE)	B3	
2179-5037	REVISTA UNIABEU	B4	
1519-5694	REVISTA UNIANDRADE (IMPRESSO)	B3	
2676-0436	REVISTA UNIARAGUAIA	A3	
1677-8308	REVISTA UNIFAMMA	B3	
2358-9485	REVISTA UNIFESO - HUMANAS E SOCIAIS	B3	
2236-9074	REVISTA UNIÍTALO EM PESQUISA	B1	
2318-2083	REVISTA UNILUS ENSINO E PESQUISA (ONLINE)	B2	
2318-0579	REVISTA UNINGÁ	C	
2357-9870	REVISTA UNINTER DE COMUNICAÇÃO	B2	
1517-3275	REVISTA UNIVAP	B4	
1809-3337	REVISTA UNIVERSO CONTÁBIL	A4	
2393-6886	REVISTA URUGUAYA DE ANTROPOLOGÍA Y ETNOGRAFÍA	B2	
1688-499X	REVISTA URUGUAYA DE CIENCIA POLITICA	A1	
2301-0371	REVISTA URUGUAYA DE ENFERMERÍA	B1	
0103-9989	REVISTA USP	A1	
2316-9036	REVISTA USP	A1	
2236-1375	REVISTA VALISE	A3	
2525-9008	REVISTA VALORE	A4	
2526-043X	REVISTA VALORE - REVISTA CIENTÍFICA DA FASF FACULDADE SUL FLUMINENSE	A4	
2446-8118	REVISTA VARIA SCIENTIA ¿ CIÊNCIAS DA SAÚDE	B3	
2763-6313	REVISTA VELHO CHICO	B1	
2764-9024	REVISTA VERDE - GREEN JOURNAL	B4	
1981-8203	REVISTA VERDE DE AGROECOLOGIA E DESENVOLVIMENTO SUSTENTÁVEL	B1	
2675-2395	REVISTA VERDE GRANDE – GEOGRAFIA E INTERDISCIPLINARIDADE	A3	
1808-6764	REVISTA VERDE GRANDE (UNIMONTES)	A3	
1410-0991	REVISTA VERITAS (TIMOR LESTE)	B3	
2359-0106	REVISTA VERTENTES DO DIREITO	B1	
2177-5362	REVISTA VÉRTICE	C	
2177-3726	"REVISTA ""VIANNA SAPIENS"""	B2	
2176-641X	REVISTA VIAS REFLEXIVAS	B3	
2965-8845	REVISTA VIDA. CIÊNCIAS DA VIDA (ONLINE)	B4	
2965-8853	REVISTA VIDA: CIÊNCIAS HUMANAS (ONLINE)	C	
2965-8861	REVISTA VIDA: EXATAS E CIÊNCIAS DA TERRA (ONLINE)	B4	
2177-7837	REVISTA VIDERE (ON LINE)	A2	
2525-6025	REVISTA VINCCI	B3	
1678-8931	REVISTA VIRTUAL DE ESTUDOS DA LINGUAGEM	A3	
1984-6835	REVISTA VIRTUAL DE QUÍMICA	B1	
2317-6628	REVISTA VIRTUAL EN_FIL - ENCONTROS COM A FILOSOFIA	B1	
2447-2484	REVISTA VIS: REVISTA DO PROGRAMA DE PÓS-GRADUAÇÃO EM ARTE	A2	
1518-5494	REVISTA VIS (UNB)	A2	
2446-8290	REVISTA VISAGEM	B3	
2238-9636	REVISTA VISÃO: GESTÃO ORGANIZACIONAL	B2	
2477-9547	REVISTA VISIÓN GERENCIAL	B2	
2447-1313	REVISTA VISUAIS	A2	
2675-9616	REVISTA VITRUVIAN COGITATIONES - RVC	B2	
2318-9665	REVISTA VIVER IFRS	B1	
2317-9937	REVISTA VÓRTEX	A1	
2452-5901	REVISTA WIRAPURU - REVISTA LATINO AMERICANA DE ESTUDIOS DE LAS IDEAS	A4	
1980-0614	REVISTA X	A2	
1980-9921	REVISTA Z CULTURAL (UFRJ)	B3	
2764-0787	REVISTA ZABELÊ	B2	
1807-6211	REVISTALEPH	B1	
2447-6145	REVISTAS LÍNGUAS & ENSINO	C	
2184-3805	REVISTAS TODAS AS ARTES	B1	
2764-4979	REVOLUTIONARY CRITICISM	B4	
2184-4860	REVSALUS	B4	
2117-4350	REVUE DE DROIT COMPARÉ DU TRAVAIL ET DE LA SÉCURITÉ SOCIALE	A3	
2426-296X	REVUE DE L´ENFANCE ET DE L´ADOLESCENCE.	B4	
1245-4060	REVUE D'ÉCONOMIE DU DÉVELOPPEMENT (PRINT)	B2	
1573-7888	REVUE DES ÉTUDES COOPÉRATIVES, MUTUALISTES ET ASSOCIATIVES	A1	
1623-6572	REVUE DES SCIENCES SOCIALES - UNIVERSITÉ DE STRASBOURG	A4	
2551-5896	REVUE D’ÉTUDES DÉCOLONIALES	C	
1777-540X	"REVUE D´HISTOIRE DE I'ENFANCE ""IRRÉGULIÈRE"""	A3	
1784-5734	REVUE ÉMULATIONS	A4	
2263-0856	REVUE FRANÇAISE DES SCIENCES DE L'INFORMATION ET DE LA COMMUNICATION	A2	
2970-7501	REVUE FRANÇAISE DU CENTRE D'ÉTUDES AVANCÉES EN ÉDUCATION ET DÉVELOPPEMENT DURABLE (EN LIGNE)	C	
2490-8347	REVUE FRANCOPHONE DE LA PROPRIÉTÉ INTELLECTUELLE	B4	
0035-3787	REVUE NEUROLOGIQUE (PARIS)	A4	
0035-3809	REVUE NOUVELLE	B2	
0245-9442	REVUE POUR	B2	
2526-8074	RG NEWS	B3	
0103-6971	RGO - REVISTA GAUCHA DE ODONTOLOGIA	B3	
1981-8637	RGO. REVISTA GAÚCHA DE ODONTOLOGIA (ONLINE)	B3	
1983-6635	RGO. REVISTA GESTÃO ORGANIZACIONAL (ONLINE)	A3	
1646-9372	RHÊTORIKÊ: REVISTA DIGITAL DE RETÓRICA	B1	
1462-0332	RHEUMATOLOGY	A1	
2198-6584	RHEUMATOLOGY AND THERAPY	A3	
2161-1149	RHEUMATOLOGY: CURRENT RESEARCH	B1	
1437-160X	RHEUMATOLOGY INTERNATIONAL (BERLIN. INTERNET)	A2	
1462-0324	RHEUMATOLOGY (OXFORD. PRINT)	A1	
2452-2198	RHIZOSPHERE	A2	
2795-5559	RIAGE – REVISTA IBERO-AMERICANA DE GERONTOLOGIA	B4	
1980-7031	RIC@. REVISTA INTERDISCIPLINAR CIENTÍFICA APLICADA	B2	
2526-1851	RICADI - REVISTA INTERDISCIPLINAR CONTABILIDADE, ADMINISTRAÇÃO E DIREITO	B4	
1939-8433	RICE	A1	
2038-2480	RICERCA & PRATICA (ONLINE)	B4	
0035-5038	RICERCHE DI MATEMATICA (TESTO STAMPATO)	A4	
2447-746X	RIDPHE_R REVISTA IBEROAMERICANA DO PATRIMÔNIO HISTÓRICO-EDUCATIVO	A3	
1676-9783	RIMAR	B2	
1982-0577	RIOS ELETRÔNICA (FASETE)	A2	
1679-3498	RISCO: REVISTA DE PESQUISA EM ARQUITETURA E URBANISMO	A2	
1984-4506	RISCO: REVISTA DE PESQUISA EM ARQUITETURA E URBANISMO (ONLINE)	A2	
1179-1594	RISK MANAGEMENT AND HEALTHCARE POLICY	A2	
1646-9895	RISTI (PORTO)	A3	
2764-4111	RITECIMA - REVISTA DE INVESTIGAÇÃO TECNOLÓGICA EM EDUCAÇÃO EM CIÊNCIAS E MATEMÁTICA	C	
1535-1459	RIVER RESEARCH AND APPLICATIONS (PRINT)	A3	
2281-1559	RIVISTA DI ECONOMIA AGRARIA	B1	
1826-3534	RIVISTA FEDERALISMI (RIVISTA DI DIRITTO PUBBLICO ITALIANO, COMUNITARIO E COMPARATO)	A1	
2318-406X	RIZOMA	B1	
1989-0605	RIZOMA FREIREANO	A4	
2317-0115	RMP - REVISTA DOS MESTRADOS PROFISSIONAIS	B3	
1555-8584	RNA BIOLOGY	A3	
0263-5747	ROBOTICA (CAMBRIDGE. PRINT)	A2	
2218-6581	ROBOTICS	C	
0921-8890	ROBOTICS AND AUTONOMOUS SYSTEMS (PRINT)	A1	
0736-5845	ROBOTICS AND COMPUTER-INTEGRATED MANUFACTURING	A1	
1981-3708	ROBRAC (ONLINE) (GOIÂNIA)	B3	
2764-3328	ROCALHA	B3	
2720-7501	ROCZNIK OCHRONA ŚRODOWISKA (ONLINE)	A2	
2175-7860	RODRIGUESIA	B3	
0370-6583	RODRIGUÉSIA (IMPRESSO)	B3	
0872-5675	ROMÂNICA (LISBOA)	C	
2318-9304	ROMANITAS - REVISTA DE ESTUDOS GRECOLATINOS	B1	
2178-9061	ROSA DOS VENTOS	A4	
1891-6511	ROSE - RESEARCH ON STEINER EDUCATION	B1	
2674-7774	ROSETA	C	
2177-6059	ROTEIRO	A1	
0104-4311	ROTEIRO (UNOESC)	A1	
1365-2966	ROYAL ASTRONOMICAL SOCIETY. MONTHLY NOTICES	A2	
1745-3933	ROYAL ASTRONOMICAL SOCIETY. MONTHLY NOTICES. LETTERS (ONLINE)	A2	
2054-5703	ROYAL SOCIETY OPEN SCIENCE	A1	
2317-921X	RP 3 - REVISTA DE PESQUISAS EM POLÍTICAS PÚBLICAS	B4	
2754-5849	RPS PHARMACY AND PHARMACOLOGY REPORTS	B3	
2675-570X	RQS - REVISTA QUERO SABER	A4	
2318-7344	@RQUIVO BRASILEIRO DE EDUCAÇÃO	B1	
1984-5685	RSBO	B3	
1806-7727	RSBO. REVISTA SUL-BRASILEIRA DE ODONTOLOGIA	B3	
2046-2069	RSC ADVANCES: AN INTERNATIONAL JOURNAL TO FURTHER THE CHEMICAL SCIENCES	A2	
2976-8683	RSC MECHANOCHEMISTRY (ONLINE)	B2	
2632-8682	RSC MEDICINAL CHEMISTRY	A3	
1983-5264	RSDE. REVISTA SEMESTRAL DE DIREITO EMPRESARIAL	B4	
2179-9911	RUA	A4	
1413-2109	RUA (UNICAMP)	A4	
2673-933X	RUMINANTES (ONLINE)	B4	
1982-677X	RUMORES (USP)	A3	
1851-9628	RUNA: ARCHIVOS PARA LA CIENCIAS DEL HOMBRE (ONLINE)	A1	
1445-6354	RURAL AND REMOTE HEALTH	A4	
1980-1998	RURIS (CAMPINAS)	B2	
2317-4765	RUS - REVISTA DE LITERATURA E CULTURA RUSSA	A4	
2607-6780	RUSCA	B4	
1068-3674	RUSSIAN AGRICULTURAL SCIENCES	B1	
1647-2144	SABER & EDUCAR	B1	
1982-792X	SABER CIENTÍFICO	B3	
1982-8373	SABER DIGITAL	B3	
2446-6298	SABER HUMANO: REVISTA CIENTÍFICA DA FACULDADE ANTONIO MENEGHETTI	B3	
2448-0576	SABERES DA AMAZÔNIA	B2	
1679-687X	SABERES E FAZERES EDUCATIVOS	B3	
2595-6779	SABERES EM FOCO	B2	
1982-6532	SABERES INTERDISCIPLINARES	A4	
1984-3879	SABERES (NATAL)	B2	
2525-507X	SABERES PLURAIS: EDUCAÇÃO NA SAÚDE	B4	
1980-0002	SABIOS (FACULDADE INTEGRADO DE CAMPO MOURÃO. ONLINE)	C	
1807-1295	SACRILEGENS (UFJF)	A3	
0104-8929	SÆCULUM - REVISTA DE HISTÓRIA	A2	
1514-6774	SADIO ELECTRONIC JOURNAL OF INFORMATICS AND OPERATIONS RESEARCH	C	
1946-3979	SAE INTERNATIONAL JOURNAL OF MATERIALS AND MANUFACTURING (PRINT)	B2	
0148-7191	SAE TECHNICAL PAPER SERIES	B2	
2317-6725	SAECULUM	A2	
0925-7535	SAFETY SCIENCE	A1	
2158-2440	SAGE OPEN	A1	
2050-3121	SAGE OPEN MEDICINE	A2	
2237-4116	SALA DE AULA EM FOCO	B1	
2238-3867	SALA PRETA	A1	
2957-4463	SALUD, ARTE Y CUIDADO (SAC)	B4	
2796-9711	SALUD, CIENCIA Y TECNOLOGÍA (ONLINE)	A2	
1669-2381	SALUD COLECTIVA	A4	
1851-8265	SALUD COLECTIVA	A4	
0185-3325	SALUD MENTAL (MÉXICO)	A1	
0036-3634	SALUD PÚBLICA DE MÉXICO (IMPRESA)	A2	
0101-9910	SALUSVITA: REVISTA DA AREA DE CIENCIAS BIOLOGICAS E DA SAUDE	B3	
2966-4322	SALVADOR E SUAS CORES (ONLINE)	C	
2447-5815	SANARE - REVISTA DE POLÍTICAS PÚBLICAS	B3	
2317-7748	SANARE – REVISTA DE POLÍTICAS PÚBLICAS	B3	
1676-8019	SANARE (SOBRAL)	B3	
1806-4779	SANEAS (SÃO PAULO)	B4	
2966-1005	SANHAUÁ (ONLINE)	B4	
1983-6023	SANKOFA (SÃO PAULO)	A3	
1077-5943	SANTA BARBARA PORTUGUESE STUDIES	B1	
2764-9776	SANTÉ - CADERNOS DE CIÊNCIAS DA SAÚDE (ONLINE)	C	
2227-6513	SANTIAGO	A4	
1806-9460	SAO PAULO MEDICAL JOURNAL	A2	
1516-3180	SÃO PAULO MEDICAL JOURNAL (IMPRESSO)	A2	
2177-6342	SAPERE AUDE: REVISTA DE FILOSOFIA	A3	
2596-156X	SAPIENS	B3	
2709-1228	SAPIENTIA & IUSTITIA	B1	
2659-9589	SARMIENTO	B2	
2178-7085	SAÚDE & TRANSFORMAÇÃO SOCIAL / HEALTH & SOCIAL CHANGE	B4	
1806-3365	SAÚDE COLETIVA	B1	
2675-0244	SAÚDE COLETIVA (BARUERI)	B3	
2317-8582	SAÚDE E DESENVOLVIMENTO HUMANO	B1	
2316-347X	SAUDE E MEIO AMBIENTE - REVISTA INTERDISCIPLINAR	A4	
2176-9206	SAÚDE E PESQUISA (ONLINE)	B1	
1984-0470	SAÚDE E SOCIEDADE (ONLINE)	A2	
0104-1290	SAÚDE E SOCIEDADE (USP. IMPRESSO)	A2	
0103-1104	SAUDE EM DEBATE	A2	
2358-2898	SAÚDE EM DEBATE	A2	
2238-1244	SAÚDE EM REVISTA	B2	
2317-2770	SAÚDE, ÉTICA E JUSTIÇA	B2	
2236-5834	SAÚDE (SANTA MARIA)	B1	
0103-4499	SAÚDE (SANTA MARIA)	B1	
2594-5890	SAÚDE.COM-CIÊNCIA	B4	
2616-6186	SAUDI JOURNAL OF NURSING AND HEALTH CARE	B2	
1319-0164	SAUDI PHARMACEUTICAL JOURNAL	A3	
2236-3297	SBC JOURNAL ON 3D INTERACTIVE SYSTEMS	A4	
2168-1805	SCADINAVIAN JOURNAL OF UROLOGY	A4	
0300-9475	SCANDINAVIAN JOURNAL OF IMMUNOLOGY (PRINT)	A3	
1600-0838	SCANDINAVIAN JOURNAL OF MEDICINE & SCIENCE IN SPORTS	A1	
0905-7188	SCANDINAVIAN JOURNAL OF MEDICINE & SCIENCE IN SPORTS	A1	
1103-8128	SCANDINAVIAN JOURNAL OF OCCUPATIONAL THERAPY (PRINT)	A1	
1877-8860	SCANDINAVIAN JOURNAL OF PAIN	A4	
1403-4948	SCANDINAVIAN JOURNAL OF PUBLIC HEALTH	A2	
0303-6898	SCANDINAVIAN JOURNAL OF STATISTICS	A3	
1984-1655	SCHÈME: REVISTA ELETRÔNICA DE PSICOLOGIA E EPISTEMOLOGIA GENÉTICAS	A3	
0920-9964	SCHIZOPHRENIA RESEARCH (PRINT)	A2	
2641-1709	SCHOLARLY JOURNAL OF OTOLARYNGOLOGY	C	
2394-336X	SCHOLEDGE INTERNATIONAL JOURNAL OF MULTIDISCIPLINARY & ALLIED STUDIES	B2	
2596-1772	SCIAS. DIREITOS HUMANOS E EDUCAÇÃO	B1	
2674-905X	SCIAS EDUCAÇÃO, COMUNICAÇÃO E TECNOLOGIA	B1	
1355-0306	SCIENCE & JUSTICE	A3	
0302-3427	SCIENCE & PUBLIC POLICY (PRINT)	A2	
0765-1597	SCIENCE & SPORTS	B1	
2375-2548	SCIENCE ADVANCES	A1	
2318-356X	SCIENCE AND ANIMAL HEALTH	B4	
1471-5430	SCIENCE AND PUBLIC POLICY (ONLINE)	A2	
1687-6075	SCIENCE AND TECHNOLOGY OF NUCLEAR INSTALLATIONS (PRINT)	A4	
0950-5431	SCIENCE AS CULTURE	A1	
1470-1189	SCIENCE AS CULTURE (ONLINE)	A1	
2095-9273	SCIENCE BULLETIN	A3	
1674-7283	SCIENCE CHINA MATHEMATICS (PRINT)	A1	
2077-2327	SCIENCE EDUCATION INTERNATIONAL (ONLINE)	A2	
0036-8326	SCIENCE EDUCATION (SALEM, MASS. PRINT)	A1	
0036-8075	SCIENCE (NEW YORK, N.Y.)	A1	
1095-9203	SCIENCE (NEW YORK, N.Y.: ONLINE)	A1	
0036-8423	SCIENCE NEWS (WASHINGTON)	B4	
0167-6423	SCIENCE OF COMPUTER PROGRAMMING (PRINT)	A3	
1855-7171	SCIENCE OF GYMNASTIC JOURNAL	B1	
0048-9697	SCIENCE OF THE TOTAL ENVIRONMENT	A1	
2772-5693	SCIENCE TALKS	B1	
0971-7218	SCIENCE, TECHNOLOGY AND SOCIETY	A2	
1983-2443	SCIENTIA AGRARIA (ONLINE)	C	
1983-1471	SCIENTIA AGRARIA PARANAENSIS	B1	
1678-992X	SCIENTIA AGRICOLA	A1	
0103-9016	SCIENTIA AGRICOLA (USP. IMPRESSO)	A1	
2077-9917	SCIENTIA AGROPECUÁRIA	A2	
2764-6807	SCIENTIA EGRESSOS	C	
2318-1222	SCIENTIA FORESTALIS	B1	
1413-9324	SCIENTIA FORESTALIS (IPEF)	B1	
2675-2999	SCIENTIA GENERALIS (ONLINE)	A4	
0304-4238	SCIENTIA HORTICULTURAE	A1	
2178-8189	SCIENTIA IURIS (ONLINE)	A3	
1980-6108	SCIENTIA MEDICA (PORTO ALEGRE. ONLINE)	B2	
2596-1640	SCIENTIA NATURALIS	A2	
2218-0532	SCIENTIA PHARMACEUTICA	A4	
1808-2793	SCIENTIA PLENA	B1	
2176-123X	SCIENTIARUM HISTORIA - ENCONTRO LUSO-BRASILEIRO DE HISTÓRIA DA CIÊNCIA (IMPRESSO)	B1	
2052-4463	SCIENTIFIC DATA	A1	
2316-9281	SCIENTIFIC ELECTRONIC ARCHIVES	B1	
2317-2835	SCIENTIFIC INVESTIGATION IN DENTISTRY	B3	
2965-0364	SCIENTIFIC JOURNAL ANAP	B3	
2764-2216	SCIENTIFIC JOURNAL OF APPLIED SOCIAL AND CLINICAL SCIENCE	C	
2045-2322	SCIENTIFIC REPORTS	A1	
0138-9130	SCIENTOMETRICS	A1	
1588-2861	SCIENTOMETRICS (ONLINE)	A1	
1825-9618	SCIENZA & POLITICA. PER UNA STORIA DELLE DOTTRINE (ONLINE)	A4	
2666-4003	SCIPOST PHYSICS PROCEEDINGS (ONLINE)	C	
2236-9600	SCIRE SALUTIS	C	
1135-3716	SCIRE (ZARAGOZA)	A3	
2813-3064	SCLEROSIS (ONLINE)	C	
2358-3428	SCRIPTA	A3	
1984-6614	SCRIPTA ALUMNI	B2	
1359-6462	SCRIPTA MATERIALIA	A1	
1138-9788	SCRIPTA NOVA (BARCELONA)	A3	
1516-4039	SCRIPTA (PUCMG)	A3	
2674-6085	SCRIPTA UNIANDRADE	B2	
1679-5520	SCRIPTA UNIANDRADE	B2	
2526-8848	SCRIPTORIUM (PUCRS)	B2	
2792-0771	SEATIFIC JOURNAL (ONLINE)	B4	
0186-0348	SECUENCIA: REVISTA DE HISTORIA Y CIENCIAS SOCIALES	A1	
2179-8095	SÉCULO XXI - REVISTA DE CIÊNCIAS SOCIAIS	A4	
2236-6725	SÉCULO XXI - REVISTA DE CIÊNCIAS SOCIAIS	A4	
2675-200X	SEDE DE LER	B1	
2179-5258	SEDE DE LER	B1	
2813-415X	SEDIMENTOLOGIKA (ONLINE)	C	
0037-0746	SEDIMENTOLOGY (AMSTERDAM. PRINT)	A1	
0960-2585	SEED SCIENCE RESEARCH	A3	
2674-1024	SEEDS	B1	
1808-8023	SEGURANÇA ALIMENTAR E NUTRICIONAL	B3	
2316-297X	SEGURANÇA ALIMENTAR E NUTRICIONAL	B3	
1059-1311	SEIZURE (LONDON, ENGLAND)	A3	
2358-4238	SEM ASPAS	B2	
2236-6717	SEMANA ACADÊMICA: REVISTA CIENTÍFICA	A3	
2675-1836	SEMEAR: REVISTA DE ALIMENTAÇÃO, NUTRIÇÃO E SAÚDE	C	
2178-5368	SEMEIOSIS: SEMIÓTICA E TRANSDISCIPLINARIDADE EM REVISTA	B1	
2237-1966	SEMIÁRIDO DE VISU	B1	
2763-8804	SEMINA - REVISTA DOS PÓS-GRADUANDOS EM HISTÓRIA DA UPF	A4	
1676-5435	SEMINA: CÊNCIAS BIOLÓGICAS E DA SAÚDE	B1	
1676-546X	SEMINA. CIÊNCIAS AGRÁRIAS (IMPRESSO)	A4	
1679-0359	SEMINA. CIÊNCIAS AGRÁRIAS (ONLINE)	A4	
1679-0367	SEMINA. CIÊNCIAS BIOLÓGICAS E DA SAÚDE (ONLINE)	B1	
1679-0375	SEMINA. CIÊNCIAS EXATAS E TECNOLÓGICAS (ONLINE)	B3	
1679-0383	SEMINA. CIÊNCIAS SOCIAIS E HUMANAS (ONLINE)	A4	
1677-1001	SEMINA (UPF)	A4	
0049-0172	SEMINARS IN ARTHRITIS AND RHEUMATISM (PRINT)	A1	
1084-9521	SEMINARS IN CELL & DEVELOPMENTAL BIOLOGY	A1	
0093-7754	SEMINARS IN ONCOLOGY	A3	
0882-0538	SEMINARS IN OPHTHALMOLOGY	A4	
1069-3424	SEMINARS IN RESPIRATORY AND CRITICAL CARE MEDICINE	A2	
0037-1998	SEMIOTICA (BERLIN)	A1	
2214-1804	SENSING AND BIO-SENSING RESEARCH	A1	
0924-4247	SENSORS AND ACTUATORS. A, PHYSICAL	A1	
0925-4005	SENSORS AND ACTUATORS. B, CHEMICAL	A1	
2666-0539	SENSORS AND ACTUATORS REPORTS	A1	
1424-8220	SENSORS (BASEL)	A4	
2183-1432	SENSOS-E REVISTA MULTIMÉDIA DE INVESTIGAÇÃO EM EDUCAÇÃO	A4	
1517-2112	SEPA. SEMINÁRIO ESTUDANTIL DE PRODUÇÃO ACADÊMICA	B3	
1383-5866	SEPARATION AND PURIFICATION TECHNOLOGY (PRINT)	A1	
0149-6395	SEPARATION SCIENCE AND TECHNOLOGY (PRINT)	A2	
2297-8739	SEPARATIONS	B1	
2177-7055	SEQUENCIA	A1	
0101-9562	SEQUÊNCIA (UFSC)	A1	
2178-8987	SER SOCIAL	A1	
1415-6946	SER SOCIAL (UNB)	A1	
1821-3952	SERBIAN ARCHITECTURAL JOURNAL (PRINT)	B2	
1452-4864	SERBIAN JOURNAL OF MANAGEMENT	A4	
2318-1982	SÉRIE-ESTUDOS	A1	
1414-5138	SÉRIE-ESTUDOS (UCDB)	A1	
2763-566X	SERTANIAS: REVISTA DE CIÊNCIAS HUMANAS E SOCIAIS	B2	
2764-3956	SERTÃO HISTÓRIA	B3	
1995-0411	SERVICE & TOURISM: CURRENT CHALLENGES	B3	
1995-042X	SERVICES IN RUSSIA AND ABROAD	B4	
1413-4233	SERVIÇO SOCIAL & REALIDADE	B1	
2176-0896	SERVIÇO SOCIAL & REALIDADE (ONLINE)	B1	
2317-6318	SERVIÇO SOCIAL & SOCIEDADE	A1	
0101-6628	SERVIÇO SOCIAL & SOCIEDADE	A1	
2446-5992	SERVIÇO SOCIAL E SAÚDE	B1	
2236-6180	SERVIÇO SOCIAL EM DEBATE	A2	
2596-3155	SERVIÇO SOCIAL EM DEBATE - UEMG	B2	
1679-4842	SERVIÇO SOCIAL EM REVISTA	A2	
0360-0025	SEX ROLES	A1	
1984-6487	SEXUALIDAD, SALUD Y SOCIEDAD (RIO DE JANEIRO)	A1	
1095-5143	SEXUALITY & CULTURE	A2	
1537-4521	SEXUALLY TRANSMITTED DISEASES (ONLINE)	A3	
1368-4973	SEXUALLY TRANSMITTED INFECTIONS (PRINT)	A2	
1916-050X	SFU EDUCATIONAL REVIEW	A2	
1073-2322	SHOCK (AUGUSTA, GA.)	A1	
1758-5732	SHOULDER & ELBOW (PRINT)	A4	
0036-1399	SIAM JOURNAL ON APPLIED MATHEMATICS (PRINT)	A2	
0363-0129	SIAM JOURNAL ON CONTROL AND OPTIMIZATION (PRINT)	A1	
0036-1429	SIAM JOURNAL ON NUMERICAL ANALYSIS (PRINT)	A1	
1064-8275	SIAM JOURNAL ON SCIENTIFIC COMPUTING (PRINT)	A1	
2238-9083	SIG REVISTA DE PSICANÁLISE	B2	
2530-0350	SIGLO CERO	B1	
2317-0840	SIGMAE	B2	
1133-3634	SIGNA (MADRID)	B3	
1863-1703	SIGNAL, IMAGE AND VIDEO PROCESSING (PRINT)	A4	
0165-1684	SIGNAL PROCESSING (PRINT)	A2	
2316-7114	SIGNIFICAÇÃO. REVISTA DE CULTURA AUDIOVISUAL	A2	
1982-2014	SIGNO (UNISC. ONLINE)	A1	
2314-2189	SIGNO Y SEÑA	A2	
1984-5057	SIGNOS DO CONSUMO	A3	
2316-3690	SIGNÓTICA	B1	
0103-7250	SIGNOTICA (UFG)	B1	
2237-4876	SIGNUM [LONDRINA]: ESTUDOS DE LINGUAGEM	A3	
1516-3083	SIGNUM [LONDRINA]: ESTUDOS DE LINGUAGEM	A3	
2310-4244	SÍLEX	B4	
1876-9918	SILICON	A2	
1876-990X	SILICON (PRINT)	A2	
2595-4830	SILLOGÉS	A4	
1983-3253	SIMBIO-LOGIAS (BOTUCATU)	B4	
2316-1620	SIMBIÓTICA. REVISTA ELETRÔNICA	A3	
2526-9887	SIMETRIA (SÃO PAULO. ONLINE)	A3	
1569-190X	SIMULATION MODELLING PRACTICE AND THEORY	A1	
0102-7360	SINERGIA (FURG)	B2	
2177-451X	SINERGIA (IFSP. ONLINE)	B4	
2183-4687	SINERGIAS - DIÁLOGOS EDUCATIVOS PARA A TRANSFORMAÇÃO SOCIAL	B1	
2596-2612	SINGULAR SOCIAIS E HUMANIDADES	A4	
2176-9389	SÍNTESE - REVISTA DE FILOSOFIA	A2	
1980-5160	SISTEMAS & GESTÃO	B3	
2182-9640	SISYPHUS - JOURNAL OF EDUCATION	A4	
1984-5812	SITIENTIBUS : UNIVERSIDADE DE FEIRA DE SANTANA (SÉRIE CIÊNCIAS FÍSICAS)	C	
0101-8841	SITIENTIBUS (UEFS)	B2	
2215-227X	SIWÓ: REVISTA DE TEOLOGÍA/REVISTA DE ESTUDIOS SOCIORRELIGIOSOS	B1	
1550-9109	SLEEP	A1	
1522-1709	SLEEP & BREATHING	A2	
1520-9512	SLEEP & BREATHING	A2	
1479-8425	SLEEP AND BIOLOGICAL RHYTHMS (ONLINE)	B1	
2667-3436	SLEEP EPIDEMIOLOGY	B2	
2352-7218	SLEEP HEALTH (IMPRESSO)	A1	
1389-9457	SLEEP MEDICINE (AMSTERDAM. PRINT)	A1	
1556-407X	SLEEP MEDICINE CLINICS	A2	
1087-0792	SLEEP MEDICINE REVIEWS	A1	
1984-0063	SLEEP SCIENCE	A4	
1984-0659	SLEEP SCIENCE (IMPRESSO)	A4	
2574-8017	SM JOURNAL OF UROLOGY (ONLINE)	B4	
1806-6976	SMAD. REVISTA ELETRÔNICA SAÚDE MENTAL ÁLCOOL E DROGAS	A4	
0921-898X	SMALL BUSINESS ECONOMICS	A1	
2531-0046	SMALL BUSINESS INTERNATIONAL REVIEW	A4	
0921-4488	SMALL RUMINANT RESEARCH	A2	
2688-4046	SMALL SCIENCE (ONLINE)	A1	
2156-227X	SMALL WARS JOURNAL (ONLINE)	C	
1613-6810	SMALL (WEINHEIM. PRINT)	A1	
2772-3755	SMART AGRICULTURAL TECHNOLOGY	A1	
2046-6099	SMART AND SUSTAINABLE BUILT ENVIRONMENT	A1	
2520-6478	SMART AND SUSTAINABLE MANUFACTURING SYSTEMS	A4	
2624-6511	SMART CITIES	C	
0964-1726	SMART MATERIALS AND STRUCTURES (PRINT)	A2	
2160-2492	SMPTE MOTION IMAGING JOURNAL (ONLINE)	B2	
2523-3971	SN APPLIED SCIENCES	A1	
2523-3963	SN APPLIED SCIENCES	A1	
2662-9399	SN BUSINESS & ECONOMICS	A3	
2523-8973	SN COMPREHENSIVE CLINICAL MEDICINE	A2	
2661-8907	SN COMPUTER SCIENCE	A2	
2662-9283	SN SOCIAL SCIENCES	B1	
1519-7883	SOBRE TUDO	A4	
1466-0970	SOCCER AND SOCIETY	A1	
2526-4702	SOCIABILIDADES URBANAS: REVISTA DE ANTROPOLOGIA E SOCIOLOGIA	B3	
1749-5024	SOCIAL COGNITIVE AND AFFECTIVE NEUROSCIENCE (ONLINE)	A1	
1750-8614	SOCIAL ENTERPRISE JOURNAL	A2	
0269-1728	SOCIAL EPISTEMOLOGY	A1	
0303-8300	SOCIAL INDICATORS RESEARCH	A1	
1557-7112	SOCIAL MEDICINE (SOCIAL MEDICINE PUBLICATION GROUP)	B3	
1869-5469	SOCIAL NETWORK ANALYSIS AND MINING	A1	
1869-5450	SOCIAL NETWORK ANALYSIS AND MINING	A1	
2169-3285	SOCIAL NETWORKING	C	
2169-3323	SOCIAL NETWORKING (ONLINE)	C	
1747-0919	SOCIAL NEUROSCIENCE	A3	
0144-5596	SOCIAL POLICY & ADMINISTRATION (PRINT)	A2	
0933-7954	SOCIAL PSYCHIATRY AND PSYCHIATRIC EPIDEMIOLOGY (PRINT)	A1	
1948-5506	SOCIAL PSYCHOLOGICAL AND PERSONALITY SCIENCE	A1	
1948-5514	SOCIAL PSYCHOLOGICAL AND PERSONALITY SCIENCE (ONLINE)	A1	
1747-1117	SOCIAL RESPONSIBILITY JOURNAL	A1	
2695-9755	SOCIAL REVIEW	B3	
0277-9536	SOCIAL SCIENCE & MEDICINE (1982)	A1	
2583-0074	SOCIAL SCIENCE JOURNAL FOR ADVANCED RESEARCH	B3	
2241-1984	SOCIAL SCIENCES	A3	
2076-0760	SOCIAL SCIENCES	C	
2590-2911	SOCIAL SCIENCES & HUMANITIES OPEN	A1	
2392-9863	SOCIAL SCIENCES AND EDUCATION RESEARCH REVIEW (PRINT)	B3	
0306-3127	SOCIAL STUDIES OF SCIENCE	A3	
0160-9513	SOCIAL WORK WITH GROUPS (NEW YORK. 1978)	A4	
0885-4300	SOCIALISM AND DEMOCRACY	B2	
0103-1570	SOCIEDADE & NATUREZA (UFU. IMPRESSO)	A1	
1982-4513	SOCIEDADE & NATUREZA (UFU. ONLINE)	A1	
1678-9849	SOCIEDADE BRASILEIRA DE MEDICINA TROPICAL. REVISTA	A4	
1982-7342	SOCIEDADE, CONTABILIDADE E GESTÃO (UFRJ)	A4	
1980-8194	SOCIEDADE E CULTURA (ONLINE)	A3	
0102-6992	SOCIEDADE E ESTADO (UNB. IMPRESSO)	A1	
1415-5893	SOCIEDADE E TERRITÓRIO (NATAL)	A2	
2317-0204	SOCIEDADE EM DEBATE	A2	
2674-9238	SOCIEDADE EM DEBATE	B2	
1414-9869	SOCIEDADE EM DEBATE (UCPEL)	A2	
0765-3697	SOCIÉTÉS (PARIS)	A2	
2075-4698	SOCIETIES	C	
0894-1920	SOCIETY & NATURAL RESOURCES	A2	
2447-8067	SOCIOBIOLOGY	B1	
0361-6525	SOCIOBIOLOGY	B1	
0038-0121	SOCIO-ECONOMIC PLANNING SCIENCES	A1	
2238-3875	SOCIOLOGIA & ANTROPOLOGIA	A2	
2177-7446	SOCIOLOGIA DA EDUCAÇÃO - REVISTA LUSO BRASILEIRA	B4	
0392-5048	SOCIOLOGIA DEL LAVORO	A2	
2359-3717	SOCIOLOGIA EM REDE	B2	
2182-7907	SOCIOLOGIA, PROBLEMAS E PRÁTICAS	A2	
2316-9249	SOCIOLOGIAS PLURAIS	B1	
1807-0337	SOCIOLOGIAS (UFRGS)	A1	
1517-4522	SOCIOLOGIAS (UFRGS. IMPRESSO)	A1	
0038-0261	SOCIOLOGICAL REVIEW (KEELE. PRINT)	A1	
2576-4470	SOCIOLOGY INTERNATIONAL JOURNAL	C	
0141-9889	SOCIOLOGY OF HEALTH & ILLNESS (PRINT)	A2	
1433-7479	SOFT COMPUTING	A1	
1432-7643	SOFT COMPUTING (BERLIN. PRINT)	A1	
1744-6848	SOFT MATTER	A2	
1619-1366	SOFTWARE AND SYSTEMS MODELING	A2	
2665-9638	SOFTWARE IMPACTS	B2	
0038-0644	SOFTWARE, PRACTICE & EXPERIENCE (PRINT)	A2	
1097-024X	SOFTWARE: PRACTICE AND EXPERIENCE	A2	
2352-7110	SOFTWAREX	A3	
0167-1987	SOIL & TILLAGE RESEARCH	A1	
2950-2896	SOIL ADVANCES (ONLINE)	B4	
0038-0717	SOIL BIOLOGY & BIOCHEMISTRY	A1	
1838-675X	SOIL RESEARCH	A4	
1435-0661	SOIL SCIENCE SOCIETY OF AMERICA JOURNAL	A2	
2667-0062	SOIL SECURITY	A3	
2571-8789	SOIL SYSTEMS	A2	
0266-0032	SOIL USE AND MANAGEMENT	A1	
1475-2743	SOIL USE AND MANAGEMENT	A1	
1980-9743	SOILS & ROCKS	A3	
2304-0688	SOL NASCENTE	A4	
0038-092X	SOLAR ENERGY	A1	
0927-0248	SOLAR ENERGY MATERIALS AND SOLAR CELLS	A1	
2673-9941	SOLAR (ONLINE)	C	
0038-0938	SOLAR PHYSICS	A3	
2367-198X	SOLAR RRL	A1	
0038-1098	SOLID STATE COMMUNICATIONS	A4	
1293-2558	SOLID STATE SCIENCES	A2	
2316-4123	SOMANLU: REVISTA DE ESTUDOS AMAZÔNICOS	A4	
1518-4765	SOMANLU (UFAM)	A4	
0899-0220	SOMATOSENSORY & MOTOR RESEARCH	B2	
1676-6261	SONHO POSSÍVEL (UNILASALLE)	C	
1988-0847	SORTUZ: OÑATI JOURNAL OF EMERGENT SOCIO-LEGAL STUDIES	A3	
2695-2718	SOSTENIBILIDAD	A3	
0375-1589	SOUTH AFRICAN JOURNAL OF ANIMAL SCIENCE	A4	
2221-4062	SOUTH AFRICAN JOURNAL OF ANIMAL SCIENCE	A4	
0254-6299	SOUTH AFRICAN JOURNAL OF BOTANY	A2	
1727-9321	SOUTH AFRICAN JOURNAL OF BOTANY	A2	
2223-7682	SOUTH AFRICAN JOURNAL OF CHILDHOOD EDUCATION (ONLINE)	B2	
2224-7890	SOUTH AFRICAN JOURNAL OF INDUSTRIAL ENGINEERING	B2	
2152-8586	SOUTH AFRICAN REVIEW OF SOCIOLOGY	B2	
2446-5763	SOUTH AMERICAN DEVELOPMENT SOCIETY JOURNAL	B2	
2446-4821	SOUTH AMERICAN JOURNAL OF BASIC EDUCATION, TECHNICAL AND TECHNOLOGICAL	A4	
2675-7222	SOUTH AMERICAN SCIENCES	B2	
2675-5459	SOUTH FLORIDA JOURNAL OF DEVELOPMENT	C	
2675-5467	SOUTH FLORIDA JOURNAL OF HEALTH	C	
2070-2620	SOUTHERN FORESTS (PRINT)	B1	
2764-5959	SOUTHERN JOURNAL OF SCIENCES (ONLINE)	C	
2595-5934	SOUZA EAD REVISTA ACADÊMICA	B3	
2253-6574	SPANISH JOURNAL OF SOIL SCIENCE	B1	
1877-5845	SPATIAL AND SPATIO-TEMPORAL EPIDEMIOLOGY	A4	
1742-1772	SPATIAL ECONOMIC ANALYSIS	A4	
1086-055X	SPE JOURNAL (SOCIETY OF PETROLEUM ENGINEERS (U.S.). 1996)	A2	
2690-3857	SPE POLYMERS	A2	
1930-1863	SPE PRODUCTION & OPERATIONS	A4	
1754-4505	SPECIAL CARE DENSTIST	B1	
0275-1879	SPECIAL CARE IN DENTISTRY	B1	
1386-1425	SPECTROCHIMICA ACTA. PART A, MOLECULAR AND BIOMOLECULAR SPECTROSCOPY (PRINT)	A1	
0584-8547	SPECTROCHIMICA ACTA. PART B, ATOMIC SPECTROSCOPY	A2	
0038-7010	SPECTROSCOPY LETTERS	B1	
0167-6393	SPEECH COMMUNICATION (PRINT)	A2	
1362-4393	SPINAL CORD	A2	
1476-5624	SPINAL CORD (ONLINE)	A2	
2337-0351	SPORT MONT	A2	
1840-3662	SPORT SCIENCE (TRAVNIK. PRINT)	C	
1825-1234	SPORT SCIENCES FOR HEALTH	B1	
1824-7490	SPORT SCIENCES FOR HEALTH (TESTO STAMPATO)	B1	
1986-6119	SPORTLOGIA	B3	
2075-4663	SPORTS	A3	
1941-7381	SPORTS HEALTH: A MULTIDISCIPLINARY APPROACH	A1	
2198-9761	SPORTS MEDICINE - OPEN (ONLINE)	A1	
2666-3376	SPORTS MEDICINE AND HEALTH SCIENCE	A1	
0112-1642	SPORTS MEDICINE (AUCKLAND)	A1	
2367-1890	SPORTS MEDICINE INERNATIONAL OPEN	B1	
2197-9553	SPRINGER GEOLOGY	B3	
2666-5603	SSM - MENTAL HEALTH	B1	
2352-8273	SSM - POPULATION HEALTH	A1	
0102-1214	STAB (PIRACICABA)	B4	
2305-6703	STANDARDS	C	
0247-106X	STAPS. SCIENCES ET TECHNIQUES DES ACTIVITÉS PHYSIQUES ET SPORTIVES	A4	
0038-9056	STARCH ‐ STÄRKE	A3	
2046-6056	STATE CRIME JOURNAL	A1	
1932-1864	STATISTICAL ANALYSIS AND DATA MINING	A2	
1477-0334	STATISTICAL METHODS IN MEDICAL RESEARCH	A2	
0960-3174	STATISTICS AND COMPUTING	A2	
1938-7989	STATISTICS AND ITS INTERFACE	B3	
2310-5070	STATISTICS, OPTIMIZATION AND INFORMATION COMPUTING	A4	
2571-905X	STATS (BASEL)	C	
2405-7177	STEDELIJK STUDIES JOURNAL	A3	
2413-9467	STELLENBOSCH THEOLOGICAL JOURNAL	A1	
1757-6512	STEM CELL RESEARCH & THERAPY	A1	
2629-3269	STEM CELL REVIEWS AND REPORTS	A3	
2157-6564	STEM CELLS TRANSLATIONAL MEDICINE	A1	
0039-128X	STEROIDS (STONEHAM, MA.)	A4	
1532-6349	STOCHASTIC MODELS	B2	
1984-2988	STRATEGIC DESIGN RESEARCH JOURNAL	A2	
0143-2095	STRATEGIC MANAGEMENT JOURNAL	A1	
1524-1602	STRENGTH AND CONDITIONING JOURNAL	A2	
1607-8888	STRESS	A2	
2673-7140	STRESSES	A2	
1615-1488	STRUCTURAL AND MULTIDISCIPLINARY OPTIMIZATION (INTERNET)	A1	
1615-147X	STRUCTURAL AND MULTIDISCIPLINARY OPTIMIZATION (PRINT)	A1	
1040-0400	STRUCTURAL CHEMISTRY	A4	
1464-4177	STRUCTURAL CONCRETE (LONDON. 1999)	A2	
1545-2263	STRUCTURAL CONTROL AND HEALTH MONITORING	A3	
1225-4568	STRUCTURAL ENGINEERING AND MECHANICS	A3	
1475-9217	STRUCTURAL HEALTH MONITORING	A1	
2352-0124	STRUCTURES	A1	
0393-8417	STUDI E MATERIALI DI STORIA DELLE RELIGIONI	B2	
2444-7080	STUDIA HISTORICA. HA CONTEMPORÁNEA (INTERNET)	A1	
2082-8594	STUDIA IBERYSTYCZNE - KRACÓVIA	A3	
2317-7462	STUDIA KANTIANA	A2	
1518-403X	STUDIA KANTIANA (RIO DE JANEIRO)	A2	
2336-4521	STUDIA PAEDAGOGICA	A3	
2063-0476	STUDIES IN AGRICULTURAL ECONOMICS (ONLINE)	B1	
0039-3630	STUDIES IN CONSERVATION	A2	
2764-0868	STUDIES IN EDUCATION SCIENCES	C	
2764-0981	STUDIES IN ENGINEERING AND EXACT SCIENCES	C	
2764-0760	STUDIES IN ENVIRONMENTAL AND ANIMAL SCIENCES	C	
0926-9630	STUDIES IN HEALTH TECHNOLOGY AND INFORMATICS	B2	
0307-5079	STUDIES IN HIGHER EDUCATION (DORCHESTER-ON-THAMES)	A2	
2764-4782	STUDIES IN MULTIDISCIPLINARY REVIEW	C	
2764-0884	STUDIES IN STUDIES IN HEALTH SCIENCES	C	
1354-9901	STUDIES IN WORLD CHRISTIANITY	A2	
0165-0521	STUDIES ON NEOTROPICAL FAUNA AND ENVIRONMENT	A4	
1676-157X	STYLUS	B1	
1666-244X	SUBJETIVIDAD Y PROCESOS COGNITIVOS	B3	
2359-0777	SUBJETIVIDADES	A3	
1082-6084	SUBSTANCE USE & MISUSE	A2	
2314-1174	SUDAMÉRICA	A1	
0974-0740	SUGAR TECH	A3	
0972-1525	SUGAR TECH	A3	
2675-3758	SUL-SUL	B2	
2215-910X	SUMA DE NEGOCIOS	A4	
0100-5405	SUMMA PHYTOPATHOLOGICA (IMPRESSO)	B3	
0719-448X	SUMMA PSICOLÓGICA UST	A4	
0718-0446	SUMMA PSICOLÓGICA UST	A4	
2313-8734	SUPERCOMPUTING FRONTIERS AND INNOVATIONS	B2	
0749-6036	SUPERLATTICES AND MICROSTRUCTURES	A3	
1359-8546	SUPPLY CHAIN MANAGEMENT	A1	
1467-9604	SUPPORT FOR LEARNING	A2	
0941-4355	SUPPORTIVE CARE IN CANCER	A2	
1433-7339	SUPPORTIVE CARE IN CANCER (INTERNET)	A2	
2295-0729	SUR LE JOURNALISME, ABOUT JOURNALISM, SOBRE JORNALISMO	A3	
1983-3342	SUR. REVISTA INTERNACIONAL DE DIREITOS HUMANOS	B3	
1806-6445	SUR. REVISTA INTERNACIONAL DE DIREITOS HUMANOS (IMPRESSO)	B3	
0257-8972	SURFACE & COATINGS TECHNOLOGY	A1	
0142-2421	SURFACE AND INTERFACE ANALYSIS (PRINT)	A4	
0039-6028	SURFACE SCIENCE	A3	
2571-9637	SURFACES	A4	
2468-0230	SURFACES AND INTERFACES	A1	
2673-4095	SURGERIES	C	
1984-8773	SURGICAL & COSMETIC DERMATOLOGY	B4	
2520-8454	SURGICAL AND EXPERIMENTAL PATHOLOGY	B2	
1279-8517	SURGICAL AND RADIOLOGIC ANATOMY (ONLINE)	A4	
0930-2794	SURGICAL ENDOSCOPY	A1	
2152-7806	SURGICAL NEUROLOGY INTERNATIONAL	B1	
1752-2706	SURVEY REVIEW	A4	
0039-6265	SURVEY REVIEW	A4	
2071-1050	SUSTAINABILITY (BASEL)	A3	
2470-637X	SUSTAINABILITY IN ENVIRONMENT	A2	
2470-6388	SUSTAINABILITY IN ENVIRONMENT (ONLINE)	A2	
1862-4065	SUSTAINABILITY SCIENCE	A1	
1807-5908	SUSTAINABLE BUSINESS INTERNATIONAL JOURNAL	B4	
2673-4079	SUSTAINABLE CHEMISTRY	B2	
2352-5541	SUSTAINABLE CHEMISTRY AND PHARMACY	A1	
2949-8392	SUSTAINABLE CHEMISTRY FOR THE ENVIRONMENT (ONLINE)	B4	
2210-6707	SUSTAINABLE CITIES AND SOCIETY	A1	
2210-5379	SUSTAINABLE COMPUTING: INFORMATICS AND SYSTEMS	A1	
1099-1719	SUSTAINABLE DEVELOPMENT	A1	
0968-0802	SUSTAINABLE DEVELOPMENT (BRADFORD)	A1	
2520-8748	SUSTAINABLE EARTH REVIEWS (ONLINE)	A3	
2398-4902	SUSTAINABLE ENERGY & FUELS (ONLINE)	A2	
2352-4677	SUSTAINABLE ENERGY, GRIDS AND NETWORKS	A2	
2213-1388	SUSTAINABLE ENERGY TECHNOLOGIES AND ASSESSMENTS AN INTERNATIONAL JOURNAL	A1	
2666-1888	SUSTAINABLE FUTURES	A1	
2772-7378	SUSTAINABLE HORIZONS (ONLINE)	A2	
2661-3158	SUSTAINABLE MARINE STRUCTURES	B4	
2214-9937	SUSTAINABLE MATERIALS AND TECHNOLOGIES	A1	
2666-4127	SUSTAINABLE OPERATIONS AND COMPUTERS	A1	
2352-5509	SUSTAINABLE PRODUCTION AND CONSUMPTION	A1	
2363-5045	SUSTAINABLE WATER RESOURCES MANAGEMENT	A4	
2363-5037	SUSTAINABLE WATER RESOURCES MANAGEMENT	A4	
2675-7885	SUSTENTABILIDADE	B1	
2177-7675	SUSTENTABILIDADE EM DEBATE	A4	
2179-9067	SUSTENTABILIDADE EM DEBATE	A4	
2359-0424	SUSTINERE: REVISTA DE SAÚDE E EDUCAÇÃO	A2	
2753-9172	SVOA DENTISTRY	B4	
2210-6502	SWARM AND EVOLUTIONARY COMPUTATION	A1	
0082-0598	SYDOWIA	A3	
0039-7660	SYLWAN	B3	
0334-5114	SYMBIOSIS (PHILADELPHIA, PA.)	A2	
2073-8994	SYMMETRY	A3	
2674-0583	SYNBIO EDITORIAL OFFICE	B4	
1984-6754	SYNESIS (ON LINE)	A2	
2509-9396	SYNOPEN	A4	
1851-779X	SYNTHESIS	A1	
1676-9805	SYNTHESIS (LAGES)	C	
1414-915X	(SYN)THESIS (RIO DE JANEIRO)	B3	
0039-7881	SYNTHESIS (STUTTGART)	A3	
0039-7911	SYNTHETIC COMMUNICATIONS	A4	
0379-6779	SYNTHETIC METALS	A2	
1362-1971	SYSTEMATIC AND APPLIED ACAROLOGY	A4	
0723-2020	SYSTEMATIC AND APPLIED MICROBIOLOGY (PRINT)	A1	
0363-6445	SYSTEMATIC BOTANY	B1	
0165-5752	SYSTEMATIC PARASITOLOGY	B2	
2046-4053	SYSTEMATIC REVIEWS	A1	
1477-2000	SYSTEMATICS AND BIODIVERSITY (PRINT)	A3	
2079-8954	SYSTEMS	C	
0167-6911	SYSTEMS & CONTROL LETTERS (PRINT)	A2	
1092-7026	SYSTEMS RESEARCH AND BEHAVIORAL SCIENCE	A1	
2176-5782	TABULEIRO DE LETRAS	A4	
1876-1070	TAIWAN INSTITUTE OF CHEMICAL ENGINEERS. JOURNAL	A2	
2666-8319	TALANTA OPEN	A2	
0039-9140	TALANTA (OXFORD)	A1	
0716-0798	TALLER DE LETRAS (SANTIAGO)	A4	
2595-0967	TANGRAM - REVISTA DE EDUCAÇÃO MATEMÁTICA	A3	
0040-0262	TAXON	A2	
2673-6500	TAXONOMY	C	
1678-3697	TD. TEORIA E DEBATE	C	
2238-8079	TEAR - REVISTA DE EDUCAÇÃO, CIÊNCIA E TECNOLOGIA	A4	
1984-3585	TECCOGS: REVISTA DIGITAL DE TECNOLOGIAS COGNITIVAS	B2	
1983-7631	TECER (BELO HORIZONTE)	B1	
2764-9083	TECERES - REVISTA DA AINPGP (ONLINE)	B3	
2405-6324	TECHNICAL INNOVATIONS & PATIENT  SUPPORT IN RADIATION ONCOLOGY (ONLINE)	A2	
0232-3869	TECHNISCHE MECHANIK (PRINT)	B3	
2668-7798	TECHNIUM SOCIAL SCIENCES JOURNAL	C	
0040-1625	TECHNOLOGICAL FORECASTING & SOCIAL CHANGE	A1	
2227-7080	TECHNOLOGIES	A4	
0953-7325	TECHNOLOGY ANALYSIS & STRATEGIC MANAGEMENT	A1	
1055-4181	TECHNOLOGY AND DISABILITY	B1	
0928-7329	TECHNOLOGY AND HEALTH CARE	B2	
2835-9445	TECHNOLOGY IN AGRONOMY (ONLINE)	B4	
0160-791X	TECHNOLOGY IN SOCIETY	A1	
2211-1662	TECHNOLOGY, KNOWLEDGE AND LEARNING	A1	
0166-4972	TECHNOVATION	A1	
2323-0126	TECNÉ, EPISTEME Y DIDAXIS: TED (REVISTA DE LA FACULTAD DE CIENCIA Y TECNOLOGÍA)	A1	
2526-2130	TECNIA - REVISTA DE EDUCAÇÃO, CIÊNCIA E TECNOLOGIA DO IFG	A4	
0101-1138	TÉCNICOURO (NOVO HAMBURGO)	B3	
1414-8498	TECNOLOGIA & CULTURA (CEFET/RJ)	B3	
2466-4812	TECNOLOGIA DE CARNE	B4	
0102-5503	TECNOLOGIA EDUCACIONAL	B1	
2176-1523	TECNOLOGIA EM METALURGIA, MATERIAIS E MINERAÇÃO	B1	
2178-6267	TECNOLOGIAS EM PROJEÇÃO	B2	
2318-8839	TECNOLOGIAS, SOCIEDADE E CONHECIMENTO	A3	
1982-6753	TECNO-LÓGICA	B2	
0257-1749	TECNOLOGICA (GUAYAQUIL)	B3	
2038-3460	TECNOSCIENZA: ITALIAN JOURNAL OF SCIENCE & TECHNOLOGY STUDIES	B1	
0278-7407	TECTONICS (WASHINGTON, D.C.)	A1	
0040-1951	TECTONOPHYSICS (AMSTERDAM)	A1	
1518-5370	TEIAS (RIO DE JANEIRO. IMPRESSO)	A1	
2176-4808	TEKHNE E LOGOS	B4	
2697-2719	TEKOPORÁ: REVISTA LATINOAMERICANA DE HUMANIDADES AMBIENTALES Y ESTUDIOS TERRITORIALES	B1	
1572-9451	TELECOMMUNICATION SYSTEMS	A4	
0308-5961	TELECOMMUNICATIONS POLICY	A1	
1018-4864	TELECOMMUNICATIONS SYSTEMS	A4	
1530-5627	TELEMEDICINE JOURNAL AND E-HEALTH	A1	
2785-1370	TELESTES: AN INTERNATIONAL JOURNAL OF ARCHAEOMUSICOLOGY AND ARCHAEOLOGY OF SOUND	B3	
1600-0870	TELLUS SERIES A: DYNAMIC METEOROLOGY AND OCEANOGRAPHY	A3	
1519-9452	TELLUS (UCDB)	A4	
1668-8600	TEMA DE MUJERES	A4	
1677-1966	TEMA. TENDÊNCIAS EM MATEMÁTICA APLICADA E COMPUTACIONAL	B2	
1519-7972	TEMAS & MATIZES (IMPRESSO)	A4	
1981-4682	TEMAS & MATIZES (ONLINE)	A4	
0864-134X	TEMAS (CIUDAD DE LA HABANA)	B1	
1654-9910	TEMAS DE INTEGRAÇÃO	C	
2359-7003	TEMAS EM EDUCACAO	A3	
2526-3471	TEMAS EM EDUCAÇÃO E SAÚDE	A4	
1517-7947	TEMAS EM EDUCAÇÃO E SAÚDE (ARARAQUARA)	A4	
2525-5916	TEMAS EM EDUCAÇÃO FÍSICA ESCOLAR	B4	
0104-2777	TEMAS EM EDUCAÇÃO (UFPB)	A3	
2447-2131	TEMAS EM SAÚDE	B3	
1519-0870	TEMAS EM SAÚDE (JOÃO PESSOA)	B3	
1807-8931	TEMÁTICA	B1	
2595-315X	TEMÁTICAS (ONLINE)	B1	
2357-7274	TEMPO AMAZÔNICO	B1	
1981-4798	TEMPO DA CIÊNCIA	B3	
1414-3089	TEMPO DA CIÊNCIA (UNIOESTE)	B3	
2175-1803	TEMPO E ARGUMENTO	A1	
1980-542X	TEMPO (NITERÓI. ONLINE)	A1	
2316-6576	TEMPO PSICANALÍTICO	A3	
0101-4838	TEMPO PSICANALÍTICO	A3	
1413-7704	TEMPO. REVISTA DO DEPARTAMENTO DE HISTÓRIA DA UFF	A1	
1809-4554	TEMPO SOCIAL (ONLINE)	A1	
0103-2070	TEMPO SOCIAL (USP. IMPRESSO)	A1	
1984-6150	TEMPORALIDADES	B1	
2238-1856	TEMPORALIS	A1	
1518-7934	TEMPORALIS (BRASÍLIA)	A1	
2317-5516	TEMPORIS [AÇÃO]	A2	
1517-4689	TEMPOS HISTÓRICOS (EDUNIOESTE)	A1	
0214-7351	TEMPS D'EDUCACIÓ	B1	
2014-7627	TEMPS D'EDUCACIÓ	B1	
1982-8829	TEMPUS ACTAS DE SAÚDE COLETIVA	B4	
1677-9460	TENDÊNCIAS (CRATO)	B4	
1983-5116	TENDÊNCIAS DA PESQUISA BRASILEIRA EM CIÊNCIA DA INFORMAÇÃO	A4	
2179-8451	TENDÊNCIAS EM MATEMÁTICA APLICADA E COMPUTACIONAL	B2	
2539-0554	TENDENCIAS (ONLINE)	A2	
2393-6754	TENSO DIAGONAL: REVISTA DE TEORÍA, CRÍTICA E CREACÍON SOBRE LITERATURAS, CULTURAS Y COMUNIDADES FRONTERIZAS	B1	
1983-5744	TENSÕES MUNDIAIS / WORLD TENSIONS	A2	
1809-3124	TENSÕES MUNDIAIS (IMPRESSO)	A2	
1980-6736	TEOCOMUNICAÇÃO (ONLINE)	A2	
0103-314X	TEOCOMUNICAÇÃO (PUCRS. IMPRESSO)	A2	
2236-9937	TEOLITERÁRIA: REVISTA BRASILEIRA DE LITERATURAS E TEOLOGIAS	A3	
2236-0107	TEORIA & PESQUISA (ON LINE)	A4	
2318-101X	TEORIA E CULTURA (ONLINE)	A4	
1809-5968	TEORIA E CULTURA (UFJF)	A4	
0104-0960	TEORIA E EVIDENCIA ECONOMICA (UPF)	B2	
2237-8707	TEORIA E PRÁTICA DA EDUCAÇÃO (ON LINE)	A3	
2238-104X	TEORIA E PRATICA EM ADMINISTRACAO (TPA)	A4	
2526-0464	TEORIA JURÍDICA CONTEMPORÂNEA	A4	
2116-3480	TEORÍA Y CRÍTICA DE LA PSICOLOGÍA	A4	
1677-5937	TERAPIA MANUAL	B3	
1413-0378	TERCEIRA MARGEM	A4	
2318-373X	TERCEIRO MILÊNIO - REVISTA CRÍTICA DE SOCIOLOGIA E POLÍTICA	B2	
1982-095X	TERR@ PLURAL (UEPG. ONLINE)	A2	
1519-1265	TERRA BRASILIS (RIO DE JANEIRO)	A2	
0102-8030	TERRA LIVRE	A2	
2674-8355	TERRA LIVRE (ONLINE)	A2	
1678-2054	TERRA ROXA E OUTRAS TERRAS	B3	
1760-5296	TERRITOIRES DU VIN	B3	
2280-9376	TERRITORI DELLA CULTURA	B3	
2675-4371	TERRITÓRIO, ESPAÇO CONSTRUÍDO E MEIO AMBIENTE	B4	
1984-9036	TERRITÓRIOS E FRONTEIRAS (ONLINE)	A1	
1519-4183	TERRITÓRIOS E FRONTEIRAS (UFMT)	A1	
0872-8941	TERRITORIUM (COIMBRA)	A2	
1909-8391	TESIS PSICOLOGICA	A3	
2318-9576	TESSITURAS: REVISTA DE ANTROPOLOGIA E ARQUEOLOGIA	A2	
1852-4532	TESTIMONIOS, REVISTA DE LA ASOCIACIÓN DE HISTORIA ORAL DE LA REPÚBLICA ARGENTINA	A3	
0040-4039	TETRAHEDRON LETTERS	B1	
0940-9459	TEXTE ZUR KUNST	B4	
0040-5175	TEXTILE RESEARCH JOURNAL	A3	
1980-265X	TEXTO & CONTEXTO ENFERMAGEM	A2	
0104-0707	TEXTO & CONTEXTO ENFERMAGEM	A2	
1807-9288	TEXTO DIGITAL (UFSC)	A3	
1983-3652	TEXTO LIVRE	A1	
1677-5473	TEXTO PARA DISCUSSÃO (BRASÍLIA. 1998)	B1	
1678-1988	TEXTO PARA DISCUSSÃO (UFPI)	A2	
1677-9509	TEXTOS & CONTEXTOS (PORTO ALEGRE)	A2	
2175-8085	TEXTOS DE ECONOMIA	B1	
2317-1448	TEXTOS E DEBATES - REVISTA DE FILOSOFIA E CIÊNCIAS HUMANAS DA UNIVERSIDADE FEDERAL DE RORAIMA	A3	
1413-9987	TEXTOS E DEBATES (UFRR)	A3	
2447-8210	TEXTOS PARA DISCUSSÃO	B3	
2525-4405	TEXTOS PARA DISCUSSÃO (NEEDDS)	A4	
1645-6017	TEXTOS&PRETEXTOS	B4	
2358-0801	TEXTURA - ULBRA	A4	
1518-4919	TEXTURA (CANOAS)	A4	
1982-2103	THAUMAZEIN (SANTA MARIA)	A4	
2077-7205	THE AFRICAN JOURNAL OF INFORMATION AND COMMUNICATION	A2	
0002-8762	THE AMERICAN HISTORICAL REVIEW	A1	
0002-9149	THE AMERICAN JOURNAL OF CARDIOLOGY	A4	
1941-5923	THE AMERICAN JOURNAL OF CASE REPORTS	A4	
0002-9165	THE AMERICAN JOURNAL OF CLINICAL NUTRITION	A1	
0735-6757	THE AMERICAN JOURNAL OF EMERGENCY MEDICINE (PRINT)	A1	
1064-7481	THE AMERICAN JOURNAL OF GERIATRIC PSYCHIATRY (PRINT)	A1	
0002-953X	THE AMERICAN JOURNAL OF PSYCHIATRY	A1	
0002-9629	THE AMERICAN JOURNAL OF THE MEDICAL SCIENCES (PRINT)	A2	
0002-9637	THE AMERICAN JOURNAL OF TROPICAL MEDICINE AND HYGIENE	A2	
1932-8486	THE ANATOMICAL RECORD: ADVANCES IN INTEGRATIVE ANATOMY AND EVOLUTIONARY BIOLOGY	A2	
1932-8494	THE ANATOMICAL RECORD (HOBOKEN ONLINE)	A2	
0003-3219	THE ANGLE ORTHODONTIST	A1	
1945-7103	THE ANGLE ORTHODONTIST (ONLINE)	A1	
1432-0592	THE ANNALS OF REGIONAL SCIENCE: INTERNATIONAL JOURNAL OF URBAN, REGIONAL AND ENVIRONMENTAL RESEARCH AND POLICY	A3	
1178-704X	THE APPLICATION OF CLINICAL GENETICS	A4	
0004-6256	THE ASTRONOMICAL JOURNAL (NEW YORK, N.Y.)	A2	
0004-637X	THE ASTROPHYSICAL JOURNAL	A2	
0067-0049	THE ASTROPHYSICAL JOURNAL. SUPPLEMENT SERIES	A1	
0278-8403	THE BEHAVIOR THERAPIST	B2	
0006-3185	THE BIOLOGICAL BULLETIN (LANCASTER)	A3	
0006-8101	THE BOTANICAL REVIEW	A1	
1413-8670	THE BRAZILIAN JOURNAL OF INFECTIOUS DISEASES (IMPRESSO)	A3	
1678-4391	THE BRAZILIAN JOURNAL OF INFECTIOUS DISEASES (ONLINE)	A3	
1475-2662	THE BRITISH JOURNAL OF NUTRITION (ONLINE)	A1	
0007-2745	THE BRYOLOGIST (COLLEGE STATION, TX)	B1	
1920-7239	THE CANADIAN JOURNAL OF INFORMATION AND LIBRARY SCIENCE (ONLINE)	B2	
1528-0691	THE CHEMICAL RECORD	A1	
1545-1569	THE CLEFT PALATE-CRANIOFACIAL JOURNAL (ONLINE)	A2	
1055-6656	THE CLEFT PALATE-CRANIOFACIAL JOURNAL (PRINT)	A2	
0749-8047	THE CLINICAL JOURNAL OF PAIN	A2	
1460-6925	THE DESIGN JOURNAL	A1	
1756-3062	THE DESIGN JOURNAL	A1	
2397-3498	THE DOWNSIDE REVIEW: SAGE JOURNALS	B3	
1838-2673	THE ECONOMIC AND LABOUR RELATION REVIEW (ONLINE)	A2	
0013-0796	THE ECUMENICAL REVIEW	B1	
1687-8329	THE EGYPTIAN JOURNAL OF NEUROLOGY, PSYCHIATRY AND NEUROSURGERY	A4	
1040-6190	THE ELECTRICITY JOURNAL	A1	
1681-4835	THE ELECTRONIC JOURNAL OF INFORMATION SYSTEMS IN DEVELOPING COUNTRIES	A3	
2318-7115	THE ESPECIALIST	A3	
0965-7452	THE EUROPEAN JOURNAL OF PROSTHODONTICS AND RESTORATIVE DENTISTRY	A3	
0213-6163	THE EUROPEAN JOURNAL OF PSYCHIATRY	A4	
1464-360X	THE EUROPEAN JOURNAL OF PUBLIC HEALTH	A1	
1434-6028	THE EUROPEAN PHYSICAL JOURNAL. B, CONDENSED MATTER PHYSICS (PRINT)	A4	
1434-6060	THE EUROPEAN PHYSICAL JOURNAL. D, ATOMIC, MOLECULAR AND OPTICAL PHYSICS (PRINT)	B1	
2529-9824	THE EUROPEAN PUBLIC & SOCIAL INNOVATION REVIEW (EPSIR)	B1	
0903-1936	THE EUROPEAN RESPIRATORY JOURNAL	A1	
2214-790X	THE EXTRACTIVE INDUSTRIES AND SOCIETY	A1	
0892-6638	THE FASEB JOURNAL	A1	
1742-464X	THE FEBS JOURNAL (PRINT)	A1	
0256-6419	THE FIEP BULLETIN	B3	
2412-2688	THE FIEP BULLETIN	B3	
0015-4040	THE FLORIDA ENTOMOLOGIST	A4	
2692-4374	THE GAZETTE OF MEDICAL SCIENCES	B3	
0016-9013	THE GERONTOLOGIST (WASHINGTON, D.C.)	A1	
0093-0334	THE HASTINGS CENTER REPORT	A1	
1477-0911	THE HOLOCENE (ONLINE)	A1	
0019-5170	THE INDIAN JOURNAL OF ECONOMICS	B2	
1559-2448	THE INTERNATIONAL FOOD AND AGRIBUSINESS MANAGEMENT REVIEW (ONLINE)	A3	
2327-1779	THE INTERNATIONAL JOURNAL OF ARTS THEORY AND HISTORY	B3	
1980-0509	THE INTERNATIONAL JOURNAL OF ATHEROSCLEROSIS (ONLINE)	B4	
1479-5868	THE INTERNATIONAL JOURNAL OF BEHAVIOURAL NUTRITION AND PHYSICAL ACTIVITY (ONLINE)	A1	
0393-6155	THE INTERNATIONAL JOURNAL OF BIOLOGICAL MARKERS (TESTO STAMPATO)	A3	
2090-4916	THE INTERNATIONAL JOURNAL OF BIOMEDICAL DATA MINING	B4	
1569-5794	THE INTERNATIONAL JOURNAL OF CARDIOVASCULAR IMAGING	A4	
1028-6632	THE INTERNATIONAL JOURNAL OF CULTURAL POLICY	A1	
0276-3478	THE INTERNATIONAL JOURNAL OF EATING DISORDERS (PRINT)	A1	
1465-7503	THE INTERNATIONAL JOURNAL OF ENTREPRENEURSHIP AND INNOVATION	A1	
0749-6753	THE INTERNATIONAL JOURNAL OF HEALTH PLANNING AND MANAGEMENT	A2	
1989-1660	THE INTERNATIONAL JOURNAL OF INTERACTIVE MULTIMEDIA AND ARTIFICIAL INTELLIGENCE - IJIMAI	A1	
2514-2178	THE INTERNATIONAL JOURNAL OF JAMES BOND STUDIES (ONLINE)	B4	
0948-3349	THE INTERNATIONAL JOURNAL OF LIFE CYCLE ASSESSMENT	A2	
1614-7502	THE INTERNATIONAL JOURNAL OF LIFE CYCLE ASSESSMENT (ONLINE)	A2	
1472-8117	THE INTERNATIONAL JOURNAL OF MANAGEMENT EDUCATION	A1	
0882-2786	THE INTERNATIONAL JOURNAL OF ORAL AND MAXILLOFACIAL IMPLANTS	A3	
1029-8436	THE INTERNATIONAL JOURNAL OF PAVEMENT ENGINEERING	A2	
0198-7569	THE INTERNATIONAL JOURNAL OF PERIODONTICS & RESTORATIVE DENTISTRY	A4	
1741-0401	THE INTERNATIONAL JOURNAL OF PRODUCTIVITY AND PERFORMANCE MANAGEMENT	A1	
0893-2174	THE INTERNATIONAL JOURNAL OF PROSTHODONTICS	A3	
1027-3719	THE INTERNATIONAL JOURNAL OF TUBERCULOSIS AND LUNG DISEASE	A3	
2563-5638	THE INTERNATIONAL REVIEW OF INFORMATION ETHICS	B2	
1528-8315	THE INTERNET JOURNAL OF HEALTH	C	
1751-7362	THE ISME JOURNAL (PRINT)	A1	
2764-7625	THE JOURNAL HEALTH AND TECHONOLOGY – JHT	B3	
0099-1333	THE JOURNAL OF ACADEMIC LIBRARIANSHIP	A2	
0021-8464	THE JOURNAL OF ADHESION (PRINT)	A3	
0021-8596	THE JOURNAL OF AGRICULTURAL SCIENCE (PRINT)	A1	
1075-5535	THE JOURNAL OF ALTERNATIVE AND COMPLEMENTARY MEDICINE (NEW YORK, N.Y.)	A3	
2475-7241	THE JOURNAL OF APPLIED LABORATORY MEDICINE	A4	
1930-7799	THE JOURNAL OF ARTS MANAGEMENT, LAW, AND SOCIETY	A1	
0885-8624	THE JOURNAL OF BUSINESS & INDUSTRIAL MARKETING	A1	
1561-0713	THE JOURNAL OF CETACEAN RESEARCH AND MANAGEMENT	B2	
0021-9606	THE JOURNAL OF CHEMICAL PHYSICS	A2	
1941-2789	THE JOURNAL OF CLINICAL AND AESTHETIC DERMATOLOGY	A4	
0021-972X	THE JOURNAL OF CLINICAL ENDOCRINOLOGY AND METABOLISM	A1	
1053-4628	THE JOURNAL OF CLINICAL PEDIATRIC DENTISTRY (PRINT)	A4	
1552-4604	THE JOURNAL OF CLINICAL PHARMACOLOGY	A3	
1067-0564	THE JOURNAL OF CONTEMPORARY CHINA	A1	
1049-2275	THE JOURNAL OF CRANIOFACIAL SURGERY (PRINT)	B1	
1548-5129	THE JOURNAL OF DEFENSE MODELING AND SIMULATION	A4	
1548-2278	THE JOURNAL OF DEVELOPING AREAS (ONLINE)	A1	
0736-4679	THE JOURNAL OF EMERGENCY MEDICINE	A4	
2527-1075	THE JOURNAL OF ENGINEERING AND EXACT SCIENCES	B1	
1070-4965	THE JOURNAL OF ENVIRONMENT & DEVELOPMENT	A2	
0095-8964	THE JOURNAL OF ENVIRONMENTAL EDUCATION	A1	
1041-2905	THE JOURNAL OF ESSENTIAL OIL RESEARCH	A2	
1532-3382	THE JOURNAL OF EVIDENCE-BASED DENTAL PRACTICE	A1	
0022-1007	THE JOURNAL OF EXPERIMENTAL MEDICINE	A1	
0270-7314	THE JOURNAL OF FUTURES MARKETS	A2	
1050-6926	THE JOURNAL OF GEOMETRIC ANALYSIS	A1	
2156-9614	THE JOURNAL OF HEALTH AND POLLUTION	B1	
1053-2498	THE JOURNAL OF HEART AND LUNG TRANSPLANTATION	A1	
1029-8479	THE JOURNAL OF HIGH ENERGY PHYSICS (ONLINE)	A1	
0195-6701	THE JOURNAL OF HOSPITAL INFECTION	A1	
0163-4453	THE JOURNAL OF INFECTION	A1	
0022-1899	THE JOURNAL OF INFECTIOUS DISEASES	A1	
1073-1105	THE JOURNAL OF LAW, MEDICINE & ETHICS	A1	
1385-3457	THE JOURNAL OF MANAGEMENT AND GOVERNANCE	A2	
1066-9817	THE JOURNAL OF MANUAL & MANIPULATIVE THERAPY	A4	
0967-7720	THE JOURNAL OF MEDICAL BIOGRAPHY	B4	
1041-3545	THE JOURNAL OF MEDICAL HUMANITIES	A2	
2755-0834	THE JOURNAL OF MEDICINE ACCESS	B1	
0022-2631	THE JOURNAL OF MEMBRANE BIOLOGY (PRINT)	A4	
0270-6474	THE JOURNAL OF NEUROSCIENCE	A1	
1279-7707	THE JOURNAL OF NUTRITION, HEALTH & AGING	A2	
0022-3166	THE JOURNAL OF NUTRITION (PRINT)	A1	
2475-9066	THE JOURNAL OF OPEN SOURCE SOFTWARE	A1	
0160-6972	THE JOURNAL OF ORAL IMPLANTOLOGY	A4	
1526-5900	THE JOURNAL OF PAIN (PRINT)	A2	
0022-3395	THE JOURNAL OF PARASITOLOGY	B1	
1743-9361	THE JOURNAL OF PEASANT STUDIES (ONLINE)	A1	
0022-3476	THE JOURNAL OF PEDIATRICS	A1	
0893-2190	THE JOURNAL OF PERINATAL & NEONATAL NURSING	A3	
1089-5639	THE JOURNAL OF PHYSICAL CHEMISTRY. A	A2	
1520-5207	THE JOURNAL OF PHYSICAL CHEMISTRY. B (1997 : ONLINE)	A2	
0022-3816	THE JOURNAL OF POLITICS	A1	
0022-3913	THE JOURNAL OF PROSTHETIC DENTISTRY (PRINT)	A1	
1743-6095	THE JOURNAL OF SEXUAL MEDICINE (PRINT)	A2	
1088-1697	THE JOURNAL OF SOLID WASTE TECHNOLOGY AND MANAGEMENT	B4	
1079-0268	THE JOURNAL OF SPINAL CORD MEDICINE	A4	
1827-1928	THE JOURNAL OF SPORTS MEDICINE AND PHYSICAL FITNESS	A4	
1064-8011	THE JOURNAL OF STRENGTH AND CONDITIONING RESEARCH	A1	
1573-0484	THE JOURNAL OF SUPERCOMPUTING (DORDRECHT. ONLINE)	A2	
0022-4804	THE JOURNAL OF SURGICAL RESEARCH (PRINT)	A2	
0164-1212	THE JOURNAL OF SYSTEMS AND SOFTWARE	A2	
1573-7047	THE JOURNAL OF TECHNOLOGY TRANSFER	A1	
0892-9912	THE JOURNAL OF TECHNOLOGY TRANSFER	A1	
0001-4966	THE JOURNAL OF THE ACOUSTICAL SOCIETY OF AMERICA	A2	
0002-8177	THE JOURNAL OF THE AMERICAN DENTAL ASSOCIATION (1939)	A1	
1055-3290	THE JOURNAL OF THE ASSOCIATION OF NURSES IN AIDS CARE	A1	
2163-0755	THE JOURNAL OF TRAUMA AND ACUTE CARE SURGERY	A1	
1129-7298	THE JOURNAL OF VASCULAR ACCESS (PRINT)	A3	
1678-9199	THE JOURNAL OF VENOMOUS ANIMALS AND TOXINS INCLUDING TROPICAL DISEASES (ONLINE)	A2	
1422-2213	THE JOURNAL OF WORLD INTELLECTUAL PROPERTY	A4	
1079-5006	THE JOURNALS OF GERONTOLOGY. SERIES A, BIOLOGICAL SCIENCES AND MEDICAL SCIENCES	A1	
2352-4642	THE LANCET CHILD & ADOLESCENT HEALTH (IMPRESSO)	A1	
2589-7500	THE LANCET DIGITAL HEALTH	A1	
2468-1253	THE LANCET GASTROENTEROLOGY & HEPATOLOGY	A1	
2214-109X	THE LANCET GLOBAL HEALTH	A1	
2666-5247	THE LANCET MICROBE	A1	
2542-5196	THE LANCET PLANETARY HEALTH	A1	
2215-0366	THE LANCET PSYCHIATRY	A1	
2667-193X	THE LANCET REGIONAL HEALTH - AMERICAS	A2	
2213-2600	THE LANCET RESPIRATORY MEDICINE	A1	
1531-4995	THE LARYNGOSCOPE	A1	
2210-3155	THE NATURAL PRODUCTS JOURNAL	B1	
1074-7931	THE NEUROLOGIST (BALTIMORE, MD.)	B2	
1211-8303	THE NEW PRESENCE	C	
1062-9408	THE NORTH AMERICAN JOURNAL OF ECONOMICS AND FINANCE	A1	
2325-4688	THE ONLINE JOURNAL OF APPLIED KNOWLEDGE MANAGEMENT (ONLINE)	B2	
1874-8368	THE OPEN CONSTRUCTION & BUILDING TECHNOLOGY JOURNAL	A4	
1874-2106	THE OPEN DENTISTRY JOURNAL	B1	
1874-4346	THE OPEN NURSING JOURNAL	B1	
1874-9445	THE OPEN PUBLIC HEALTH JOURNAL	C	
0891-3668	THE PEDIATRIC INFECTIOUS DISEASE JOURNAL	A1	
1552-5775	THE PERMANENTE JOURNAL (ONLINE)	B1	
2349-7092	THE PHARMACEUTICAL AND CHEMICAL JOURNAL	C	
0031-921X	THE PHYSICS TEACHER	A1	
1365-313X	THE PLANT JOURNAL	A1	
1930-7365	THE PLURALIST (PRINT)	B1	
0033-0124	THE PROFESSIONAL GEOGRAPHER	A2	
0270-4137	THE PROSTATE (PRINT)	A2	
0033-2933	THE PSYCHOLOGICAL RECORD	A2	
0272-3433	THE PUBLIC HISTORIAN	A2	
2160-3715	THE QUALITATIVE REPORT (ONLINE)	A2	
1068-6967	THE QUALITY MANAGEMENT JOURNAL	A3	
1747-0218	THE QUARTERLY JOURNAL OF EXPERIMENTAL PSYCHOLOGY (2006. PRINT)	A3	
1062-9769	THE QUARTERLY REVIEW OF ECONOMICS AND FINANCE	A1	
2046-9128	THE REVIEW OF CORPORATE FINANCE STUDIES (PRINT)	A2	
1553-0892	THE REVIEW OF REGIONAL STUDIES (ONLINE)	B1	
1013-9052	THE SAUDI DENTAL JOURNAL	A4	
1537-744X	THE SCIENTIFIC WORLD JOURNAL	C	
0264-2069	THE SERVICE INDUSTRIES JOURNAL	A1	
0147-1724	THE SOUTHWESTERN ENTOMOLOGIST	B4	
1138-7416	THE SPANISH JOURNAL OF PSYCHOLOGY	A1	
1754-2731	THE TQM JOURNAL (PRINT)	A1	
2146-7242	THE TURKISH ONLINE JOURNAL OF EDUCATIONAL TECHNOLOGY	A3	
1090-0233	THE VETERINARY JOURNAL (LONDON, ENGLAND. 1997)	A2	
2611-8939	THE WISE BABY	B4	
1562-2975	THE WORLD JOURNAL OF BIOLOGICAL PSYCHIATRY	A2	
2287-4690	THE WORLD JOURNAL OF MEN'S HEALTH	A1	
1944-3927	THEATRE, DANCE AND PERFORMANCE TRAINING	A3	
2237-843X	THEMA ET SCIENTIA	B4	
1517-6312	THEMA (PELOTAS)	A2	
2525-5096	THEMIS - REVISTA DA ESMEC	A3	
2095-0349	THEORETICAL & APPLIED MECHANICS LETTERS	A2	
1434-4483	THEORETICAL AND APPLIED CLIMATOLOGY	A2	
0177-798X	THEORETICAL AND APPLIED CLIMATOLOGY	A2	
2594-3863	THEORETICAL AND APPLIED ENGINEERING	B4	
0167-8442	THEORETICAL AND APPLIED FRACTURE MECHANICS (PRINT)	A1	
0040-5752	THEORETICAL AND APPLIED GENETICS	A1	
2065-3913	THEORETICAL AND EMPIRICAL RESEARCHES IN URBAN MANAGEMENT	A3	
2197-0025	THEORETICAL AND EXPERIMENTAL PLANT PHYSIOLOGY	A2	
1432-881X	THEORETICAL CHEMISTRY ACCOUNTS (PRINT)	B1	
0304-3975	THEORETICAL COMPUTER SCIENCE	B1	
2162-2086	THEORETICAL ECONOMICS LETTERS	C	
2049-9361	THERAPEUTIC ADVANCES IN INFECTIOUS DISEASE (PRINT)	A3	
1756-2856	THERAPEUTIC ADVANCES IN NEUROLOGICAL DISORDERS	A2	
2041-5990	THERAPEUTIC DELIVERY	A3	
2153-7658	THERAPEUTIC HYPOTHERMIA AND TEMPERATURE MANAGEMENT	A4	
2168-4790	THERAPEUTIC INNOVATION AND REGULATORY SCIENCE	A2	
0040-5957	THÉRAPIE (PARIS)	B1	
0093-691X	THERIOGENOLOGY	A1	
0354-9836	THERMAL SCIENCE	B2	
2451-9049	THERMAL SCIENCE AND ENGINEERING PROGRESS	A1	
0040-6031	THERMOCHIMICA ACTA (PRINT)	A2	
1560-604X	THERMOLOGY INTERNATIONAL	B3	
0040-6090	THIN SOLID FILMS	A3	
1354-6783	THINKING AND REASONING (PRINT)	B2	
1871-1871	THINKING SKILLS AND CREATIVITY (PRINT)	A1	
0952-8822	THIRD TEXT	A4	
0143-6597	THIRD WORLD QUARTERLY (PRINT)	A1	
1477-9560	THROMBOSIS JOURNAL	A4	
1096-4762	THUNDERBIRD INTERNATIONAL BUSINESS REVIEW	A1	
1050-7256	THYROID (NEW YORK, N.Y.)	A1	
1756-6614	THYROID RESEARCH	B1	
1877-959X	TICKS AND TICK-BORNE DISEASES	A1	
2447-5726	TICS & EAD EM FOCO	B1	
0716-9671	TIEMPO Y ESPACIO	B1	
2211-9507	TIJDSCHRIFT OVER CULTUUR & CRIMINALITEIT	A4	
1853-9939	TIP TRABAJOS DE INVESTIGACIÓN EN PARADIPLOMACIA	B4	
1545-4703	TIPITÍ	B1	
2572-3626	TIPITÍ: JOURNAL OF THE SOCIETY FOR THE ANTHROPOLOGY OF LOWLAND SOUTH AMERICA	B1	
0040-8166	TISSUE & CELL	A1	
1937-3368	TISSUE ENGINEERING. PART B, REVIEWS	A1	
1937-3384	TISSUE ENGINEERING. PART C, METHODS	A3	
2594-0716	TLA-MELAUA	A3	
1360-2276	TM & IH. TROPICAL MEDICINE AND INTERNATIONAL HEALTH (PRINT)	A2	
2183-0940	TMQ (LISBOA)	B3	
2175-1277	TODAS AS MUSAS - REVISTA DE LITERATURA E DAS MÚLTIPLAS LINGUAGENS DA ARTE	B2	
1517-4549	TOMO (UFS)	A2	
1134-5764	TOP (MADRID)	A2	
2448-0215	TÓPICOS EDUCACIONAIS (RECIFE. ONLINE)	B1	
1022-5528	TOPICS IN CATALYSIS	A3	
1938-9736	TOPICS IN COMPANION ANIMAL MEDICINE	A3	
1945-5119	TOPICS IN STROKE REHABILITATION (ONLINE)	A1	
2237-101X	TOPOI (ONLINE): REVISTA DE HISTORIA	A1	
1518-3319	TOPOI (RIO DE JANEIRO)	A1	
1478-3363	TOTAL QUALITY MANAGEMENT & BUSINESS EXCELLENCE	A1	
1478-3371	TOTAL QUALITY MANAGEMENT AND BUSINESS EXCELLENCE (ONLINE)	A1	
2182-8466	TOURISM & MANAGEMENT STUDIES	A3	
1083-5423	TOURISM ANALYSIS	A1	
2183-0800	TOURISM AND HOSPITALITY INTERNATIONAL JOURNAL	B3	
2788-5607	TOURISM CASES	B3	
2156-8324	TOURISM PLANNING & DEVELOPMENT	A1	
1660-5373	TOURISM REVIEW (ST. GALLEN)	A1	
0300-483X	TOXICOLOGY (AMSTERDAM)	A2	
0041-008X	TOXICOLOGY AND APPLIED PHARMACOLOGY	A3	
0748-2337	TOXICOLOGY AND INDUSTRIAL HEALTH	A4	
0887-2333	TOXICOLOGY IN VITRO	A3	
0378-4274	TOXICOLOGY LETTERS	A2	
1537-6516	TOXICOLOGY MECHANISMS AND METHODS	A3	
2045-4538	TOXICOLOGY RESEARCH	B2	
0041-0101	TOXICON (OXFORD)	A3	
2590-1710	TOXICON: X	A3	
2305-6304	TOXICS	C	
1556-9543	TOXIN REVIEWS (PRINT)	A2	
2072-6651	TOXINS	A2	
1514-6871	TRABAJO Y SOCIEDAD	A1	
2238-037X	TRABALHO & EDUCAÇÃO	A3	
1516-9537	TRABALHO & EDUCAÇÃO (UFMG)	A3	
1981-7746	TRABALHO, EDUCAÇÃO E SAÚDE (ONLINE)	B1	
2526-1487	TRABALHO (EN)CENA	B1	
1808-799X	TRABALHO NECESSÁRIO	A3	
2183-0266	TRABALHOS DE ANTROPOLOGIA E ETNOLOGIA	B1	
2175-764X	TRABALHOS EM LINGUÍSTICA APLICADA	A1	
0165-9936	TRAC. TRENDS IN ANALYTICAL CHEMISTRY (REGULAR ED.)	A1	
2317-9511	TRADTERM	A3	
0104-639X	TRADTERM	A3	
1808-6195	TRADUÇÃO EM REVISTA (ONLINE)	A4	
1538-9588	TRAFFIC INJURY PREVENTION (PRINT)	A3	
1137-4802	TRAMA Y FONDO: REVISTA DE CULTURA	B3	
1475-5661	TRANSACTION OF THE INSTITUTE OF  BRITISH GEOGRAPHERS (ONLINE)	A1	
1361-1682	TRANSACTIONS IN GIS (PRINT)	A3	
0035-9203	TRANSACTIONS OF THE ROYAL SOCIETY OF TROPICAL MEDICINE AND HYGIENE	A2	
1878-3503	TRANSACTIONS OF THE ROYAL SOCIETY OF TROPICAL MEDICINE AND HYGIENE	A2	
1848-3313	TRANSACTIONS ON MARITIME SCIENCE	A3	
2997-0350	TRANSAMERICA REVIEW (ONLINE)	B3	
2739-6614	TRANSATLANTIC CULTURES	B4	
2530-8521	TRANSATLANTIC STUDIES NETWORK (TSN) (PRINT)	B3	
1865-1682	TRANSBOUNDARY AND EMERGING DISEASES	A2	
1865-1674	TRANSBOUNDARY AND EMERGING DISEASES (PRINT)	A2	
0101-3173	TRANS/FORM/AÇÃO (UNESP. MARÍLIA. IMPRESSO)	A1	
1980-539X	TRANS/FORM/AÇÃO (UNESP. MARÍLIA. ON LINE)	A1	
1750-6166	TRANSFORMING GOVERNMENT	A1	
1473-0502	TRANSFUSION AND APHERESIS SCIENCE	B1	
0041-1132	TRANSFUSION (ARLINGTON, VA.)	A4	
2675-4398	TRANSIÇÕES	B3	
0103-3786	TRANSINFORMAÇÃO	A1	
2318-0889	TRANSINFORMAÇÃO	A1	
0340-4285	TRANSITION METAL CHEMISTRY (WEINHEIM)	A3	
2236-4013	TRANSLATIO	B1	
2223-4683	TRANSLATIONAL ANDROLOGY AND UROLOGY	A3	
2573-2102	TRANSLATIONAL ANIMAL SCIENCE	A3	
2219-6803	TRANSLATIONAL CANCER RESEARCH	B2	
2396-832X	TRANSLATIONAL MEDICINE COMMUNICATIONS	B1	
2158-3188	TRANSLATIONAL PSYCHIATRY	A1	
2717-042X	TRANSLATIONAL RESEARCH IN UROLOGY.	B3	
2573-8488	TRANSLATIONAL SPORTS MEDICINE	A4	
1868-4483	TRANSLATIONAL STROKE RESEARCH	A1	
2164-2591	TRANSLATIONAL VISION SCIENCE AND TECHNOLOGY	A2	
2184-1519	TRANSLOCAL: CULTURAS CONTEMPORÂNEAS LOCAIS E URBANAS	A3	
2184-1047	TRANSLOCAL (PRINT)	B4	
1918-6444	TRANSNATIONAL CORPORATIONS REVIEW	A2	
1399-3062	TRANSPLANT INFECTIOUS DISEASE (ONLINE)	A3	
1398-2273	TRANSPLANT INFECTIOUS DISEASE (PRINT)	A3	
0041-1337	TRANSPLANTATION	A1	
0041-1345	TRANSPLANTATION PROCEEDINGS	B1	
0955-470X	TRANSPLANTATION REVIEWS	A1	
0169-3913	TRANSPORT IN POROUS MEDIA	A3	
0967-070X	TRANSPORT POLICY (OXFORD)	A1	
2214-3912	TRANSPORTATION GEOTECHNICS	A1	
1942-7867	TRANSPORTATION LETTERS	A3	
2590-1982	TRANSPORTATION RESEARCH INTERDISCIPLINARY PERSPECTIVES	A1	
1361-9209	TRANSPORTATION RESEARCH. PART D, TRANSPORT AND ENVIRONMENT	A1	
1366-5545	TRANSPORTATION RESEARCH. PART E, LOGISTICS AND TRANSPORTATION REVIEW	A1	
2352-1465	TRANSPORTATION RESEARCH PROCEDIA	B1	
0361-1981	TRANSPORTATION RESEARCH RECORD	A4	
0041-1655	TRANSPORTATION SCIENCE	A2	
2237-1346	TRANSPORTES (RIO DE JANEIRO)	A3	
2526-2270	TRANSVERSAL: INTERNATIONAL JOURNAL FOR THE HISTORIOGRAPHY OF SCIENCE	A2	
2322-9381	TRASHUMANTE: REVISTA AMERICANA DE HISTORIA SOCIAL	A2	
2397-5776	TRAUMA SURGERY & ACUTE CARE OPEN	A3	
1477-8939	TRAVEL MEDICINE AND INFECTIOUS DISEASE	A1	
0329-9449	TRAVESÍA - REVISTA DE HISTORIA ECONÓMICA Y SOCIAL	A3	
2594-7869	TRAVESSIA (SAO PAULO)	B2	
0103-5576	TRAVESSIA (SAO PAULO)	B2	
2236-7403	TRAVESSIAS INTERATIVAS	A3	
1982-5935	TRAVESSIAS (UNIOESTE. ONLINE)	A4	
2557-0633	TRAYECTORIAS HUMANAS TRASCONTINENTALES	A2	
1614-2942	TREE GENETICS & GENOMES (PRINT)	A2	
0829-318X	TREE PHYSIOLOGY	A1	
1758-4469	TREE PHYSIOLOGY (ONLINE)	A1	
0931-1890	TREES (BERLIN. PRINT)	A2	
2666-7193	TREES, FORESTS AND PEOPLE	A2	
2317-1073	TREM DE LETRAS	B3	
2160-8288	TREMOR AND OTHER HYPERKINETIC MOVEMENTS	A4	
1050-1738	TRENDS IN CARDIOVASCULAR MEDICINE	A1	
2676-0029	TRENDS IN COMPUTATIONAL AND APPLIED MATHEMATICS	B2	
0924-2244	TRENDS IN FOOD SCIENCE & TECHNOLOGY (REGULAR ED.)	A1	
2807-646X	TRENDS IN INFECTION AND GLOBAL HEALTH (TIGH) (ONLINE)	B4	
0966-842X	TRENDS IN MICROBIOLOGY (REGULAR ED.)	A1	
1471-4914	TRENDS IN MOLECULAR MEDICINE (PRINT)	A1	
2211-9493	TRENDS IN NEUROSCIENCE AND EDUCATION	A2	
0166-2236	TRENDS IN NEUROSCIENCES (REGULAR ED.)	A1	
2238-0019	TRENDS IN PSYCHIATRY AND PSYCHOTHERAPY	A4	
2237-6089	TRENDS IN PSYCHIATRY AND PSYCHOTHERAPY	A4	
2358-1883	TRENDS IN PSYCHOLOGY	A1	
2299-9590	TRENDS IN SPORT SCIENCES	B2	
2318-5694	TRÍADE: COMUNICAÇÃO, CULTURA E MÍDIA	A4	
1984-0071	TRIADES EM REVISTA	B2	
1745-6215	TRIALS (LONDON)	A4	
1023-8883	TRIBOLOGY LETTER	A3	
1517-185X	TRIEB (RIO DE JANEIRO)	B4	
2238-1651	TRILHAS DA HISTÓRIA	A2	
1984-5561	TRILHAS FILOSÓFICAS (ONLINE)	A4	
2675-8334	TRILHOS	B4	
2145-7778	TRILOGÍA: CIENCIA, TECNOLOGÍA Y SOCIEDAD	A3	
2675-3189	TRINCHEIRA DEMOCRÁTICA	B4	
2179-5169	TRIVIUM	B2	
2176-4891	TRIVIUM: ESTUDOS INTERDISCIPLINARES	B1	
1870-0462	TROPICAL AND SUBTROPICAL AGROECOSYSTEMS	B2	
0049-4747	TROPICAL ANIMAL HEALTH AND PRODUCTION	A2	
1573-7438	TROPICAL ANIMAL HEALTH AND PRODUCTION	A2	
2615-790X	TROPICAL ANIMAL SCIENCE JOURNAL	A4	
1940-0829	TROPICAL CONSERVATION SCIENCE	A3	
1941-7659	TROPICAL LEPIDOPTERA RESEARCH	B4	
2414-6366	TROPICAL MEDICINE AND INFECTIOUS DISEASE	C	
1935-9764	TROPICAL PLANT BIOLOGY (ONLINE)	A3	
1983-2052	TROPICAL PLANT PATHOLOGY	A2	
2358-212X	TROPOS: COMUNICAÇÃO, SOCIEDADE E CULTURA	A3	
1472-9792	TUBERCULOSIS (EDINBURGH)	A4	
1010-4283	TUMOR BIOLOGY	B1	
1983-5442	TURISMO E SOCIEDADE	B2	
0103-5541	TURISMO EM ANÁLISE	A4	
2763-6690	TURISMO, SOCIEDADE E TERRITÓRIO	B3	
1983-7151	TURISMO: VISÃO E AÇÃO (ONLINE)	A4	
2346-206X	TURISMO Y SOCIEDAD (ONLINE)	A4	
2148-127X	TURKISH JOURNAL OF AGRICULTURE - FOOD SCIENCE AND TECHNOLOGY (TURJAF) (ONLINE)	B1	
1300-008X	TURKISH JOURNAL OF BOTANY	A4	
1300-0527	TURKISH JOURNAL OF CHEMISTRY	B1	
1303-2712	TURKISH JOURNAL OF FISHERIES AND AQUATIC SCIENCES (PRINT)	A3	
1300-7467	TURKISH JOURNAL OF ONCOLOGY	B3	
2148-9505	TURKISH JOURNAL OF ORTHODONTICS	A3	
1300-2163	TURKISH JOURNAL OF PSYCHIATRY	B2	
1300-0128	TURKISH JOURNAL OF VETERINARY & ANIMAL SCIENCES	B1	
1303-6114	TURKISH JOURNAL OF ZOOLOGY	A4	
1988-5261	TURYDES: REVISTA TURISMO Y DESARROLLO LOCAL	B1	
1971-8551	TUTOR (ONLINE)	C	
1758-6437	TWENTIETH CENTURY COMMUNISM	B2	
2675-4088	UÁQUIRI - REVISTA DO PROGRAMA DE PÓS-GRADUAÇÃO EM GEOGRAFIA DA UFAC	A3	
2518-2242	UDZIWI - REVISTA DE EDUCAÇÃO DA UNIVERSIDADE PEDAGÓGICA	B3	
2674-6581	UFAM BUSINESS REVIEW	B3	
2965-6877	UFF & SOCIEDADE (ONLINE)	C	
1415-899X	ÚLTIMO ANDAR (PUCSP. IMPRESSO)	A2	
0041-624X	ULTRASONICS (GUILDFORD)	A2	
1350-4177	ULTRASONICS SONOCHEMISTRY	A1	
0301-5629	ULTRASOUND IN MEDICINE & BIOLOGY	A2	
1469-0705	ULTRASOUND IN OBSTETRICS & GYNECOLOGY	A1	
1657-0987	UN PERIÓDICO	B4	
2527-0168	UNESC EM REVISTA	B3	
1415-5141	UNICIÊNCIAS (UNIC)	B2	
2596-2167	UNIFUNEC CIÊNCIAS DA SAÚDE E BIOLÓGICAS	B2	
2763-5783	UNIFUNEC CIENTÍFICA MULTIDISCIPLINAR	C	
1983-3431	UNILETRAS	A3	
2236-5257	UNIMONTES CIENTÍFICA	B2	
2178-2571	UNINGÁ REVIEW	B3	
2183-3435	UNIO ¿ EU LAW JOURNAL	A2	
1657-4249	UNI-PLURI (MEDELLIN)	A2	
2317-1111	UNISANTA BIOSCIENCE	C	
2317-1308	UNISANTA LAW AND SOCIAL	A4	
2317-1316	UNISANTA SCIENCE AND TECHNOLOGY	C	
2177-5303	UNISUL DE FATO E DE DIREITO	C	
2358-3037	UNITAS - REVISTA ELETRÔNICA DE TEOLOGIA E CIÊNCIAS DAS RELIGIÕES	A4	
1615-5297	UNIVERSAL ACCESS IN THE INFORMATION SOCIETY (INTERNET)	A3	
1615-5289	UNIVERSAL ACCESS IN THE INFORMATION SOCIETY (PRINT)	A3	
2619-9653	UNIVERSAL JOURNAL OF MATHEMATICS AND APPLICATIONS	B2	
2215-4752	UNIVERSIDAD EN DIÁLOGO (ONLINE)	B4	
2530-1012	UNIVERSIDAD, ESCUELA Y SOCIEDAD	B1	
2218-3620	UNIVERSIDAD Y SOCIEDAD	A3	
2595-9239	UNIVERSIDADE E MEIO AMBIENTE	B2	
1517-1779	UNIVERSIDADE E SOCIEDADE (BRASÍLIA)	A3	
2007-5340	UNIVERSIDADES	A3	
0041-8935	UNIVERSIDADES	A3	
2011-2734	UNIVERSITAS HUMANÍSTICA	A2	
2011-2777	UNIVERSITAS PSYCHOLOGICA	A1	
2628-1791	UNIVERSITY OF BAYREUTH AFRICAN STUDIES ONLINE	B4	
1871-9872	UNU-MERIT WORKING PAPER SERIES	A4	
1571-6244	URBAN AGRICULTURE MAGAZINE	C	
2212-0955	URBAN CLIMATE	A1	
1083-8155	URBAN ECOSYSTEMS	A2	
1573-1642	URBAN ECOSYSTEMS	A2	
1618-8667	URBAN FORESTRY & URBAN GREENING (PRINT)	A1	
2413-8851	URBAN SCIENCE	A4	
2239-5725	URBANITIES	B1	
0718-3607	URBANO (CONCEPCIÓN)	A3	
2175-3369	URBE. REVISTA BRASILEIRA DE GESTÃO URBANA	A1	
2358-6958	URDIMENTO	A1	
1414-5731	URDIMENTO (UDESC)	A1	
1735-1308	UROLOGY JOURNAL. (TEHRAN)	B1	
1390-4299	URVIO - REVISTA LATINOAMERICANA DE ESTUDIOS DE SEGURIDAD	A1	
0957-1787	UTILITIES POLICY	A1	
1316-5216	UTOPÍA Y PRAXIS LATINOAMERICANA	A2	
0264-410X	VACCINE (GUILDFORD)	A1	
2383-2819	VACCINE RESEARCH (TEHRAN. PRINT)	B3	
2590-1362	VACCINE: X	A3	
2076-393X	VACCINES	A1	
1576-9887	VACUNAS (MADRID)	A4	
0042-207X	VACUUM (OXFORD)	A2	
2675-164X	VALITTERA	B3	
1098-3015	VALUE IN HEALTH	A1	
2212-1099	VALUE IN HEALTH REGIONAL ISSUES (PRINT)	A4	
1982-4343	VARIA HISTORIA	A1	
1708-5381	VASCULAR (HAMILTON)	A4	
1358-863X	VASCULAR MEDICINE (LONDON)	A2	
1537-1891	VASCULAR PHARMACOLOGY	A3	
2625-2325	VCOT OPEN	B2	
1530-3667	VECTOR BORNE AND ZOONOTIC DISEASES (LARCHMONT, N.Y.)	A4	
0939-6314	VEGETATION HISTORY AND ARCHAEOBOTANY	A2	
2229-4473	VEGETOS - INTERNATIONAL JOURNAL OF PLANT RESEARCH	A4	
2674-0710	VENEREOLOGY	C	
2666-1217	VENOMS AND TOXINS (PRINT)	B3	
2236-5729	VERAS	A3	
1984-6959	VERBO DE MINAS	B1	
2316-3267	VERBUM	A3	
2183-816X	VEREDAS	A4	
2595-3508	VEREDAS - REVISTA INTERDISCIPLINAR DE CIÊNCIAS HUMANAS	B3	
1982-4238	VEREDAS DA HISTÓRIA	B2	
2179-8699	VEREDAS DO DIREITO	A1	
1981-061X	VERINOTIO (BELO HORIZONTE)	B1	
1984-6746	VERITAS ONLINE	A1	
1676-3459	VERITATI (UCSAL)	C	
2965-6125	VERNÁCULA - TERRITÓRIOS CONTEMPORÂNEOS (ONLINE)	B2	
2318-1028	VERSALETE	B3	
2675-4975	VERSOS, ANVERSOS E ANTIVERSOS (ONLINE)	C	
1984-4263	VERSUS : REVISTA DE CIÊNCIAS SOCIAIS APLICADAS DO CCJE/UFRJ (IMPRESSO)	B4	
1864-5755	VERTEBRATE ZOOLOGY	A1	
1809-2667	VÉRTICES	A2	
1415-2843	VÉRTICES (CAMPOS DOS GOITACAZES)	A2	
1492-8442	VERTIGO: LA REVUE ELECTRONIQUE EN SCIENCES DE L'ENVIRONNEMENT	A3	
2763-9665	VERUM - REVISTA DE INICIAÇÃO CIENTÍFICA	B3	
1676-9090	VERVE (PUCSP)	B2	
1981-5875	VESTÍGIOS. REVISTA LATINO-AMERICANA DE ARQUEOLOGIA HISTÓRICA	A2	
2178-3764	VETERINÁRIA E ZOOTECNIA	B2	
1983-0777	VETERINÁRIA NOTÍCIAS	B2	
1365-3164	VETERINARY DERMATOLOGY	A2	
2042-0048	VETERINARY MEDICINE INTERNATIONAL	C	
0378-1135	VETERINARY MICROBIOLOGY (AMSTERDAM. PRINT)	A1	
1463-5224	VETERINARY OPHTHALMOLOGY (ONLINE)	A2	
1463-5216	VETERINARY OPHTHALMOLOGY (PRINT)	A2	
0304-4017	VETERINARY PARASITOLOGY (PRINT)	A1	
2405-9390	VETERINARY PARASITOLOGY: REGIONAL STUDIES AND REPORTS	A3	
1740-8261	VETERINARY RADIOLOGY & ULTRASOUND (ONLINE)	A3	
0042-4900	VETERINARY RECORD	A3	
0165-7380	VETERINARY RESEARCH COMMUNICATIONS	A2	
0976-996X	VETERINARY SCIENCE RESEARCH	C	
2306-7381	VETERINARY SCIENCES	C	
2231-0916	VETERINARY WORLD (ONLINE)	A2	
0102-7352	VETOR (FURG)	B3	
2317-8086	VIA ATLÂNTICA	A2	
1516-5159	VIA ATLÂNTICA (USP)	A2	
2176-6800	VIA LITTERAE	B1	
2259-924X	VIA@ TOURISM REVIEW	B1	
1809-4341	VIBRANT (FLORIANÓPOLIS)	A1	
0924-2031	VIBRATIONAL SPECTROSCOPY (PRINT)	A2	
2795-5745	VIDEO JOURNAL OF SOCIAL AND HUMAN RESEARCH	B4	
2176-4603	VIDYA (SANTA MARIA. ONLINE)	A2	
2317-269X	VIGILÂNCIA SANITÁRIA EM DEBATE: SOCIEDADE, CIÊNCIA & TECNOLOGIA	B2	
2595-4229	VIGILES	B3	
2764-2798	VINCO - REVISTA DE ESTUDOS DE EDIÇÃO	B2	
1806-2490	VÍNCULO (SÃO PAULO. IMPRESSO)	A4	
2059-5891	VINE JOURNAL OF INFORMATION AND KNOWLEDGE MANAGEMENT SYSTEMS	A2	
0882-8245	VIRAL IMMUNOLOGY	B2	
0945-6317	VIRCHOWS ARCHIV	A2	
2577-4379	VIROLOGY & IMMUNOLOGY JOURNAL	B3	
1743-422X	VIROLOGY JOURNAL	A2	
0042-6822	VIROLOGY (NEW YORK, N.Y. PRINT)	A4	
1678-3425	VIRTUAJUS (PUCMG)	B1	
2096-5796	VIRTUAL REALITY & INTELLIGENT HARDWARE	A4	
1359-4338	VIRTUAL REALITY (WALTHAM CROSS)	A1	
2813-2084	VIRTUAL WORLDS (ONLINE)	C	
2150-5608	VIRULENCE	A1	
2150-5594	VIRULENCE (PRINT)	A1	
2175-974X	VIRUS	A4	
2057-1577	VIRUS EVOLUTION	A2	
0168-1702	VIRUS RESEARCH (PRINT)	A2	
1999-4915	VIRUSES	A2	
1064-5578	VISITOR STUDIES	A4	
2184-1284	VISTA	B1	
0952-5238	VISUAL NEUROSCIENCE (PRINT)	B1	
2317-6784	VISUALIDADES	A2	
1982-5951	VITA ET SANITAS (FUG. ONLINE)	A4	
0042-7500	VITIS	B1	
1413-3563	Vittalle (impresso)	B3	
2177-7853	Vittalle (online)	B3	
1575-2844	VIVAT ACADEMIA (ONLINE)	B2	
2238-6009	VIVÊNCIA: REVISTA DE ANTROPOLOGIA	A2	
0104-3064	VIVÊNCIA: REVISTA DE ANTROPOLOGIA	A2	
1809-1636	VIVÊNCIAS (URI. ERECHIM)	A3	
0957-8765	VOLUNTAS: INTERNATIONAL JOURNAL OF VOLUNTARY AND NONPROFIT ORGANIZATIONS	A1	
2179-3786	VOLUNTAS: REVISTA INTERNACIONAL DE FILOSOFIA	A1	
0042-9007	VOX SANGUINIS (BASEL. 1956)	A4	
2675-4584	VOZ E CENA	A2	
2238-6424	VOZES DOS VALES	B1	
1519-5864	VOZES E DIÁLOGO (UNIVALI)	B1	
2237-4531	VOZES E DIÁLOGOS	B1	
2317-1979	VOZES, PRETÉRITO & DEVIR	A3	
2300-1690	WŁADZA SĄDZENIA (ONLINE)	B2	
2446-8371	WAMON - REVISTA DOS ALUNOS DO PROGRAMA DE PÓS-GRADUAÇÃO EM ANTROPOLOGIA SOCIAL DA UFAM	B1	
2813-0391	WASTE	B3	
1877-2641	WASTE AND BIOMASS VALORIZATION	A2	
1877-265X	WASTE AND BIOMASS VALORIZATION	A2	
1096-3669	WASTE MANAGEMENT & RESEARCH (ONLINE)	A2	
0734-242X	WASTE MANAGEMENT & RESEARCH (PRINT)	A2	
0956-053X	WASTE MANAGEMENT (ELMSFORD)	A1	
2073-4441	WATER	A4	
1573-2932	WATER, AIR AND SOIL POLLUTION (DORDRECHT. ONLINE)	A1	
0049-6979	WATER, AIR AND SOIL POLLUTION (PRINT)	A1	
1747-6585	WATER AND ENVIRONMENT JOURNAL (HERTFORD)	A3	
2366-3340	WATER CONSERVATION SCIENCE AND ENGINEERING (PRINT)	B1	
2666-4453	WATER CYCLE	A1	
1061-4303	WATER ENVIRONMENT RESEARCH	A2	
1554-7531	WATER ENVIRONMENT RESEARCH (ONLINE)	A2	
0250-8060	WATER INTERNATIONAL	A4	
1741-7589	WATER MANAGEMENT	B1	
1366-7017	WATER POLICY	A3	
1751-231X	WATER PRACTICE AND TECHNOLOGY	B1	
0043-1354	WATER RESEARCH (OXFORD)	A1	
0920-4741	WATER RESOURCES MANAGEMENT	A2	
0043-1397	WATER RESOURCES RESEARCH	A1	
0273-1223	WATER SCIENCE AND TECHNOLOGY	A3	
1606-9749	WATER SCIENCE AND TECHNOLOGY: WATER SUPPLY (PRINT)	A4	
1792-748X	WATER UTILITY JOURNAL	C	
2053-7417	WATERLAT NETWORK WORKING PAPERS	C	
0043-1648	WEAR (LAUSANNE)	A1	
2212-0947	WEATHER AND CLIMATE EXTREMES	A1	
1399-1183	WEB ECOLOGY	A2	
2178-1486	WEB-REVISTA SOCIODIALETO	A4	
2763-8332	WEED CONTROL JOURNAL	B3	
0923-4861	WETLANDS ECOLOGY AND MANAGEMENT	A3	
0277-5212	WETLANDS (WILMINGTON, N.C.)	A3	
3042-4526	WILD (ONLINE)	B4	
1080-6032	WILDERNESS & ENVIRONMENTAL MEDICINE (PRINT)	A4	
1759-0884	WILEY INTERDISCIPLINARY REVIEWS: COMPUTATIONAL MOLECULAR SCIENCE	A1	
2041-8396	WILEY INTERDISCIPLINARY REVIEWS: ENERGY AND ENVIRONMENT	A1	
1939-0041	WILEY INTERDISCIPLINARY REVIEWS: NANOMEDICINE AND NANOBIOTECHNOLOGY	A1	
1757-7012	WILEY INTERDISCIPLINARY REVIEWS: RNA	A1	
1939-005X	WILEY INTERDISCIPLINARY REVIEWS. SYSTEMS BIOLOGY AND MEDICINE (ONLINE)	B3	
2675-6900	WILLIAM MORRIS DAVIS	A4	
2674-032X	WIND	C	
2212-9774	WINE ECONOMICS AND POLICY	A2	
2576-456X	WING BEATS (ONLINE)	C	
1022-0038	WIRELESS NETWORKS	A2	
2573-9468	WIRES FORENSIC SCIENCE	A2	
2692-9368	WIRES MECHANISMS OF DISEASE	A1	
1541-0331	WOMEN & HEALTH	A3	
0363-0242	WOMEN & HEALTH	A3	
0740-770X	WOMEN AND PERFORMANCE	A4	
1938-1581	WOMEN IN SPORT AND PHYSICAL ACTIVITY JOURNAL (ONLINE)	A2	
1934-1520	WOMEN STUDIES QUARTERLY (ONLINE)	A3	
0732-1562	WOMEN'S STUDIES QUARTERLY	A3	
1748-0280	WOOD MATERIAL SCIENCE AND ENGINEERING	A2	
1336-4561	WOOD RESEARCH (BRATISLAVA)	A4	
1875-9270	WORK	B1	
1745-641X	WORK ORGANISATION, LABOUR & GLOBALISATION (PRINT)	A2	
1051-9815	WORK (READING, MA)	B1	
2673-4060	WORLD	C	
2632-2900	WORLD ACADEMY OF SCIENCES JOURNAL	A3	
0305-750X	WORLD DEVELOPMENT	A1	
2452-2929	WORLD DEVELOPMENT PERSPECTIVES	A2	
2581-9615	WORLD JOURNAL OF ADVANCED RESEARCH AND REVIEWS	C	
2582-5542	WORLD JOURNAL OF BIOLOGY PHARMACY AND HEALTH SCIENCES	B2	
2307-8960	WORLD JOURNAL OF CLINICAL CASES	B1	
2220-315X	WORLD JOURNAL OF EXPERIMENTAL MEDICINE	B2	
1007-9327	WORLD JOURNAL OF GASTROENTEROLOGY	A2	
1948-5204	WORLD JOURNAL OF GASTROINTESTINAL ONCOLOGY	A4	
2150-5330	WORLD JOURNAL OF GASTROINTESTINAL PATHOPHYSIOLOGY	B2	
1948-5182	WORLD JOURNAL OF HEPATOLOGY	A4	
0959-3993	WORLD JOURNAL OF MICROBIOLOGY & BIOTECHNOLOGY	A2	
1573-0972	WORLD JOURNAL OF MICROBIOLOGY & BIOTECHNOLOGY INCORPORATING THE MIRCEN JOURNAL OF APPLIED MICROBIOLOGY AND BIOTECHNOLOGY (DORDRECHT. ONLINE)	A2	
1920-4531	WORLD JOURNAL OF ONCOLOGY	A3	
2218-5836	WORLD JOURNAL OF ORTHOPEDICS	A3	
1708-8569	WORLD JOURNAL OF PEDIATRICS (PRINT)	A1	
2278-4357	WORLD JOURNAL OF PHARMACY AND PHARMACEUTICAL SCIENCES	C	
2220-3206	WORLD JOURNAL OF PSYCHIATRY	A2	
1477-7819	WORLD JOURNAL OF SURGICAL ONCOLOGY	A2	
1433-8726	WORLD JOURNAL OF UROLOGY (INTERNET)	A1	
0724-4983	WORLD JOURNAL OF UROLOGY (PRINT)	A1	
2220-3249	WORLD JOURNAL OF VIROLOGY	B1	
1607-8055	WORLD LEISURE JOURNAL	A1	
1878-8750	WORLD NEUROSURGERY	A2	
2590-1397	WORLD NEUROSURGERY: X	A3	
0172-2190	WORLD PATENT INFORMATION	A1	
1746-0581	WORLD REVIEW OF ENTREPRENEURSHIP, MANAGEMENT AND SUSTAINABLE DEVELOPMENT	A3	
1741-2234	WORLD REVIEW OF SCIENCE, TECHNOLOGY AND SUSTAINABLE DEVELOPMENT	A4	
1474-7456	WORLD TRADE REVIEW (CAMBRIDGE)	A3	
2639-541X	WORLD WATER POLICY	B1	
2454-6615	WORLD WIDE JOURNAL OF MULTIDISCIPLINARY RESEARCH AND DEVELOPMENT (ONLINE)	C	
1386-145X	WORLD WIDE WEB	A2	
0043-9339	WORLD'S POULTRY SCIENCE JOURNAL	A1	
1545-102X	WORLDVIEWS ON EVIDENCE-BASED NURSING	A1	
1067-1927	WOUND REPAIR AND REGENERATION	A1	
1044-7946	WOUNDS (KING OF PRUSSIA, PA.)	A3	
2224-2899	WSEAS TRANSACTIONS ON BUSINESS AND ECONOMICS	B2	
1109-2750	WSEAS TRANSACTIONS ON COMPUTERS	B1	
1097-4539	X-RAY SPECTROMETRY (ONLINE)	B1	
2663-4155	YACHAQ	A2	
0749-503X	YEAST (CHICHESTER, ENGLAND. PRINT)	A4	
2634-355X	YEIYÁ: REVISTA DE ESTUDIOS CRÍTICOS (PRINT)	B4	
2589-5737	YOUTH AND GLOBALIZATION (PRINT)	B3	
2236-8191	ZANZALÁ ¿ REVISTA BRASILEIRA DE ESTUDOS DE FICÇÃO CIENTÍFICA	B1	
1545-8547	ZEBRAFISH (LARCHMONT, NY)	A2	
2675-665X	ZEIKI	B2	
0044-2674	ZEITSCHRIFT FUER EVANGELISCHE ETHIK	B2	
0232-2064	ZEITSCHRIFT FUR ANALYSIS UND IHRE ANWENDUNGEN	A4	
0044-2267	ZEITSCHRIFT FUR ANGEWANDTE MATHEMATIK UND MECHANIK	A3	
0044-2275	ZEITSCHRIFT FUR ANGEWANDTE MATHEMATIK UND PHYSIK (PRINTED ED.)	A2	
2750-8218	ZEITSCHRIFT FÜR INTERNATIONALE STRAFRECHTSWISSENSCHAFT	A4	
2194-4946	ZEITSCHRIFT FUR KRISTALLOGRAPHIE-CRYSTALLINE MATERIALS	B2	
1865-7117	ZEITSCHRIFT FÜR NATURFORSCHUNG B A JOURNAL OF CHEMICAL SCIENCES	B2	
0939-5075	ZEITSCHRIFT FUR NATURFORSCHUNG. C, A JOURNAL OF BIOSCIENCES	A4	
2366-7796	ZEITSCHRIFT FÜR PÄDAGOGIK UND THEOLOGIE	A2	
0942-6086	ZENTRALSTERILIZATION (PRINT)	B4	
1980-4512	ZERO-A-SEIS (FLORIANÓPOLIS)	A3	
2176-1744	ZETETIKÉ (ON LINE)	A2	
0104-4877	ZETETIKE (UNICAMP)	A2	
1313-2970	ZOOKEYS (ONLINE)	A3	
1313-2989	ZOOKEYS (PRINT)	A3	
1984-4689	ZOOLOGIA (CURITIBA. ONLINE)	B1	
0300-3256	ZOOLOGICA SCRIPTA	A1	
0024-4082	ZOOLOGICAL JOURNAL OF THE LINNEAN SOCIETY	A1	
2097-3772	ZOOLOGICAL RESEARCH - DIVERSITY AND CONSERVATION (PRINT)	C	
1021-5506	ZOOLOGICAL STUDIES	A3	
0044-5231	ZOOLOGISCHER ANZEIGER	A3	
0944-2006	ZOOLOGY (JENA)	A2	
0720-213X	ZOOMORPHOLOGY (BERLIN. PRINT)	A4	
1863-2378	ZOONOSES AND PUBLIC HEALTH (INTERNET)	A1	
1863-1959	ZOONOSES AND PUBLIC HEALTH (PRINT)	A1	
1178-9913	ZOOSYMPOSIA	B4	
1175-5326	ZOOTAXA (AUCKLAND. PRINT)	B1	
1175-5334	ZOOTAXA (ONLINE)	B1	
2675-0201	ZUMÉ: BOLETIM ELETRÔNICO DO NÚCLEO DE PESQUISA E EXTENSÃO EM HISTÓRIA, FILOSOFIA E PATRIMÔNIO	B4	
0967-1994	ZYGOTE (CAMBRIDGE. PRINT)	B1	
1981-030X	19&20 (RIO DE JANEIRO)	B2	
2053-1583	2D MATERIALS	A1	
2190-572X	3 BIOTECH	A1	
2190-5738	3 BIOTECH	A1	
