QUADRIENIO_INI,QUADRIENIO_FIM,INDPRODART
2013,2016,1.1291666666666667
2017,2020,1.1888888888888889
