QUADRIENIO_INI,QUADRIENIO_FIM,INDPRODART
2013,2016,1.1291666666666667
2017,2020,1.5166666666666666
2021,2024,0.5666666666666667
