ID,TITLE,SEQ_PROJ,YEAR,YEAR_FIN,SITUATION,NATURE,DESCRIPTION,MEMBERS,COORDENA,SUPPORT,ADDRESS_PPE_ENTERP,ADDRESS_PPE_ENTERP_CODE,FULL_NAME,LAST_NAME,CITADO,CITY,STATE,RESUME,UPDATE,ADDRESS_ENTERP,ORCID,ADDRESS_ENTERP_CODE,MEMBER_ORDER,COORDINATOR,ORDER_OK,FILTER_YEAR
0662049068666562,Custos ambientais e ganhos com a produção de frutos do cerrado: um modelo de mensuração e contabilização,1,2008,2010,CONCLUIDO,PESQUISA,"Com uma vasta extensão e heterogeneidade de ecossistema, o Cerrado abriga uma enorme biodiversidade, o que representa uma importante oportunidade para investimentos no seu desenvolvimento sustentável. O aprofundamento da pesquisa e a realização de novas experiências vêm mostrando cada vez mais a capacidade de se desenvolver atividades econômicas que elevem substancialmente a renda da população local sem destruir da natureza. Entretanto para que as empresas e as pessoas possam tomar decisões corretas, faz-se necessário desenvolver metodologias, métodos, ou teorias que possibilitem inicialmente, identificar e obter os chamados custos ambientais, para em seguida poder avaliá-los, a fim de que possam melhor orientar suas ações. A presente pesquisa tem por objetivo geral analisar as práticas de sustentabilidade ambiental, com ênfase na contabilidade e custos ambientais, a fim de dar suporte a estratégias na cadeia produtiva de frutos do cerrado da Região Centro Oeste, bem como valorizar a utilização racional e sustentável com base na geração de trabalho e renda. Para atingir os objetivos será realizada uma pesquisa quali-quanti utilizando o método de pesquisa participante pois trata-se de um enfoque de investigação social por meio do qual se busca plena participação da comunidade na análise de sua própria realidade.",['Cleci Grzebieluckas'],['SIM'],['Fundação de Amparo à Pesquisa do Estado de Mato Grosso-BOLSA'],Fundação de Amparo à Pesquisa do Estado de Mato Grosso,035600000004,Cleci Grzebieluckas,Grzebieluckas,"GRZEBIELUCKAS, Cleci;Grzebieluckas, Cleci",Descanso,SC,"Bacharel em Ciências Contábeis pela Universidade do Estado de Mato Grosso -UNEMAT (2006),Mestre em Administração de Empresas pela Universidade do Vale do Itajaí - UNIVALI (2007), Doutora em Engenharia de Produção pela Universidade Federal de Santa Catarina - UFSC (2010). Professora adjunta na Universidade do Estado de Mato Grosso - UNEMAT Campus de Tangará da Serra MT, ministra  aulas no  Programa de Mestrado em Ambiente e Sistemas de Produção Agrícola - PPGASP e nos cursos de Ciências Contábeis e Administração em Agronegócio. Possui experiência em contabilidade e administração e tem como temas de pesquisas: frutos nativos do cerrado, valoração ambiental, custos ambientais e análise econômica.  https://orcid.org/0000-0001-9786-9607.",23-02-2022,Universidade do Estado de Mato Grosso,https://orcid.org/0000-0001-9786-9607,841500000008,1,SIM,0,IN
0662049068666562,Custos Ambientais e Ganhos com a Produção de Frutos do Cerrado: Um Modelo de Mensuração e Contabilização (Edital Universal CNPq n. 014/2008 - Proj. n. 472613/2008-1),2,2008,2011,CONCLUIDO,PESQUISA,"A presente pesquisa se propõe desenvolver um modelo de mensuração e contabilização dos custos e ganhos ambientais com a produção de frutos do Cerrado na Região Centro Oeste do Brasil e também quantificar o grau de sustentabilidade sócio-ambiental, fornecendo subsídios ao planejamento e à gestão agrária-regional. Acredita-se que a execução e divulgação desta pesquisa possam servir de estímulo ao debate acerca do potencial do Cerrado, apresentando oportunidades para novas atividades econômicas que tragam a melhoria da qualidade de vida dos habitantes da região, dentro de uma perspectiva de desenvolvimento econômico sustentável. Entende-se que estas informações serão de grande valia, sobretudo para a verificação de quanto realmente vem se gastando ou deixando de ganhar com a degradação do meio ambiente e quanto as empresas, pessoas e a comunidade estão perdendo com isto, seja a curto, a médio, ou a longo prazos. Isto possibilitará às mesmas um auxílio na tomada de decisões e um incentivo na difícil jornada de reversão do quadro de degradação ambiental do Cerrado.","['Cleci Grzebieluckas', 'Anete Alberton', 'Lucila Maria de Souza Campos', 'Sidnei Vieira Marinho']","['NAO', 'NAO', 'SIM', 'NAO']",['Conselho Nacional de Desenvolvimento Científico e Tecnológico-AUXILIO_FINANCEIRO'],Conselho Nacional de Desenvolvimento Científico e Tecnológico,002200000000,Cleci Grzebieluckas,Grzebieluckas,"GRZEBIELUCKAS, Cleci;Grzebieluckas, Cleci",Descanso,SC,"Bacharel em Ciências Contábeis pela Universidade do Estado de Mato Grosso -UNEMAT (2006),Mestre em Administração de Empresas pela Universidade do Vale do Itajaí - UNIVALI (2007), Doutora em Engenharia de Produção pela Universidade Federal de Santa Catarina - UFSC (2010). Professora adjunta na Universidade do Estado de Mato Grosso - UNEMAT Campus de Tangará da Serra MT, ministra  aulas no  Programa de Mestrado em Ambiente e Sistemas de Produção Agrícola - PPGASP e nos cursos de Ciências Contábeis e Administração em Agronegócio. Possui experiência em contabilidade e administração e tem como temas de pesquisas: frutos nativos do cerrado, valoração ambiental, custos ambientais e análise econômica.  https://orcid.org/0000-0001-9786-9607.",23-02-2022,Universidade do Estado de Mato Grosso,https://orcid.org/0000-0001-9786-9607,841500000008,1,NAO,1,IN
0662049068666562,EVENTO: VIII SEMANA DE CIÊNCIAS CONTÁBEIS: TEMA ?TECNOLOGIA E MEIO AMBIENTE: NOVAS TENDÊNCIAS DA CONTABILIDADE?,6,2011,2011,CONCLUIDO,OUTRA,"A VIII SECIC tem como objetivo discutir as novas tendências tecnológicas dos sistemas contábeis, bem como as práticas de contabilização relacionadas às questões ambientais, e evidenciar a importância da interação entre contabilidade, tecnologia, sociedade e meio ambiente.","['Cleci Grzebieluckas', 'Fabiana P. L. Lancelotti de Oliveira', 'Magno Alves Ribeiro', 'Jeovani Oliveira Marcelo', 'Eugênio Carlos Stieler', 'Josiane Silva Costa dos Santos', 'Maria Helena Rodrigues Paes', 'Karine Medeiros Anunciato', 'Cleiton Franco', 'Margarida Alves Ribeiro', 'Laércio Juarez Melz', 'Sérgio José Both', 'Régis Queiroz Gonçalves', '. Priscila Meliane Leite dos Anjos']","['SIM', 'NAO', 'NAO', 'NAO', 'NAO', 'NAO', 'NAO', 'NAO', 'NAO', 'NAO', 'NAO', 'NAO', 'NAO', 'NAO']",['Fundação de Amparo à Pesquisa do Estado de Mato Grosso-AUXILIO_FINANCEIRO'],Universidade do Estado de Mato Grosso,841500000008,Cleci Grzebieluckas,Grzebieluckas,"GRZEBIELUCKAS, Cleci;Grzebieluckas, Cleci",Descanso,SC,"Bacharel em Ciências Contábeis pela Universidade do Estado de Mato Grosso -UNEMAT (2006),Mestre em Administração de Empresas pela Universidade do Vale do Itajaí - UNIVALI (2007), Doutora em Engenharia de Produção pela Universidade Federal de Santa Catarina - UFSC (2010). Professora adjunta na Universidade do Estado de Mato Grosso - UNEMAT Campus de Tangará da Serra MT, ministra  aulas no  Programa de Mestrado em Ambiente e Sistemas de Produção Agrícola - PPGASP e nos cursos de Ciências Contábeis e Administração em Agronegócio. Possui experiência em contabilidade e administração e tem como temas de pesquisas: frutos nativos do cerrado, valoração ambiental, custos ambientais e análise econômica.  https://orcid.org/0000-0001-9786-9607.",23-02-2022,Universidade do Estado de Mato Grosso,https://orcid.org/0000-0001-9786-9607,841500000008,1,SIM,0,IN
0662049068666562,Captação de recursos e gerenciamento de projetos: apoio ao grupo Mandala Viva ? Vivendo Através da Arte,3,2012,2014,CONCLUIDO,EXTENSAO,"A busca pelo desenvolvimento sustentável resultou em um significativo número de parcerias entre as Organizações não Governamentais (ONGs) distribuídas entre Associações, Fundações, Sindicatos, Cooperativas etc.. Estas organizações também são denominadas de Terceiro Setor.  A O Grupo Mandala Viva é uma associação de artesãos de Tangará da Serra MT que busca expandir suas atividades adquirindo novos recursos humanos e materiais para agregar valor aos produtos.  No entanto, esses artesãos esbarram em dificuldades no desenvolvimento de projetos e captação de recursos financeiros para adquirir investimentos, bem como no seu gerenciamento e prestação de contas.  Neste sentido, o objetivo deste projeto é auxiliar o Grupo Mandala Viva de Tangará da Serra na criação de projetos de captação de recursos e seu gerenciamento, buscando maior eficiência no uso desses recursos, eficácia nas ações e geração de impactos econômicos sustentáveis.","['Cleci Grzebieluckas', 'Aparecida de Fátima Alves de Lima', 'Celice Alexandre Silva']","['SIM', 'NAO', 'NAO']",['Fundação de Amparo à Pesquisa do Estado de Mato Grosso-AUXILIO_FINANCEIRO'],Universidade do Estado de Mato Grosso,841500000008,Cleci Grzebieluckas,Grzebieluckas,"GRZEBIELUCKAS, Cleci;Grzebieluckas, Cleci",Descanso,SC,"Bacharel em Ciências Contábeis pela Universidade do Estado de Mato Grosso -UNEMAT (2006),Mestre em Administração de Empresas pela Universidade do Vale do Itajaí - UNIVALI (2007), Doutora em Engenharia de Produção pela Universidade Federal de Santa Catarina - UFSC (2010). Professora adjunta na Universidade do Estado de Mato Grosso - UNEMAT Campus de Tangará da Serra MT, ministra  aulas no  Programa de Mestrado em Ambiente e Sistemas de Produção Agrícola - PPGASP e nos cursos de Ciências Contábeis e Administração em Agronegócio. Possui experiência em contabilidade e administração e tem como temas de pesquisas: frutos nativos do cerrado, valoração ambiental, custos ambientais e análise econômica.  https://orcid.org/0000-0001-9786-9607.",23-02-2022,Universidade do Estado de Mato Grosso,https://orcid.org/0000-0001-9786-9607,841500000008,1,SIM,0,IN
0662049068666562,Caracterização da produção e do mercado consumidor do pequi (Caryocar Brasiliense Cambess) na Microrregião de Tangará da Serra Sudoeste Matogrossense,4,2012,2014,CONCLUIDO,PESQUISA,"Os pratos típicos, as bebidas e conservas, o valor medicinal e cosmético do pequi tem&#10;importância na economia local como complemento de renda dos agricultores. Além de ser uma&#10;espécie vegetal de grande valor econômico, devido a sua alta produtividade de óleo para o&#10;biodiesel, que chega a ser oito vezes maior do que a soja, e sua exploração econômica é&#10;considerada prática ambientalmente sustentável. Do total da produção média de pequi da Região&#10;Centro Oeste, Mato Grosso representa 25%, destes, 56% está concentrado na Microrregião de&#10;Tangara da Serra ? Sudoeste Matogrossense. Esta pesquisa visa levantar informações sobre o&#10;funcionamento do arranjo extrativista/produtivo do pequi (Caryocar Brasiliense Cambess) na&#10;Microrregião de Tangará da Serra ? MT a fim de subsidiar futuras ações de planejamento e&#10;desenvolvimento regional sustentável. Trata-se de uma pesquisa de natureza exploratória e&#10;descritiva com abordagem qualiquantitativa que irá mapear a origem da produção de pequi,&#10;identificar o mercado consumidor e as principais formas de utilização do fruto, bem como&#10;avaliar a importância socioeconômica do arranjo produtivo da atividade.","['Cleci Grzebieluckas', 'Aparecida de Fátima Alves de Lima']","['SIM', 'NAO']",['VAZIO-VAZIO'],Universidade do Estado de Mato Grosso,841500000008,Cleci Grzebieluckas,Grzebieluckas,"GRZEBIELUCKAS, Cleci;Grzebieluckas, Cleci",Descanso,SC,"Bacharel em Ciências Contábeis pela Universidade do Estado de Mato Grosso -UNEMAT (2006),Mestre em Administração de Empresas pela Universidade do Vale do Itajaí - UNIVALI (2007), Doutora em Engenharia de Produção pela Universidade Federal de Santa Catarina - UFSC (2010). Professora adjunta na Universidade do Estado de Mato Grosso - UNEMAT Campus de Tangará da Serra MT, ministra  aulas no  Programa de Mestrado em Ambiente e Sistemas de Produção Agrícola - PPGASP e nos cursos de Ciências Contábeis e Administração em Agronegócio. Possui experiência em contabilidade e administração e tem como temas de pesquisas: frutos nativos do cerrado, valoração ambiental, custos ambientais e análise econômica.  https://orcid.org/0000-0001-9786-9607.",23-02-2022,Universidade do Estado de Mato Grosso,https://orcid.org/0000-0001-9786-9607,841500000008,1,SIM,0,IN
0662049068666562,"EVENTO: IX SEMANA DE CIÊNCIAS CONTÁBEIS (SECIC). TEMA:  CONTADOR GLOBAL: TENDÊNCIAS, DESAFIOS E OPORTUNIDADES",7,2012,2012,CONCLUIDO,OUTRA,"O evento propõe uma discussão sobre as novas tendências desafios e oportunidades para o profissional contábil no tocante a exportação de produtos,  uma vez que cada vez mais se abrem novas oportunidades de mercados internacionais. Oportunizará ainda os acadêmicos do Curso de Ciências Contábeis sobre a importância da preparação para o Exame de Suficiência, atributo necessário para a atuação profissional contábil.  Abre também um espaço para a comunidade científica publicar suas pesquisas.","['Cleci Grzebieluckas', 'Andréia Rezende da Costa', 'Luciênio Rosa e Silva Júnior', 'Fabiana P. L. Lancelotti de Oliveira', 'Magno Alves Ribeiro', 'Marcelo Evandro Alves', 'Jeovani Oliveira Marcelo', 'Eugênio Carlos Stieler', 'Josiane Silva Costa dos Santos', 'Maria Helena Rodrigues Paes', 'Karine Medeiros Anunciato', 'ADERVALDO CHAVES RIBEIRO', 'Vanderléia Aparecida da Silva', 'Laércio Juarez Melz', 'Carlos Edinei de Oliveira', 'Sérgio José Both', 'Mário Geraldo Ferreira de Andrade', 'Neodir Paulo Travessini', 'Sandro Benedito Sguarezi']","['SIM', 'NAO', 'NAO', 'NAO', 'NAO', 'NAO', 'NAO', 'NAO', 'NAO', 'NAO', 'NAO', 'NAO', 'NAO', 'NAO', 'NAO', 'NAO', 'NAO', 'NAO', 'NAO']",['Fundação de Amparo à Pesquisa do Estado de Mato Grosso-AUXILIO_FINANCEIRO'],Universidade do Estado de Mato Grosso,841500000008,Cleci Grzebieluckas,Grzebieluckas,"GRZEBIELUCKAS, Cleci;Grzebieluckas, Cleci",Descanso,SC,"Bacharel em Ciências Contábeis pela Universidade do Estado de Mato Grosso -UNEMAT (2006),Mestre em Administração de Empresas pela Universidade do Vale do Itajaí - UNIVALI (2007), Doutora em Engenharia de Produção pela Universidade Federal de Santa Catarina - UFSC (2010). Professora adjunta na Universidade do Estado de Mato Grosso - UNEMAT Campus de Tangará da Serra MT, ministra  aulas no  Programa de Mestrado em Ambiente e Sistemas de Produção Agrícola - PPGASP e nos cursos de Ciências Contábeis e Administração em Agronegócio. Possui experiência em contabilidade e administração e tem como temas de pesquisas: frutos nativos do cerrado, valoração ambiental, custos ambientais e análise econômica.  https://orcid.org/0000-0001-9786-9607.",23-02-2022,Universidade do Estado de Mato Grosso,https://orcid.org/0000-0001-9786-9607,841500000008,1,SIM,0,IN
0662049068666562,"EVENTO: X SEMANA DE CIÊNCIAS CONTÁBEIS - SECIC, I SEMINÁRIO DE PESQUISA EM CONTABILIDADE, ADMINISTRAÇÃO E EDUCAÇÃO (SEPACE) . TEMA: CONTABILIDADE: CIÊNCIA A SERVIÇO DA SOCIEDADE",8,2013,2013,CONCLUIDO,OUTRA,"O evento propõe uma discussão sobre as contribuições da Contabilidade para a sociedade, sobretudo no que tange a prestação de contas das Organizações do Terceiro Setor, uma vez que cada vez mais está assumindo responsabilidades que em outros tempos eram do Governo (1º Setor).  Oportunizará aos participantes adquirirem maiores conhecimentos através de palestras sobre a Contabilidade do Terceiro Setor, e também disporá de oficinas com atividades intrínsecas do curso de Ciências Contábeis tais como IRPF, Metodologia de Pesquisa, Matemática Financeira através da HP 12-C, Análise de Conteúdo e Novas Normas da Contabilidade Pública. Já o I Seminário de Pesquisas visa divulgar os resultados de pesquisas desenvolvidas pelos acadêmicos dos Cursos de Administração, Ciências Contábeis e Educação e dos professores que concluíram ou estão concluindo suas qualificações. Ainda na oportunidade, será realizado um curso de qualificação sobre formas e normas de pesquisa para discentes e docentes e demais interessados.","['Cleci Grzebieluckas', 'Andréia Rezende da Costa', 'Luciênio Rosa e Silva Júnior', 'Fabiana P. L. Lancelotti de Oliveira', 'Magno Alves Ribeiro', 'Marcelo Evandro Alves', 'Jeovani Oliveira Marcelo', 'Eugênio Carlos Stieler', 'Josiane Silva Costa dos Santos', 'Maria Helena Rodrigues Paes', 'ADERVALDO CHAVES RIBEIRO', 'Margarida Alves Ribeiro', 'Vanderléia Aparecida da Silva', 'Ivon de Mello Trelha', 'Carlos Edinei de Oliveira', 'Sérgio José Both']","['SIM', 'NAO', 'NAO', 'NAO', 'NAO', 'NAO', 'NAO', 'NAO', 'NAO', 'NAO', 'NAO', 'NAO', 'NAO', 'NAO', 'NAO', 'NAO']",['VAZIO-VAZIO'],Universidade do Estado de Mato Grosso,841500000008,Cleci Grzebieluckas,Grzebieluckas,"GRZEBIELUCKAS, Cleci;Grzebieluckas, Cleci",Descanso,SC,"Bacharel em Ciências Contábeis pela Universidade do Estado de Mato Grosso -UNEMAT (2006),Mestre em Administração de Empresas pela Universidade do Vale do Itajaí - UNIVALI (2007), Doutora em Engenharia de Produção pela Universidade Federal de Santa Catarina - UFSC (2010). Professora adjunta na Universidade do Estado de Mato Grosso - UNEMAT Campus de Tangará da Serra MT, ministra  aulas no  Programa de Mestrado em Ambiente e Sistemas de Produção Agrícola - PPGASP e nos cursos de Ciências Contábeis e Administração em Agronegócio. Possui experiência em contabilidade e administração e tem como temas de pesquisas: frutos nativos do cerrado, valoração ambiental, custos ambientais e análise econômica.  https://orcid.org/0000-0001-9786-9607.",23-02-2022,Universidade do Estado de Mato Grosso,https://orcid.org/0000-0001-9786-9607,841500000008,1,SIM,0,IN
0662049068666562,"EVENTO: XI SEMANA DE CIÊNCIAS CONTÁBEIS (SECIC) E O  II SEMINÁRIO DE ADMINISTRAÇÃO, CIÊNCIAS CONTÁBEIS E EDUCAÇÃO (SEPACE). TEMA: A CONTABILIDADE NO CONTEXTO DA AGRICULTURA FAMILIAR E DO COOPERATIVISMO",5,2014,2014,CONCLUIDO,OUTRA,"A importância da agricultura familiar para garantir segurança alimentar e a produção de alimentos é destacada pela Organização das Nações Unidas para Alimentação e Agricultura - FAO (PORTALBRASIL 2014). Em dez anos a renda da Agricultura Familiar cresceu 52% a partir de politicas publicas que fortalecem a produção e o desenvolvimento que vão desde créditos para financiamentos a canais de comercialização dos produtos como os Programas de Aquisição de Alimento (PAA) e o Programa Nacional de Alimentação Escolar (PNAE). E também porque o plano safra 2013/2014 soma para o setor um investimento de 39 bilhões, sendo a maior parte (21 bilhões) para o crédito do Programa Nacional de Fortalecimento da Agricultura Familiar (PRONAF) que financia os projetos dos produtores rurais (RURALBR, 2013). Neste contexto, a contabilidade não pode ficar alheia a esses números uma vez que esta tem a função de auxiliar no gerenciamento e nas tomadas de decisões sejam em empreendimentos de grande ou pequeno porte. A XI SECIC e o  II SEPACE  tem como objetivo demonstrar a importância da contabilidade no contexto da agricultura familiar e do cooperativismo nas pequenas propriedades rurais, tanto para os acadêmicos do Curso de Ciências Contábeis quanto para os pequenos agricultores, oportunizando novos conhecimentos sobre a temática e também abrir espaço para a divulgação das pesquisas.","['Cleci Grzebieluckas', 'Fabiana Pereira Leite Lancelotti de Oliveira', 'Andreia de Souza Rezende', 'Magno Alves Ribeiro', 'Jeovani Oliveira Marcelo', 'Eugênio Carlos Stieler', 'Marinez Carignin Stieler', 'Maria Helena Rodrigues Paes', 'Regiane Cristina Custódio', 'Adilson Sella', 'Edinéia Souza Nunes', 'Karine Medeiros Anunciato', 'ADERVALDO CHAVES RIBEIRO', 'Margarida Alves Ribeiro', 'Vanderléia Aparecida da Silva', 'Marcio Iris de Morais', 'Ivon de Mello Trelha', 'Carlos Edinei de Oliveira']","['SIM', 'NAO', 'NAO', 'NAO', 'NAO', 'NAO', 'NAO', 'NAO', 'NAO', 'NAO', 'NAO', 'NAO', 'NAO', 'NAO', 'NAO', 'NAO', 'NAO', 'NAO']",['Fundação de Amparo à Pesquisa do Estado de Mato Grosso-COOPERACAO'],Universidade do Estado de Mato Grosso,841500000008,Cleci Grzebieluckas,Grzebieluckas,"GRZEBIELUCKAS, Cleci;Grzebieluckas, Cleci",Descanso,SC,"Bacharel em Ciências Contábeis pela Universidade do Estado de Mato Grosso -UNEMAT (2006),Mestre em Administração de Empresas pela Universidade do Vale do Itajaí - UNIVALI (2007), Doutora em Engenharia de Produção pela Universidade Federal de Santa Catarina - UFSC (2010). Professora adjunta na Universidade do Estado de Mato Grosso - UNEMAT Campus de Tangará da Serra MT, ministra  aulas no  Programa de Mestrado em Ambiente e Sistemas de Produção Agrícola - PPGASP e nos cursos de Ciências Contábeis e Administração em Agronegócio. Possui experiência em contabilidade e administração e tem como temas de pesquisas: frutos nativos do cerrado, valoração ambiental, custos ambientais e análise econômica.  https://orcid.org/0000-0001-9786-9607.",23-02-2022,Universidade do Estado de Mato Grosso,https://orcid.org/0000-0001-9786-9607,841500000008,1,SIM,0,IN
0662049068666562,Produto Ecológico Diálogo entre pesquisa e estensão,9,2014,2026,EM_ANDAMENTO,EXTENSAO,,"['Cleci Grzebieluckas', 'Luciênio Rosa e Silva Júnior', 'Fabiana P. L. Lancelotti de Oliveira', 'Magno Alves Ribeiro', 'Jeovani Oliveira Marcelo', 'Marinez Carignin Stieler', 'ADERVALDO CHAVES RIBEIRO', 'Vanderléia Aparecida da Silva', 'Laércio Juarez Melz', 'Marcio Iris de Morais', 'Mário Geraldo Ferreira de Andrade', 'Régis Queiroz Gonçalves', 'Nilson Dauzacker', 'Flávio de Oliveira Lancelotti', 'Gustavo Milguel Leite de Campos', 'Carlos Rezende de Pádua Júnior', 'Paula César de Souza', 'Robinson Alves Lemos', 'Ariel Lopes Torres', 'Thiago Vargas Maldonado', 'Ana Paula de Andrade Silva']","['NAO', 'NAO', 'SIM', 'NAO', 'NAO', 'NAO', 'NAO', 'NAO', 'NAO', 'NAO', 'NAO', 'NAO', 'NAO', 'NAO', 'NAO', 'NAO', 'NAO', 'NAO', 'NAO', 'NAO', 'NAO']",['VAZIO-VAZIO'],Universidade do Estado de Mato Grosso,841500000008,Cleci Grzebieluckas,Grzebieluckas,"GRZEBIELUCKAS, Cleci;Grzebieluckas, Cleci",Descanso,SC,"Bacharel em Ciências Contábeis pela Universidade do Estado de Mato Grosso -UNEMAT (2006),Mestre em Administração de Empresas pela Universidade do Vale do Itajaí - UNIVALI (2007), Doutora em Engenharia de Produção pela Universidade Federal de Santa Catarina - UFSC (2010). Professora adjunta na Universidade do Estado de Mato Grosso - UNEMAT Campus de Tangará da Serra MT, ministra  aulas no  Programa de Mestrado em Ambiente e Sistemas de Produção Agrícola - PPGASP e nos cursos de Ciências Contábeis e Administração em Agronegócio. Possui experiência em contabilidade e administração e tem como temas de pesquisas: frutos nativos do cerrado, valoração ambiental, custos ambientais e análise econômica.  https://orcid.org/0000-0001-9786-9607.",23-02-2022,Universidade do Estado de Mato Grosso,https://orcid.org/0000-0001-9786-9607,841500000008,1,NAO,1,IN
0662049068666562,"Estudo das Possibilidades, Limitações e Desafios para a Inclusão produtiva no meio rural em Tangará da Serra",10,2015,2017,CONCLUIDO,PESQUISA,"A pobreza tem sido um tema bastante debatido na última década. Nas áreas rurais essa situação tende a ser agravada, pois a pobreza atinge um maior número de pessoas e famílias, fruto das tradicionais dificuldades e/ou limitações de acesso a alguns serviços básicos. Esta pesquisa ocupa-se em identificar e compreender a realidade da massa de pobres rurais na região de Tangará da Serra MT, e se faz de fundamental importância para contribuir com melhorias nas políticas públicas de inclusão produtiva e redução das desigualdades sociais..","['Cleci Grzebieluckas', '?&#09;Aparecida de Fátima Alves de Lima', 'Paulo Pimenta', 'Neuri E Senger', 'Katia Valéria Alves de Lima', 'Taysa Fontoura']","['NAO', 'SIM', 'NAO', 'NAO', 'NAO', 'NAO']",['VAZIO-VAZIO'],Universidade do Estado de Mato Grosso,841500000008,Cleci Grzebieluckas,Grzebieluckas,"GRZEBIELUCKAS, Cleci;Grzebieluckas, Cleci",Descanso,SC,"Bacharel em Ciências Contábeis pela Universidade do Estado de Mato Grosso -UNEMAT (2006),Mestre em Administração de Empresas pela Universidade do Vale do Itajaí - UNIVALI (2007), Doutora em Engenharia de Produção pela Universidade Federal de Santa Catarina - UFSC (2010). Professora adjunta na Universidade do Estado de Mato Grosso - UNEMAT Campus de Tangará da Serra MT, ministra  aulas no  Programa de Mestrado em Ambiente e Sistemas de Produção Agrícola - PPGASP e nos cursos de Ciências Contábeis e Administração em Agronegócio. Possui experiência em contabilidade e administração e tem como temas de pesquisas: frutos nativos do cerrado, valoração ambiental, custos ambientais e análise econômica.  https://orcid.org/0000-0001-9786-9607.",23-02-2022,Universidade do Estado de Mato Grosso,https://orcid.org/0000-0001-9786-9607,841500000008,1,NAO,1,IN
0662049068666562,PLANTE UMA ÁRVORE E TENHA UMA SOMBRA AMIGA,11,2016,2026,EM_ANDAMENTO,EXTENSAO,"O objetivo do projeto é desenvolver ações que visem contribuir com o sombreamento, paisagismo e alimentos frutíferos no entorno do Campus da Unemat de Tangará da Serra e nos Bairros Bela Vista e Buritis. Serão desenvolvidas diversas ações como conscientizar a comunidade em geral sobre a importância do plantio de árvores; fazer visitas nas áreas de abrangência do projeto convidando a comunidade para participar das atividades de plantio e manutenção das árvores; mapear as áreas de plantio e as espécies necessárias; plantar árvores sombreiras e frutíferas no estacionamentos da Unemat e nas principais avenidas dos Bairros; realizar a manutenção e cuidados fitossanitários das espécies. Espera-se com isso promover melhoria na paisagem, conforto térmico e maior qualidade de vida das pessoas que irão circular nas áreas abrangidas pelo projeto.","['Cleci Grzebieluckas', 'Magno Alves Ribeiro', 'Celice Alexandre Silva', 'Josiane Silva Costa dos Santos', 'Margarida Alves Ribeiro']","['SIM', 'NAO', 'NAO', 'NAO', 'NAO']",['VAZIO-VAZIO'],Universidade do Estado de Mato Grosso,841500000008,Cleci Grzebieluckas,Grzebieluckas,"GRZEBIELUCKAS, Cleci;Grzebieluckas, Cleci",Descanso,SC,"Bacharel em Ciências Contábeis pela Universidade do Estado de Mato Grosso -UNEMAT (2006),Mestre em Administração de Empresas pela Universidade do Vale do Itajaí - UNIVALI (2007), Doutora em Engenharia de Produção pela Universidade Federal de Santa Catarina - UFSC (2010). Professora adjunta na Universidade do Estado de Mato Grosso - UNEMAT Campus de Tangará da Serra MT, ministra  aulas no  Programa de Mestrado em Ambiente e Sistemas de Produção Agrícola - PPGASP e nos cursos de Ciências Contábeis e Administração em Agronegócio. Possui experiência em contabilidade e administração e tem como temas de pesquisas: frutos nativos do cerrado, valoração ambiental, custos ambientais e análise econômica.  https://orcid.org/0000-0001-9786-9607.",23-02-2022,Universidade do Estado de Mato Grosso,https://orcid.org/0000-0001-9786-9607,841500000008,1,SIM,0,IN
0662049068666562,Rede de Biotecnologia Aplicada aos Serviços e Desserviços da Biodiversidade à Agricultura no Cerrado e na Amazônia,13,2016,2026,EM_ANDAMENTO,PESQUISA,"Rede de Biotecnologia Aplicada aos Serviços e Desserviços da Biodiversidade à Agricultura no Cerrado e na Amazônia produtividade. Nesse sentido, a avaliação destes serviços se faz necessária para sua melhor utilização. Portanto a presente proposta tem como objetivo avaliar os serviços e desserviços da biodiversidade em áreas de Reserva Legal (RL) e Sistemas Agrícolas situados nos biomas Cerrado e Amazônia no estado de Mato Grosso. Mais especificamente, pretende-se:1) Inventariar e monitorar a artropodofauna em sistemas produtivos e áreas de reserva durante a safra da soja e entressafra; 2) Investigar as interações tróficas por meio de análise metagenômica em áreas de reserva e sistemas produtivos; 3) Construir redes de interação mutualísticas e antagonistas para averiguação das relações entre as espécies nos ambientes estudados; 4) Avaliar a estabilidade e valorar os serviços e desserviços ambientais prestados por artrópodes aos sistemas produtivos e Áreas de Reserva. Para tanto, artrópodes serão inventariados, por meio de diferentes métodos de coleta, nas áreas de estudo. Na primeira etapa, com o objetivo de monitorar intensivamente a artropodofauna em uma abordagem temporal, serão amostradas duas fazendas com cultivo de soja, sendo uma em interface com reserva de Cerrado e outra com reserva Amazônica. Na segunda etapa, com o objetivo de inventariar a artropodofauna em uma escala espacial mais ampla, contemplando diversas regiões do Estado, serão amostradas no mínimo 20 fazendas, pelo menos uma vez durante a safra de soja e outra na entressafra. Serão utilizadas ferramentas de geotecnologias, análise metagenômica e métodos de valoração, com intuito de investigar as relações ecossistêmicas necessárias para conservação da biodiversidade. Desta forma, esta proposta contribuirá para conscientização dos produtores sobre a importância da preservação da biodiversidade nas Reservas Legais, a fim de garantir o equilíbrio e a valoração dos serviços ecossistêmicos. As informações geradas neste estudo poderão subsidiar políticas públicas voltadas para conservação ambiental dos biomas Cerrado e Amazônia.","['Cleci Grzebieluckas', 'Edinéia Aparecida dos Santos Galvanin', 'Alessandra Regina Butnariu', 'Mônica Josene Barbosa Pereira', 'Ricardo José da Silva', 'Marilza da Silva Costa', 'Sandra Mara Alves da Silva Neves', 'Carla Galbiati', 'Dionei José da Silva', 'Rafael Major Pitta', 'Danielle Storck Tonon', 'Thiago Junqueira Izzo', 'Angélica Massarolli', 'Marcio Luiz de Oliveira', 'Debora Pires Paula', 'Gustavo Júnior de Araújo', 'Gabriel dos Santos Carvalho', 'Camila Luciana Gramkow', 'Carlos Augusto da Silva Peres', 'David A Andow']","['SIM', 'NAO', 'NAO', 'NAO', 'NAO', 'NAO', 'NAO', 'NAO', 'NAO', 'NAO', 'NAO', 'NAO', 'NAO', 'NAO', 'NAO', 'NAO', 'NAO', 'NAO', 'NAO', 'NAO']",['Fundação de Amparo à Pesquisa do Estado de Mato Grosso-AUXILIO_FINANCEIRO'],Universidade do Estado de Mato Grosso,841500000008,Cleci Grzebieluckas,Grzebieluckas,"GRZEBIELUCKAS, Cleci;Grzebieluckas, Cleci",Descanso,SC,"Bacharel em Ciências Contábeis pela Universidade do Estado de Mato Grosso -UNEMAT (2006),Mestre em Administração de Empresas pela Universidade do Vale do Itajaí - UNIVALI (2007), Doutora em Engenharia de Produção pela Universidade Federal de Santa Catarina - UFSC (2010). Professora adjunta na Universidade do Estado de Mato Grosso - UNEMAT Campus de Tangará da Serra MT, ministra  aulas no  Programa de Mestrado em Ambiente e Sistemas de Produção Agrícola - PPGASP e nos cursos de Ciências Contábeis e Administração em Agronegócio. Possui experiência em contabilidade e administração e tem como temas de pesquisas: frutos nativos do cerrado, valoração ambiental, custos ambientais e análise econômica.  https://orcid.org/0000-0001-9786-9607.",23-02-2022,Universidade do Estado de Mato Grosso,https://orcid.org/0000-0001-9786-9607,841500000008,1,SIM,0,IN
0662049068666562,Pegada hídrica e valoração dos custos e serviços ambientais: um estudo no Córrego Palmital em Tangará da Serra MT,12,2017,2026,EM_ANDAMENTO,PESQUISA,"O crescimento econômico acelerado colocou encargos adicionais sobre os recursos hídricos e o progresso na atenuação dos efeitos negativos da água tem sido lento. Há uma clara evidência da degradação da água em quantidade e qualidade, provocando secagem de rios, aquíferos e bacias de água subterrânea, geração de bioacumulação de agrotóxicos e metais pesados em peixes e perda de&#10;nutrientes por causa da fragmentação de rios. Tais problemas interferem diretamente na qualidade dos serviços ambientais da água na agricultura, principalmente no que se refere à produtividade. Portanto, a valoração do serviço ambiental da água se faz necessária para uma melhor utilização e incorporação deste no custo de produção. Nesse contexto, a pesquisa tem como objetivos  valorar os serviços e os custos ambientais do Córrego Palmital de Tangará da Serra MT;  valorar os serviços e os custos ambientais do Córrego Palmital de Tangará da Serra MT; Calcular a pegada hídrica da agropecuária que utiliza água do córrego&#894; Estimar os custos de reposição da mata ciliar do córrego&#894; e, Avaliar através do Método de Valoração Contingente, quanto os produtores estariam dispostos a pagar para recuperação da mata ciliar do Córrego Palmital.","['Cleci Grzebieluckas', 'Magno Alves Ribeiro', 'Josiane Silva Costa dos Santos', '?&#09;Aparecida de Fátima Alves de Lima', 'Andréia  Rezende da Costa Nascimento', 'André Socoloski', 'Edinéia Aparecida dos Santos Galvanin', 'Santino Seabra Junior', 'Alessandra Regina Butnariu']","['SIM', 'NAO', 'NAO', 'NAO', 'NAO', 'NAO', 'NAO', 'NAO', 'NAO']",['Fundação de Amparo à Pesquisa do Estado de Mato Grosso-AUXILIO_FINANCEIRO'],Universidade do Estado de Mato Grosso,841500000008,Cleci Grzebieluckas,Grzebieluckas,"GRZEBIELUCKAS, Cleci;Grzebieluckas, Cleci",Descanso,SC,"Bacharel em Ciências Contábeis pela Universidade do Estado de Mato Grosso -UNEMAT (2006),Mestre em Administração de Empresas pela Universidade do Vale do Itajaí - UNIVALI (2007), Doutora em Engenharia de Produção pela Universidade Federal de Santa Catarina - UFSC (2010). Professora adjunta na Universidade do Estado de Mato Grosso - UNEMAT Campus de Tangará da Serra MT, ministra  aulas no  Programa de Mestrado em Ambiente e Sistemas de Produção Agrícola - PPGASP e nos cursos de Ciências Contábeis e Administração em Agronegócio. Possui experiência em contabilidade e administração e tem como temas de pesquisas: frutos nativos do cerrado, valoração ambiental, custos ambientais e análise econômica.  https://orcid.org/0000-0001-9786-9607.",23-02-2022,Universidade do Estado de Mato Grosso,https://orcid.org/0000-0001-9786-9607,841500000008,1,SIM,0,IN
0662049068666562,TRANSPARÊNCIA NA ADMINISTRAÇÃO PÚBLICA MUNICIPAL: UMA ANÁLISE NOS PORTAIS ELETRÔNICOS DOS MUNICÍPIOS DE MATO GROSSO,15,2017,2026,EM_ANDAMENTO,PESQUISA,"ANÁLISE DOS SÍTIOS DOS MUNICÍPIOS DO ESTADO DE MATO GROSSO QUANTO AS PUBLICAÇÕES DE DEMONSTRAÇÕES EXIGIDAS PELA LEI 101/2000(LEI DE RESPONSABILIDADE FISCAL), LEI 139/2009(LEI DA TRANSPARÊNCIA) E LEI 12.527/2011(LEI DE ACESSO A INFORMAÇÃO).","['Cleci Grzebieluckas', 'Magno Alves Ribeiro', 'ADERVALDO CHAVES RIBEIRO', 'Margarida Alves Ribeiro', 'Josiane S Costa do Santos']","['NAO', 'SIM', 'NAO', 'NAO', 'NAO']",['VAZIO-VAZIO'],Universidade do Estado de Mato Grosso,841500000008,Cleci Grzebieluckas,Grzebieluckas,"GRZEBIELUCKAS, Cleci;Grzebieluckas, Cleci",Descanso,SC,"Bacharel em Ciências Contábeis pela Universidade do Estado de Mato Grosso -UNEMAT (2006),Mestre em Administração de Empresas pela Universidade do Vale do Itajaí - UNIVALI (2007), Doutora em Engenharia de Produção pela Universidade Federal de Santa Catarina - UFSC (2010). Professora adjunta na Universidade do Estado de Mato Grosso - UNEMAT Campus de Tangará da Serra MT, ministra  aulas no  Programa de Mestrado em Ambiente e Sistemas de Produção Agrícola - PPGASP e nos cursos de Ciências Contábeis e Administração em Agronegócio. Possui experiência em contabilidade e administração e tem como temas de pesquisas: frutos nativos do cerrado, valoração ambiental, custos ambientais e análise econômica.  https://orcid.org/0000-0001-9786-9607.",23-02-2022,Universidade do Estado de Mato Grosso,https://orcid.org/0000-0001-9786-9607,841500000008,1,NAO,1,IN
0662049068666562,Mural Contábil Itinerante,15,2018,2026,EM_ANDAMENTO,EXTENSAO,"projeto visa aproximar o curso de Ciências Contábeis da Universidade do Estado de Mato Grosso (UNEMAT) aos estudantes do ensino médio, tanto da área pública como da privada de Tangará da Serra-MT, através da pesquisa científica. No intuito de estimular o tino de pesquisador dos acadêmicos através da escrita/apresentação dos artigos e de contribuir na escolha profissional dos adolescentes, jovens e adultos, estimulando-os ao ingresso no ensino superior público. Na busca de consolidar o tripé da relação ensino, pesquisa e extensão, fazendo com que professores e alunos saiam da Universidade e dialoguem com a sociedade..","['Cleci Grzebieluckas', 'Magno Alves Ribeiro', 'Josiane Silva Costa dos Santos', 'Edinéia Souza Nunes', 'ADERVALDO CHAVES RIBEIRO', 'André Socoloski']","['NAO', 'SIM', 'NAO', 'NAO', 'NAO', 'NAO']",['VAZIO-VAZIO'],Universidade do Estado de Mato Grosso,841500000008,Cleci Grzebieluckas,Grzebieluckas,"GRZEBIELUCKAS, Cleci;Grzebieluckas, Cleci",Descanso,SC,"Bacharel em Ciências Contábeis pela Universidade do Estado de Mato Grosso -UNEMAT (2006),Mestre em Administração de Empresas pela Universidade do Vale do Itajaí - UNIVALI (2007), Doutora em Engenharia de Produção pela Universidade Federal de Santa Catarina - UFSC (2010). Professora adjunta na Universidade do Estado de Mato Grosso - UNEMAT Campus de Tangará da Serra MT, ministra  aulas no  Programa de Mestrado em Ambiente e Sistemas de Produção Agrícola - PPGASP e nos cursos de Ciências Contábeis e Administração em Agronegócio. Possui experiência em contabilidade e administração e tem como temas de pesquisas: frutos nativos do cerrado, valoração ambiental, custos ambientais e análise econômica.  https://orcid.org/0000-0001-9786-9607.",23-02-2022,Universidade do Estado de Mato Grosso,https://orcid.org/0000-0001-9786-9607,841500000008,1,NAO,1,IN
0662049068666562,PLANTE UMA ÁRVORE E TENHA UMA SOMBRA AMIGA,14,2018,2026,EM_ANDAMENTO,EXTENSAO,"projeto visa aproximar o curso de Ciências Contábeis da Universidade do Estado de Mato Grosso (UNEMAT) aos estudantes do ensino médio, tanto da área pública como da privada de Tangará da Serra-MT, através da pesquisa científica. No intuito de estimular o tino de pesquisador dos acadêmicos através da escrita/apresentação dos artigos e de contribuir na escolha profissional dos adolescentes, jovens e adultos, estimulando-os ao ingresso no ensino superior público. Na busca de consolidar o tripé da relação ensino, pesquisa e extensão, fazendo com que professores e alunos saiam da Universidade e dialoguem com a sociedade..","['Cleci Grzebieluckas', 'Magno Alves Ribeiro', 'Celice Alexandre Silva', 'Marinez Carignin Stieler', 'Josiane Silva Costa dos Santos', 'Edinéia Souza Nunes', 'ADERVALDO CHAVES RIBEIRO', 'Margarida Alves Ribeiro', 'Sônia Rebouças da Silva Melo', 'Carlos Rezende de Pádua Júnior', 'Nubbia Mendonça Oliveira', 'André Socoloski', 'Marcelo Gasparini', 'Ana Paula Silva de Andrade', 'Leandro José de Oliveira']","['SIM', 'NAO', 'NAO', 'NAO', 'NAO', 'NAO', 'NAO', 'NAO', 'NAO', 'NAO', 'NAO', 'NAO', 'NAO', 'NAO', 'NAO']",['VAZIO-VAZIO'],Universidade do Estado de Mato Grosso,841500000008,Cleci Grzebieluckas,Grzebieluckas,"GRZEBIELUCKAS, Cleci;Grzebieluckas, Cleci",Descanso,SC,"Bacharel em Ciências Contábeis pela Universidade do Estado de Mato Grosso -UNEMAT (2006),Mestre em Administração de Empresas pela Universidade do Vale do Itajaí - UNIVALI (2007), Doutora em Engenharia de Produção pela Universidade Federal de Santa Catarina - UFSC (2010). Professora adjunta na Universidade do Estado de Mato Grosso - UNEMAT Campus de Tangará da Serra MT, ministra  aulas no  Programa de Mestrado em Ambiente e Sistemas de Produção Agrícola - PPGASP e nos cursos de Ciências Contábeis e Administração em Agronegócio. Possui experiência em contabilidade e administração e tem como temas de pesquisas: frutos nativos do cerrado, valoração ambiental, custos ambientais e análise econômica.  https://orcid.org/0000-0001-9786-9607.",23-02-2022,Universidade do Estado de Mato Grosso,https://orcid.org/0000-0001-9786-9607,841500000008,1,SIM,0,IN
0662049068666562,Ações Covid 2019,16,2021,2021,CONCLUIDO,PESQUISA,,"['Cleci Grzebieluckas', 'Magno Alves Ribeiro', 'Margarida Alves Ribeiro', 'Josiane S Costa do Santos']","['NAO', 'NAO', 'NAO', 'SIM']",['VAZIO-VAZIO'],Universidade do Estado de Mato Grosso,841500000008,Cleci Grzebieluckas,Grzebieluckas,"GRZEBIELUCKAS, Cleci;Grzebieluckas, Cleci",Descanso,SC,"Bacharel em Ciências Contábeis pela Universidade do Estado de Mato Grosso -UNEMAT (2006),Mestre em Administração de Empresas pela Universidade do Vale do Itajaí - UNIVALI (2007), Doutora em Engenharia de Produção pela Universidade Federal de Santa Catarina - UFSC (2010). Professora adjunta na Universidade do Estado de Mato Grosso - UNEMAT Campus de Tangará da Serra MT, ministra  aulas no  Programa de Mestrado em Ambiente e Sistemas de Produção Agrícola - PPGASP e nos cursos de Ciências Contábeis e Administração em Agronegócio. Possui experiência em contabilidade e administração e tem como temas de pesquisas: frutos nativos do cerrado, valoração ambiental, custos ambientais e análise econômica.  https://orcid.org/0000-0001-9786-9607.",23-02-2022,Universidade do Estado de Mato Grosso,https://orcid.org/0000-0001-9786-9607,841500000008,1,NAO,1,IN
0662049068666562,Manejo cultural do meloeiro visando potencializar a produtividade e reduzir o uso de agrotóxicos e custos de produção,17,2021,2026,EM_ANDAMENTO,PESQUISA,,"['Cleci Grzebieluckas', 'Willian Krause', 'Santino Seabra Junior', 'Alessandra Regina Butnariu', 'Rejeane Maria da Silva', 'Sumaya Ferreira Guedes', 'Ana Karina Rodrigues Abadio', 'Eletsanda das Neves', 'Rafael Rosa Rocha', 'Renata Lunardi Begnini', 'Renê Arnoux da Silva Campos']","['NAO', 'NAO', 'SIM', 'NAO', 'NAO', 'NAO', 'NAO', 'NAO', 'NAO', 'NAO', 'NAO']",['VAZIO-VAZIO'],Universidade do Estado de Mato Grosso,841500000008,Cleci Grzebieluckas,Grzebieluckas,"GRZEBIELUCKAS, Cleci;Grzebieluckas, Cleci",Descanso,SC,"Bacharel em Ciências Contábeis pela Universidade do Estado de Mato Grosso -UNEMAT (2006),Mestre em Administração de Empresas pela Universidade do Vale do Itajaí - UNIVALI (2007), Doutora em Engenharia de Produção pela Universidade Federal de Santa Catarina - UFSC (2010). Professora adjunta na Universidade do Estado de Mato Grosso - UNEMAT Campus de Tangará da Serra MT, ministra  aulas no  Programa de Mestrado em Ambiente e Sistemas de Produção Agrícola - PPGASP e nos cursos de Ciências Contábeis e Administração em Agronegócio. Possui experiência em contabilidade e administração e tem como temas de pesquisas: frutos nativos do cerrado, valoração ambiental, custos ambientais e análise econômica.  https://orcid.org/0000-0001-9786-9607.",23-02-2022,Universidade do Estado de Mato Grosso,https://orcid.org/0000-0001-9786-9607,841500000008,1,NAO,1,IN
3275865819287843,Otimização do sistema lavoura pecuária na região de Cáceres:,6,2007,2011,EM_ANDAMENTO,EXTENSAO,"Existe uma carência de programas que visem a capacitação em segurança e manutenção básica das ferramentas e máquinas existentes no meio rural. O presente projeto ressalta a necessidade da conscientização sobre a segurança nas atividades agrícolas, bem como as formas de manutenção para prevenir a quebra dos maquinários e conseqüentemente aumentar a vida útil dos mesmos. Ainda propõe a melhoria da qualidade nas condições de trabalho nas atividades agrícolas, pela mudança de hábitos dos envolvidos no processo, utilizando como meios a instrução através de palestras, cursos ou seminários. Têm-se como públicos alvo os acadêmicos do curso de agronomia, técnicos agrícolas, profissionais, proprietários e trabalhadores rurais em geral. Essas informações irão contribuir para a melhoraria da vida no meio rural e reduzir os custos de despesas em manutenção na maquinaria agrícola.","['Rafael Cesar Tieppo', 'Petterson Baptista da Luz', 'Severino de Paiva Sobrinho', 'Zulema Netto Figueiredo', 'Marco Antonio Aparecido Barelli', 'Leonarda Grillo Neves']","['NAO', 'NAO', 'NAO', 'SIM', 'NAO', 'NAO']",['VAZIO-VAZIO'],Universidade do Estado de Mato Grosso,841500000008,Rafael Cesar Tieppo,Tieppo,"TIEPPO, R. C.;TIEPPO, RAFAEL CESAR;TIEPPO, RAFAEL CÉSAR;R. C. TIEPPO;TIEPPO, RAFAEL",Cascavel,PR,"Rafael Tieppo possui graduação em Engenharia Agícola pela Universidade Estadual do Oeste do Paraná (2001), mestrado em Engenharia Agrícola pela Universidade Estadual do Oeste do Paraná (2004) e doutorado em Engenharia de Sistemas Agrícolas pela Universidade de São Paulo, ESALQ-USP com período sanduíche na Aarhus University - Dinamarca. Atualmente é professor adjunto da Universidade do Estado de Mato Grosso. Tem experiência na área de Engenharia Agrícola, atuando no momento com os seguintes temas: agricultura digital, análise espacial e gestão com visão sistêmica dos sistemas produtivos, dando suporte às políticas públicas e ao planejamento macro e micro de empreendimentos do agronegócio.",31-10-2024,Universidade do Estado de Mato Grosso,http://orcid.org/0000-0001-8132-4813,841500000008,1,NAO,1,IN
3275865819287843,Demanda Energetica eViabilidade Tecnica-Economica de Implantação deEnergia Solar para o Processo de Industrialização de Mel de Abelha para a Região De Cáceres/MT,4,2009,2011,CONCLUIDO,PESQUISA,"O processo de industrialização do mel de abelhas desenrola em um ambiente denominado unidade de extração, normalmente denominada Casa do Mel. Neste local são realizadas operações unitárias segundo uma lógica que propicia a obtenção do mel. Em um sistema agroindustrial, para a geração de um determinado produto, torna-se necessário o consumo de energia, seja ela elétrica ou oriunda de uma fonte alternativa. Dessa forma, torna-se necessário a quantificação desses fatores, para que se possa planejar métodos alternativos de fontes de energia, com capacidade satisfatória de atender o sistema de produção. Em um período onde a escassez de recursos energéticos está sendo preconizada, um sistema agroindustrial deve procurar obter a máxima eficiência na geração do produto e buscar a preservação ambiental. Desta forma, torna-se interessante avaliar o sistema de produção de mel e averiguar as possibilidades de otimização do processo de industrialização e a busca de fontes de energia alternativas.","['Rafael Cesar Tieppo', 'Luís César da Silva', 'Edney Alves Magalhães']","['SIM', 'NAO', 'NAO']",['Fundação de Amparo à Pesquisa do Estado de Mato Grosso-AUXILIO_FINANCEIRO'],Universidade do Estado de Mato Grosso,841500000008,Rafael Cesar Tieppo,Tieppo,"TIEPPO, R. C.;TIEPPO, RAFAEL CESAR;TIEPPO, RAFAEL CÉSAR;R. C. TIEPPO;TIEPPO, RAFAEL",Cascavel,PR,"Rafael Tieppo possui graduação em Engenharia Agícola pela Universidade Estadual do Oeste do Paraná (2001), mestrado em Engenharia Agrícola pela Universidade Estadual do Oeste do Paraná (2004) e doutorado em Engenharia de Sistemas Agrícolas pela Universidade de São Paulo, ESALQ-USP com período sanduíche na Aarhus University - Dinamarca. Atualmente é professor adjunto da Universidade do Estado de Mato Grosso. Tem experiência na área de Engenharia Agrícola, atuando no momento com os seguintes temas: agricultura digital, análise espacial e gestão com visão sistêmica dos sistemas produtivos, dando suporte às políticas públicas e ao planejamento macro e micro de empreendimentos do agronegócio.",31-10-2024,Universidade do Estado de Mato Grosso,http://orcid.org/0000-0001-8132-4813,841500000008,1,SIM,0,IN
3275865819287843,CETEGEO-SR - Centro Tecnológico de Geoprocessamento e Sensoriamento Remoto aplicado à produção de Biodiesel,5,2010,2026,EM_ANDAMENTO,PESQUISA,"O sub-projeto tem por objetivo implantar o Centro Tecnológico de Geoprocessamento e Sensoriamento Remoto (CETEGEO-SR) na Universidade do Estado de Mato Grosso (UNEMAT) - Campus de Tangará da Serra, &#10;O CETEGEO-SR será constituído por um consórcio de pesquisa multidisciplinar que proporcionará o desenvolvimento de programas na área de atuação e aplicação do geoprocessamento (agrárias, meio ambiente, social, logística, zoneamento, previsão, dentre outros), ao qual será estabelecida e mantida uma mapoteca digital com dados básicos que subsidiará o desenvolvimento de pesquisa, com ênfase ao zoneamento das principais culturas envolvidas no processo de produção de Biodiesel no Estado de Mato Grosso.","['Rafael Cesar Tieppo', 'Rivanildo Dallacort']","['NAO', 'SIM']",['VAZIO-VAZIO'],Universidade do Estado de Mato Grosso,841500000008,Rafael Cesar Tieppo,Tieppo,"TIEPPO, R. C.;TIEPPO, RAFAEL CESAR;TIEPPO, RAFAEL CÉSAR;R. C. TIEPPO;TIEPPO, RAFAEL",Cascavel,PR,"Rafael Tieppo possui graduação em Engenharia Agícola pela Universidade Estadual do Oeste do Paraná (2001), mestrado em Engenharia Agrícola pela Universidade Estadual do Oeste do Paraná (2004) e doutorado em Engenharia de Sistemas Agrícolas pela Universidade de São Paulo, ESALQ-USP com período sanduíche na Aarhus University - Dinamarca. Atualmente é professor adjunto da Universidade do Estado de Mato Grosso. Tem experiência na área de Engenharia Agrícola, atuando no momento com os seguintes temas: agricultura digital, análise espacial e gestão com visão sistêmica dos sistemas produtivos, dando suporte às políticas públicas e ao planejamento macro e micro de empreendimentos do agronegócio.",31-10-2024,Universidade do Estado de Mato Grosso,http://orcid.org/0000-0001-8132-4813,841500000008,1,NAO,1,IN
3275865819287843,Aplicação e transferência de tecnologias na otimização de sistemas agrícolas sustentáveis,7,2011,2015,CONCLUIDO,PESQUISA,"Aplicação e Transferência de Tecnologias que contribuam para o desenvolvimento da região e que resultem na otimização de Sistemas Agrícolas preconizando a Sustentabilidade Ambiental por meio de estratégias que busquem o aumento da diversificação e ampliação da base produtiva e melhoria da qualidade de vida com inclusão social e redução das desigualdades sociais. Principais objetivos específicos: Geração de informação para melhoria do sistema de produção para agricultura familiar, conforme apontamentos e diagnósticos dos potenciais produtivos regionais, utilizando tecnologias de manejo em sistemas de cultivos; Otimização e Tecnificação da mecanização agrícola nos sistemas produtivos regionais, através de conceitos de rendimento operacional da maquinaria agrícola, redução de consumo energético e potencialização do uso de biocombustíveis; Uso racional dos recursos hídricos regionais, pela geração e aplicação de técnicas de irrigação de precisão, visando à verticalização da produção agrícola; Formação de Recursos Humanos e fortalecimento da Pós-Graduação, além de discutir e apresentar os resultados a extensionistas e produtores e regionais.","['Rafael Cesar Tieppo', 'Maria Cândida Moitinho Nunes', 'Santino Seabra Júnior', 'Rivanildo Dallacort', 'Adalberto Santi']","['NAO', 'NAO', 'NAO', 'SIM', 'NAO']","['Coordenação de Aperfeiçoamento de Pessoal de Nível Superior-BOLSA', 'Fundação de Amparo à Pesquisa do Estado de Mato Grosso-AUXILIO_FINANCEIRO', 'Universidade do Estado de Mato Grosso-COOPERACAO', 'Conselho Nacional de Desenvolvimento Científico e Tecnológico-AUXILIO_FINANCEIRO']",Universidade do Estado de Mato Grosso,841500000008,Rafael Cesar Tieppo,Tieppo,"TIEPPO, R. C.;TIEPPO, RAFAEL CESAR;TIEPPO, RAFAEL CÉSAR;R. C. TIEPPO;TIEPPO, RAFAEL",Cascavel,PR,"Rafael Tieppo possui graduação em Engenharia Agícola pela Universidade Estadual do Oeste do Paraná (2001), mestrado em Engenharia Agrícola pela Universidade Estadual do Oeste do Paraná (2004) e doutorado em Engenharia de Sistemas Agrícolas pela Universidade de São Paulo, ESALQ-USP com período sanduíche na Aarhus University - Dinamarca. Atualmente é professor adjunto da Universidade do Estado de Mato Grosso. Tem experiência na área de Engenharia Agrícola, atuando no momento com os seguintes temas: agricultura digital, análise espacial e gestão com visão sistêmica dos sistemas produtivos, dando suporte às políticas públicas e ao planejamento macro e micro de empreendimentos do agronegócio.",31-10-2024,Universidade do Estado de Mato Grosso,http://orcid.org/0000-0001-8132-4813,841500000008,1,NAO,1,IN
3275865819287843,"Diversificação e ampliação da base produtiva do Estado de Grosso, a partir do zoneamento agrícola da soja, feijão, cana-de-açúcar, girassol, crambe e pinhão-manso",9,2012,2014,CONCLUIDO,PESQUISA,"Descrição: Caracterização edafoclimática, como estratégia de aplicação e transferência de tecnologias que contribuam para o incremento da produção de soja, feijão, cana-de-açúcar, girassol, crambe e pinhão-manso no Estado de Mato Grosso, promovendo a otimização de Sistemas Agrícolas por meio de estratégias que busquem o aumento da diversificação e ampliação da base produtiva.","['Rafael Cesar Tieppo', 'Rivanildo Dallacort', 'Adalberto Santi', 'MIRIAM H. INOUE', 'Alberto Zolin Cornélio', 'Paulo Sérgio Lourenço de Freitas', 'Karolina Ascari de Souza']","['NAO', 'SIM', 'NAO', 'NAO', 'NAO', 'NAO', 'NAO']",['Fundação de Amparo à Pesquisa do Estado de Mato Grosso-AUXILIO_FINANCEIRO'],Universidade do Estado de Mato Grosso,841500000008,Rafael Cesar Tieppo,Tieppo,"TIEPPO, R. C.;TIEPPO, RAFAEL CESAR;TIEPPO, RAFAEL CÉSAR;R. C. TIEPPO;TIEPPO, RAFAEL",Cascavel,PR,"Rafael Tieppo possui graduação em Engenharia Agícola pela Universidade Estadual do Oeste do Paraná (2001), mestrado em Engenharia Agrícola pela Universidade Estadual do Oeste do Paraná (2004) e doutorado em Engenharia de Sistemas Agrícolas pela Universidade de São Paulo, ESALQ-USP com período sanduíche na Aarhus University - Dinamarca. Atualmente é professor adjunto da Universidade do Estado de Mato Grosso. Tem experiência na área de Engenharia Agrícola, atuando no momento com os seguintes temas: agricultura digital, análise espacial e gestão com visão sistêmica dos sistemas produtivos, dando suporte às políticas públicas e ao planejamento macro e micro de empreendimentos do agronegócio.",31-10-2024,Universidade do Estado de Mato Grosso,http://orcid.org/0000-0001-8132-4813,841500000008,1,NAO,1,IN
3275865819287843,Fluxos de Energia e Custo Operacional de Sistemas Mecanizados na Produção de Grãos,13,2012,2015,CONCLUIDO,PESQUISA,,"['Rafael Cesar Tieppo', 'ROMANELLI, THIAGO L.']","['SIM', 'NAO']",['Fundação de Amparo à Pesquisa do Estado de Mato Grosso-BOLSA'],Universidade de São Paulo,006700000002,Rafael Cesar Tieppo,Tieppo,"TIEPPO, R. C.;TIEPPO, RAFAEL CESAR;TIEPPO, RAFAEL CÉSAR;R. C. TIEPPO;TIEPPO, RAFAEL",Cascavel,PR,"Rafael Tieppo possui graduação em Engenharia Agícola pela Universidade Estadual do Oeste do Paraná (2001), mestrado em Engenharia Agrícola pela Universidade Estadual do Oeste do Paraná (2004) e doutorado em Engenharia de Sistemas Agrícolas pela Universidade de São Paulo, ESALQ-USP com período sanduíche na Aarhus University - Dinamarca. Atualmente é professor adjunto da Universidade do Estado de Mato Grosso. Tem experiência na área de Engenharia Agrícola, atuando no momento com os seguintes temas: agricultura digital, análise espacial e gestão com visão sistêmica dos sistemas produtivos, dando suporte às políticas públicas e ao planejamento macro e micro de empreendimentos do agronegócio.",31-10-2024,Universidade do Estado de Mato Grosso,http://orcid.org/0000-0001-8132-4813,841500000008,1,SIM,0,IN
3275865819287843,Diversificação e ampliação da base produtiva da bacia do Alto Paraguai como estratégia inovadora na otimização dos sistemas agrícolas regionais,10,2013,2016,CONCLUIDO,PESQUISA,"O estudo em ecossistemas tropicais ganhou atenção especial principalmente pela riqueza de fauna e flora. O aumento do desmatamento para a criação de gado e cultivos agrícolas pode modificar o clima local, levando as sérias conseqüências ecológicas na região, como o aumento da temperatura do ar, redução na precipitação e evaporação e o prolongamento da estação seca. Objetiva-se neste trabalho um projeto piloto da caracterização edafoclimática da bacia do Alto Paraguai (BAP) e realização do zoneamento agrícola como estratégia de aplicação e transferência de tecnologias que contribuam para o incremento da produção regional, promovendo a otimização de sistemas agrícolas por meio de estratégias que busquem o aumento da diversificação e ampliação da base produtiva, em consonância com a redução dos impactos ambientais.","['Rafael Cesar Tieppo', 'Rivanildo Dallacort', 'Adalberto Santi', 'Ronicely Pereira da Rocha', 'Márcio Osvaldo Magalhães', 'Rony Bert de Oliveira']","['NAO', 'SIM', 'NAO', 'NAO', 'NAO', 'NAO']",['VAZIO-VAZIO'],Universidade do Estado de Mato Grosso,841500000008,Rafael Cesar Tieppo,Tieppo,"TIEPPO, R. C.;TIEPPO, RAFAEL CESAR;TIEPPO, RAFAEL CÉSAR;R. C. TIEPPO;TIEPPO, RAFAEL",Cascavel,PR,"Rafael Tieppo possui graduação em Engenharia Agícola pela Universidade Estadual do Oeste do Paraná (2001), mestrado em Engenharia Agrícola pela Universidade Estadual do Oeste do Paraná (2004) e doutorado em Engenharia de Sistemas Agrícolas pela Universidade de São Paulo, ESALQ-USP com período sanduíche na Aarhus University - Dinamarca. Atualmente é professor adjunto da Universidade do Estado de Mato Grosso. Tem experiência na área de Engenharia Agrícola, atuando no momento com os seguintes temas: agricultura digital, análise espacial e gestão com visão sistêmica dos sistemas produtivos, dando suporte às políticas públicas e ao planejamento macro e micro de empreendimentos do agronegócio.",31-10-2024,Universidade do Estado de Mato Grosso,http://orcid.org/0000-0001-8132-4813,841500000008,1,NAO,1,IN
3275865819287843,Otimização dos recursos hídricos aplicados a culturas agrícolas no Estado de Mato Grosso - Brasil,11,2015,2020,CONCLUIDO,PESQUISA,"O Estado de Mato Grosso apresenta enorme potencial agrícola e é reconhecido por ser um dos maiores Estados produtores do mundo. No Estado é crescente o uso da irrigação na agricultura, principalmente por apresentar potencial para diversas culturas. Outro aspecto importante no Estado é que o mesmo é caracterizado por três importantes biomas que também atuam nos regimes hídricos de cada região. Estas caraterísticas, associadas ao efeito estufa e cenários de mudanças climáticas torna imprescindível a determinação de melhores épocas de semeadura, bem como a geração de informações de consumo hídrico de culturas agrícolas como a cultura do feijoeiro, milho, soja, girassol, dentre outras e também de manejo de irrigação para minimizar os riscos e diminuir desperdícios de água e insumos, com o objetivo da sustentabilidade da agricultura. Diante do exposto, a presente pesquisa terá como objetivo a otimização dos recursos hídricos aplicados a cultura do feijoeiro, milho, soja, girassol no Estado de Mato Grosso. A pesquisa será dividida em duas etapas sendo a primeira com objetivo de determinar o coeficiente duplo de cultivo destas culturas em lisímetros de pesagem por células de carga de alta precisão no município de Tangará da Serra. Serão utilizados seis lisímetros com 2,25 m² cada previamente calibrados para a determinação da evapotranspiração da cultura. Serão utilizados quatro microlisímetros de pesagem para a determinação diária do coeficiente de evaporação do solo. Com estas informações serão determinadas e construídas as curva do coeficiente basal da cultura e do coeficiente de evaporação do solo. A segunda etapa terá por objetivo verificar a influência de lâminas de irrigação e doses de nitrogênio em cobertura nas culturas. Serão utilizados quatro lâminas de irrigação (30, 70, 110 e 150 % da ETo) e cinco doses de N aplicados aos 35 dias após a emergência (0, 30, 60, 90 e 120 kg ha-1). O sistema de irrigação a ser utilizado será o de aspersão convencional com coeficiente de uniformidade de 85 % com 30 mca de pressão de trabalho.","['Rafael Cesar Tieppo', 'Santino Seabra Júnior', 'Rivanildo Dallacort', 'Adalberto Santi', 'Cleonir Andrade Faria Júnior', 'Willian Fenner', 'João Danilo Barbieri', 'Karolina Ascari de Souza', 'Marco Antônio Camilo de Carvalho']","['NAO', 'NAO', 'SIM', 'NAO', 'NAO', 'NAO', 'NAO', 'NAO', 'NAO']",['VAZIO-VAZIO'],Universidade do Estado de Mato Grosso,841500000008,Rafael Cesar Tieppo,Tieppo,"TIEPPO, R. C.;TIEPPO, RAFAEL CESAR;TIEPPO, RAFAEL CÉSAR;R. C. TIEPPO;TIEPPO, RAFAEL",Cascavel,PR,"Rafael Tieppo possui graduação em Engenharia Agícola pela Universidade Estadual do Oeste do Paraná (2001), mestrado em Engenharia Agrícola pela Universidade Estadual do Oeste do Paraná (2004) e doutorado em Engenharia de Sistemas Agrícolas pela Universidade de São Paulo, ESALQ-USP com período sanduíche na Aarhus University - Dinamarca. Atualmente é professor adjunto da Universidade do Estado de Mato Grosso. Tem experiência na área de Engenharia Agrícola, atuando no momento com os seguintes temas: agricultura digital, análise espacial e gestão com visão sistêmica dos sistemas produtivos, dando suporte às políticas públicas e ao planejamento macro e micro de empreendimentos do agronegócio.",31-10-2024,Universidade do Estado de Mato Grosso,http://orcid.org/0000-0001-8132-4813,841500000008,1,NAO,1,IN
3275865819287843,Variabilidade da temperatura e evaporação da água sob diferentes coberturas de solo e sua influência no Kc dual da cultura do milho,12,2015,2017,CONCLUIDO,PESQUISA,"O Estado de Mato Grosso apresenta enorme potencial agrícola e é reconhecido por ser um dos maiores Estados produtores do mundo. No Estado é crescente o uso da irrigação na agricultura, principalmente por apresentar potencial para diversas culturas. Outro aspecto importante no Estado é que o mesmo é caracterizado por três importantes biomas que também atuam nos regimes hídricos de cada região. Estas caraterísticas, associadas ao efeito estufa e cenários de mudanças climáticas torna imprescindível a determinação de melhores épocas de semeadura, bem como a geração de informações de consumo hídrico de culturas agrícolas como a cultura do feijoeiro, milho, soja, girassol, dentre outras e também de manejo de irrigação para minimizar os riscos e diminuir desperdícios de água e insumos, com o objetivo da sustentabilidade da agricultura. Diante do exposto, a presente pesquisa terá como objetivo a otimização dos recursos hídricos aplicados a cultura do feijoeiro, milho, soja, girassol no Estado de Mato Grosso. A pesquisa será dividida em duas etapas sendo a primeira com objetivo de determinar o coeficiente duplo de cultivo destas culturas em lisímetros de pesagem por células de carga de alta precisão no município de Tangará da Serra. Serão utilizados seis lisímetros com 2,25 m² cada previamente calibrados para a determinação da evapotranspiração da cultura. Serão utilizados quatro microlisímetros de pesagem para a determinação diária do coeficiente de evaporação do solo. Com estas informações serão determinadas e construídas as curva do coeficiente basal da cultura e do coeficiente de evaporação do solo. A segunda etapa terá por objetivo verificar a influência de lâminas de irrigação e doses de nitrogênio em cobertura nas culturas. Serão utilizados quatro lâminas de irrigação (30, 70, 110 e 150 % da ETo) e cinco doses de N aplicados aos 35 dias após a emergência (0, 30, 60, 90 e 120 kg ha-1). O sistema de irrigação a ser utilizado será o de aspersão convencional com coeficiente de uniformidade de 85 % com 30 mca de pressão de trabalho.","['Rafael Cesar Tieppo', 'Santino Seabra Júnior', 'Rivanildo Dallacort', 'Cleonir Andrade Faria Júnior', 'SANTI, ADALBERTO', 'João Danilo Barbieri', 'Ronicely Pereira da Rocha', 'Dejânia Vieira de Araújo', 'Anísio da Silva Nunes', 'Paulo Sérgio Lourenço de Freitas', 'Karolina Ascari de Souza', 'Márcio Osvaldo Magalhães', 'Marco Antônio Camilo de Carvalho', 'Olaurildes Correntes']","['NAO', 'NAO', 'SIM', 'NAO', 'NAO', 'NAO', 'NAO', 'NAO', 'NAO', 'NAO', 'NAO', 'NAO', 'NAO', 'NAO']",['VAZIO-VAZIO'],Universidade do Estado de Mato Grosso,841500000008,Rafael Cesar Tieppo,Tieppo,"TIEPPO, R. C.;TIEPPO, RAFAEL CESAR;TIEPPO, RAFAEL CÉSAR;R. C. TIEPPO;TIEPPO, RAFAEL",Cascavel,PR,"Rafael Tieppo possui graduação em Engenharia Agícola pela Universidade Estadual do Oeste do Paraná (2001), mestrado em Engenharia Agrícola pela Universidade Estadual do Oeste do Paraná (2004) e doutorado em Engenharia de Sistemas Agrícolas pela Universidade de São Paulo, ESALQ-USP com período sanduíche na Aarhus University - Dinamarca. Atualmente é professor adjunto da Universidade do Estado de Mato Grosso. Tem experiência na área de Engenharia Agrícola, atuando no momento com os seguintes temas: agricultura digital, análise espacial e gestão com visão sistêmica dos sistemas produtivos, dando suporte às políticas públicas e ao planejamento macro e micro de empreendimentos do agronegócio.",31-10-2024,Universidade do Estado de Mato Grosso,http://orcid.org/0000-0001-8132-4813,841500000008,1,NAO,1,IN
3275865819287843,Incorporação de energia no ciclo de vida de máquinas agrícolas,8,2015,2017,CONCLUIDO,PESQUISA,,"['Rafael Cesar Tieppo', 'ROMANELLI, THIAGO L.', 'Leandro Maria Gimenez', 'Edemilson José Mantoam']","['NAO', 'SIM', 'NAO', 'NAO']",['VAZIO-VAZIO'],Universidade de São Paulo,006700000002,Rafael Cesar Tieppo,Tieppo,"TIEPPO, R. C.;TIEPPO, RAFAEL CESAR;TIEPPO, RAFAEL CÉSAR;R. C. TIEPPO;TIEPPO, RAFAEL",Cascavel,PR,"Rafael Tieppo possui graduação em Engenharia Agícola pela Universidade Estadual do Oeste do Paraná (2001), mestrado em Engenharia Agrícola pela Universidade Estadual do Oeste do Paraná (2004) e doutorado em Engenharia de Sistemas Agrícolas pela Universidade de São Paulo, ESALQ-USP com período sanduíche na Aarhus University - Dinamarca. Atualmente é professor adjunto da Universidade do Estado de Mato Grosso. Tem experiência na área de Engenharia Agrícola, atuando no momento com os seguintes temas: agricultura digital, análise espacial e gestão com visão sistêmica dos sistemas produtivos, dando suporte às políticas públicas e ao planejamento macro e micro de empreendimentos do agronegócio.",31-10-2024,Universidade do Estado de Mato Grosso,http://orcid.org/0000-0001-8132-4813,841500000008,1,NAO,1,IN
3275865819287843,Projeto de extensão em Engenharia de Sistemas Agrícolas,12,2016,2018,CONCLUIDO,EXTENSAO,"A agricultura atual demanda de informações técnicas para que se torne viável economicamente, assim como, priorize a redução do impacto ambiental. Dessa forma, torna-se necessário a realização de pesquisas para a geração de métodos, resultados e conclusões que possam ser aplicadas como soluções, ou ainda, auxiliar na tomada de decisões das atividades afins. A extensão é um meio para divulgação e aplicação das informações produzidas, pelas pesquisas científicas, que tem por finalidade atingir os estudantes, produtores e profissionais, para que possam usufruir e aplicar o conhecimento gerado. Atualmente, a divulgação por mídia eletrônica é um recurso de custo baixo e ampla divulgação de conteúdo. Sendo assim, este projeto de extensão tem por objetivo divulgar informações oriundas de pesquisas, assim como demonstrar a forma de uso e aplicações de dispositivos e programas computacionais utilizados, por meio de material disponibilizado em um blog hospedado na internet e cursos presenciais.","['Rafael Cesar Tieppo', 'Rivanildo Dallacort', 'Adalberto Santi', 'Ricardo José da Silva']","['SIM', 'NAO', 'NAO', 'NAO']",['VAZIO-VAZIO'],Universidade do Estado de Mato Grosso,841500000008,Rafael Cesar Tieppo,Tieppo,"TIEPPO, R. C.;TIEPPO, RAFAEL CESAR;TIEPPO, RAFAEL CÉSAR;R. C. TIEPPO;TIEPPO, RAFAEL",Cascavel,PR,"Rafael Tieppo possui graduação em Engenharia Agícola pela Universidade Estadual do Oeste do Paraná (2001), mestrado em Engenharia Agrícola pela Universidade Estadual do Oeste do Paraná (2004) e doutorado em Engenharia de Sistemas Agrícolas pela Universidade de São Paulo, ESALQ-USP com período sanduíche na Aarhus University - Dinamarca. Atualmente é professor adjunto da Universidade do Estado de Mato Grosso. Tem experiência na área de Engenharia Agrícola, atuando no momento com os seguintes temas: agricultura digital, análise espacial e gestão com visão sistêmica dos sistemas produtivos, dando suporte às políticas públicas e ao planejamento macro e micro de empreendimentos do agronegócio.",31-10-2024,Universidade do Estado de Mato Grosso,http://orcid.org/0000-0001-8132-4813,841500000008,1,SIM,0,IN
3275865819287843,Modelo para predição de dias agronomicamente viáveis para operações agrícolas mecanizadas,14,2017,2021,CONCLUIDO,PESQUISA,"O estado do Mato Grosso tem o setor agrícola, principalmente as culturas de soja e milho, como uma das principais fontes de geração de receita para sua economia. Nos últimos anos, mudanças no clima tem promovido alterações na incidência de pragas e doenças, no rendimento das culturas, entre outros fatores. A mecanização agrícola, que é um recurso que deve auxiliar no cumprimento dos processos de um sistema de produção, também tem sido afetada pelas alterações no clima. Uma das principais consequências é o não cumprimento da pontualidade das operações, o que pode acarretar em redução de receita, tanto do ponto de vista financeiro como do balanço energético. Uma alternativa para tentar reduzir as referidas consequências é a utilização de modelos computacionais para simular possíveis cenários, e assim, poder auxiliar no planejamento das operações agrícolas. Pelo exposto, esse trabalho tem como objetivo desenvolver um modelo computacional para a estimar o número de dias agronomicamente viáveis para realização das operações agrícolas mecanizadas. Com os resultados obtidos espera-se disponibilizar um produto (interface) via web ou software para produtores, profissionais do setor agrícola local e áreas afins, para que os mesmos possam fazer uso prático do modelo desenvolvido, assim como, gerar novas práticas no planejamento das operações agrícolas.","['Rafael Cesar Tieppo', 'Erivelto Mercante', 'Adalberto Santi', 'ROMANELLI, THIAGO L.', 'Maria Carolina da Silva Andrea', 'Rivanildo Dallacort', 'João Danilo Barbieri', 'André Tavares de Vasconcelos', 'Emili Ferreira Campachi', 'Julia Gallo Barreto']","['SIM', 'NAO', 'NAO', 'NAO', 'NAO', 'NAO', 'NAO', 'NAO', 'NAO', 'NAO']",['Fundação de Amparo à Pesquisa do Estado de Mato Grosso-AUXILIO_FINANCEIRO'],Universidade do Estado de Mato Grosso,841500000008,Rafael Cesar Tieppo,Tieppo,"TIEPPO, R. C.;TIEPPO, RAFAEL CESAR;TIEPPO, RAFAEL CÉSAR;R. C. TIEPPO;TIEPPO, RAFAEL",Cascavel,PR,"Rafael Tieppo possui graduação em Engenharia Agícola pela Universidade Estadual do Oeste do Paraná (2001), mestrado em Engenharia Agrícola pela Universidade Estadual do Oeste do Paraná (2004) e doutorado em Engenharia de Sistemas Agrícolas pela Universidade de São Paulo, ESALQ-USP com período sanduíche na Aarhus University - Dinamarca. Atualmente é professor adjunto da Universidade do Estado de Mato Grosso. Tem experiência na área de Engenharia Agrícola, atuando no momento com os seguintes temas: agricultura digital, análise espacial e gestão com visão sistêmica dos sistemas produtivos, dando suporte às políticas públicas e ao planejamento macro e micro de empreendimentos do agronegócio.",31-10-2024,Universidade do Estado de Mato Grosso,http://orcid.org/0000-0001-8132-4813,841500000008,1,SIM,0,IN
3275865819287843,Geotecnologias aplicadas à mudanças climáticas e agricultura digital - GEOCLIMAT-MT,15,2018,2020,CONCLUIDO,EXTENSAO,,"['Rafael Cesar Tieppo', 'MORAES DIAS, VANESSA RAKEL', 'Rivanildo Dallacort', 'Wini da Rocha Clarindo']","['SIM', 'NAO', 'NAO', 'NAO']",['VAZIO-VAZIO'],Universidade do Estado de Mato Grosso,841500000008,Rafael Cesar Tieppo,Tieppo,"TIEPPO, R. C.;TIEPPO, RAFAEL CESAR;TIEPPO, RAFAEL CÉSAR;R. C. TIEPPO;TIEPPO, RAFAEL",Cascavel,PR,"Rafael Tieppo possui graduação em Engenharia Agícola pela Universidade Estadual do Oeste do Paraná (2001), mestrado em Engenharia Agrícola pela Universidade Estadual do Oeste do Paraná (2004) e doutorado em Engenharia de Sistemas Agrícolas pela Universidade de São Paulo, ESALQ-USP com período sanduíche na Aarhus University - Dinamarca. Atualmente é professor adjunto da Universidade do Estado de Mato Grosso. Tem experiência na área de Engenharia Agrícola, atuando no momento com os seguintes temas: agricultura digital, análise espacial e gestão com visão sistêmica dos sistemas produtivos, dando suporte às políticas públicas e ao planejamento macro e micro de empreendimentos do agronegócio.",31-10-2024,Universidade do Estado de Mato Grosso,http://orcid.org/0000-0001-8132-4813,841500000008,1,SIM,0,IN
3275865819287843,Uso de imagens de satélites e variáveis climáticas para estimativa da produtividade da cultura do milho,16,2019,2026,EM_ANDAMENTO,PESQUISA,"Nos últimos anos, tem sido cada vez mais frequente o uso de imagens de satélites e algoritmos que usam dados climáticos e de superfície para diagnósticos do uso e ocupação do solo, assim como, para a predição da produtividade das culturas. Estes conceitos traduzem o advento das tecnologias da agricultura 4.0, que transita entre a biotecnologia e o big data, inserindo na agricultura recursos do mundo digital. Este novo conceito de produção demanda que o planejamento dos sistemas de produção deva visar a eficiência dos processos, e que seus avanços tenham consonância com a sustentabilidade. Desta forma, o uso de técnicas de geoprocessamento, no âmbito do gerenciamento de áreas de produção, permite a geração de informação para que se possa tomar decisões baseada em fatos. Requerendo assim, o estudo de técnicas que envolvam imagens de satélites para gerar soluções para o manejo agrícola. Pelo exposto, este projeto terá como objetivo estudar o ajuste de parâmetros para o modelo de balanço energético (SEBAL) e de estimar a produtividade da cultura do milho através de imagens de satélite","['Rafael Cesar Tieppo', 'Maria Carolina da Silva Andrea', 'MORAES DIAS, VANESSA RAKEL', 'BARBIERI, JOÃO DANILO', 'Emili Ferreira Campachi', 'Julia Gallo Barreto', 'Diego F Daniel', 'Rivanildo Dallacort', 'Wini da Rocha Clarindo', 'Diennyfer Letícia das Chagas Ramos', 'Gabriel Virgílio Barboza', 'Vitor Alfeu Guedes']","['SIM', 'NAO', 'NAO', 'NAO', 'NAO', 'NAO', 'NAO', 'NAO', 'NAO', 'NAO', 'NAO', 'NAO']",['VAZIO-VAZIO'],Universidade do Estado de Mato Grosso,841500000008,Rafael Cesar Tieppo,Tieppo,"TIEPPO, R. C.;TIEPPO, RAFAEL CESAR;TIEPPO, RAFAEL CÉSAR;R. C. TIEPPO;TIEPPO, RAFAEL",Cascavel,PR,"Rafael Tieppo possui graduação em Engenharia Agícola pela Universidade Estadual do Oeste do Paraná (2001), mestrado em Engenharia Agrícola pela Universidade Estadual do Oeste do Paraná (2004) e doutorado em Engenharia de Sistemas Agrícolas pela Universidade de São Paulo, ESALQ-USP com período sanduíche na Aarhus University - Dinamarca. Atualmente é professor adjunto da Universidade do Estado de Mato Grosso. Tem experiência na área de Engenharia Agrícola, atuando no momento com os seguintes temas: agricultura digital, análise espacial e gestão com visão sistêmica dos sistemas produtivos, dando suporte às políticas públicas e ao planejamento macro e micro de empreendimentos do agronegócio.",31-10-2024,Universidade do Estado de Mato Grosso,http://orcid.org/0000-0001-8132-4813,841500000008,1,SIM,0,IN
3275865819287843,"Competição hídrica, variabilidade térmica e influência no Kc Dual do milho em monocultivo e consorciado com crotalária",25,2019,2022,CONCLUIDO,PESQUISA,"Os cultivos agrícolas são diretamente influenciados pelas condições edafoclimáticas, sendo a deficiência ou excedente hídrico fatores determinantes na produção. Os cultivos em consórcio visam maior utilização da área agricultável, contudo a competição pela agua, luz e nutrientes pode proporcionar condições limitantes de produção. Esta pesquisa objetiva determinar a competição hídrica da cultura do milho consorciado com crotalária, a variabilidade térmica e de umidade do solo em diferentes profundidades e sua influência no Kc Dual destas culturas. Serão coletados dados de temperatura e umidade do solo em profundidades de 10, 20, 30 e 40 cm e 20 e 40 cm respectivamente, além dos dados de evaporação por microlisimetros e transpiração por lisimetros de pesagem, serão utilizados 6 lisimetros, sendo 2 em consórcio milho e crotalária, 2 milho e 2 crotalária, serão controladas as entradas de água via irrigação, e monitorados os dados climáticos com estação meteorológica automática instalada ao lado do experimento. Serão analisados variáveis de crescimento e produção das culturas, do sistema radicular quanto ao seu desenvolvimento e sua relação com a temperatura, umidade do solo e Kc dual das culturas em monocultivo e consorciado","['Rafael Cesar Tieppo', 'Santino Seabra Júnior', 'ARAÚJO, DEJÂNIA VIEIRA DE', 'Rivanildo Dallacort', 'ANDREA, MARIA CAROLINA DA SILVA', 'FREITAS, PAULO SÉRGIO LOURENÇO DE', 'DANIEL, DIEGO FERNANDO', 'CARVALHO, MARCO ANTONIO CAMILLO DE', 'Tadeu Miranda de Queiroz', 'Raimundo Nonato Cunha de França']","['NAO', 'NAO', 'NAO', 'SIM', 'NAO', 'NAO', 'NAO', 'NAO', 'NAO', 'NAO']",['VAZIO-VAZIO'],Universidade do Estado de Mato Grosso,841500000008,Rafael Cesar Tieppo,Tieppo,"TIEPPO, R. C.;TIEPPO, RAFAEL CESAR;TIEPPO, RAFAEL CÉSAR;R. C. TIEPPO;TIEPPO, RAFAEL",Cascavel,PR,"Rafael Tieppo possui graduação em Engenharia Agícola pela Universidade Estadual do Oeste do Paraná (2001), mestrado em Engenharia Agrícola pela Universidade Estadual do Oeste do Paraná (2004) e doutorado em Engenharia de Sistemas Agrícolas pela Universidade de São Paulo, ESALQ-USP com período sanduíche na Aarhus University - Dinamarca. Atualmente é professor adjunto da Universidade do Estado de Mato Grosso. Tem experiência na área de Engenharia Agrícola, atuando no momento com os seguintes temas: agricultura digital, análise espacial e gestão com visão sistêmica dos sistemas produtivos, dando suporte às políticas públicas e ao planejamento macro e micro de empreendimentos do agronegócio.",31-10-2024,Universidade do Estado de Mato Grosso,http://orcid.org/0000-0001-8132-4813,841500000008,1,NAO,1,IN
3275865819287843,"Projeto de extensão GeoClimaMT - Boeltim, vídeos, cursos e palestras para difusão de conhecimento técnico",17,2020,2021,CONCLUIDO,EXTENSAO,,"['Rafael Cesar Tieppo', 'Willian Fenner', 'MORAES DIAS, VANESSA RAKEL', 'Rivanildo Dallacort']","['SIM', 'NAO', 'NAO', 'NAO']",['VAZIO-VAZIO'],Universidade do Estado de Mato Grosso,841500000008,Rafael Cesar Tieppo,Tieppo,"TIEPPO, R. C.;TIEPPO, RAFAEL CESAR;TIEPPO, RAFAEL CÉSAR;R. C. TIEPPO;TIEPPO, RAFAEL",Cascavel,PR,"Rafael Tieppo possui graduação em Engenharia Agícola pela Universidade Estadual do Oeste do Paraná (2001), mestrado em Engenharia Agrícola pela Universidade Estadual do Oeste do Paraná (2004) e doutorado em Engenharia de Sistemas Agrícolas pela Universidade de São Paulo, ESALQ-USP com período sanduíche na Aarhus University - Dinamarca. Atualmente é professor adjunto da Universidade do Estado de Mato Grosso. Tem experiência na área de Engenharia Agrícola, atuando no momento com os seguintes temas: agricultura digital, análise espacial e gestão com visão sistêmica dos sistemas produtivos, dando suporte às políticas públicas e ao planejamento macro e micro de empreendimentos do agronegócio.",31-10-2024,Universidade do Estado de Mato Grosso,http://orcid.org/0000-0001-8132-4813,841500000008,1,SIM,0,IN
3275865819287843,Programa extensão: GeoClima-MT: Difusão de Geotecnologias e Informações Climáticas no Desenvolvimento Regional,20,2020,2021,CONCLUIDO,EXTENSAO,"O programa de Extensão Universitária GeoClima-MT: Difusão de Geotecnologias e Informações Climáticas&#10;no Desenvolvimento Regional possui como objetivo central a difusão de conhecimentos proporcionados&#10;por diferentes projetos estruturantes desenvolvidos na Universidade do Estado de Mato Grosso, Campus de&#10;Tangará da Serra. A Infraestrutura central articuladora do Programa de Extensão é: 1) Centro Tecnológico de&#10;Geoprocessamento e Sensoriamento Remoto aplicado à produção de Biodiesel (CETEGEO-SR), CONVESTADOS  MCT/FINEP/Ação TRANSVERSAL  PROJ EST C, TEI 12/2007, projeto financiado pela FINEP e&#10;Secretaria de Ciência e Tecnologia do Estado de Mato Grosso  SECITECI; 2) Centro de Acesso à Tecnologia&#10;para Inclusão Social - CATIS, laboratório de informática de parceria com a Superintendência de&#10;Desenvolvimento Científico, Tecnológico e Inovação da Secretaria de Ciência, Tecnologia e Inovação do&#10;Estado de Mato Grosso  SECITECI e Ministério da Ciência, Tecnologia e Inovação  MCTI. O programa de&#10;Extensão terá 05 (cinco) ações norteadoras de projetos que extensão, sendo: 1) Geoclima-MT: Boletim e&#10;Vídeos Técnicos em uma abordagem de difusão de informações em formato digital; 2) GeoClima-MT: Cursos&#10;e Palestras Técnicas para difusão de conhecimento; 3) Geoclima-MT: Centro de acesso a tecnologias para&#10;inclusão social; 4) GeoClima-MT: Monitoramento e difusão de informações Meteorológicas aplicadas a&#10;agricultura e saúde; 5) PSA - Pagamento por Serviços Ambientais do Rio Queima-Pé no Município de Tangará&#10;da Serra  MT. Todas estas ações extensionistas já encontram-se na Universidade e podem ser acessadas&#10;em <http://pesquisa.unemat.br/geoclimamt/>.","['Rafael Cesar Tieppo', 'MORAES DIAS, VANESSA RAKEL', 'Rivanildo Dallacort', 'Edenir Maria Serigatto']","['NAO', 'NAO', 'SIM', 'NAO']",['VAZIO-VAZIO'],Universidade do Estado de Mato Grosso,841500000008,Rafael Cesar Tieppo,Tieppo,"TIEPPO, R. C.;TIEPPO, RAFAEL CESAR;TIEPPO, RAFAEL CÉSAR;R. C. TIEPPO;TIEPPO, RAFAEL",Cascavel,PR,"Rafael Tieppo possui graduação em Engenharia Agícola pela Universidade Estadual do Oeste do Paraná (2001), mestrado em Engenharia Agrícola pela Universidade Estadual do Oeste do Paraná (2004) e doutorado em Engenharia de Sistemas Agrícolas pela Universidade de São Paulo, ESALQ-USP com período sanduíche na Aarhus University - Dinamarca. Atualmente é professor adjunto da Universidade do Estado de Mato Grosso. Tem experiência na área de Engenharia Agrícola, atuando no momento com os seguintes temas: agricultura digital, análise espacial e gestão com visão sistêmica dos sistemas produtivos, dando suporte às políticas públicas e ao planejamento macro e micro de empreendimentos do agronegócio.",31-10-2024,Universidade do Estado de Mato Grosso,http://orcid.org/0000-0001-8132-4813,841500000008,1,NAO,1,IN
3275865819287843,Estudo de variáveis climáticas para o planejamento agrícola,19,2022,2026,EM_ANDAMENTO,PESQUISA,"O estado do Mato Grosso tem o setor agrícola, principalmente as culturas de soja e milho, como uma das principais fontes de geração de receita para sua economia. Nos últimos anos, mudanças no clima tem promovido alterações na incidência de pragas e doenças, no rendimento das culturas, entre outros fatores. A mecanização agrícola, que é um recurso que deve auxiliar no cumprimento dos processos de um sistema de produção, também tem sido afetada pelas alterações no clima. Uma das possíveis  consequências é o não cumprimento da pontualidade na operação de semeadura, o que pode acarretar em redução de receita, tanto do ponto de vista financeiro como do balanço energético. Uma alternativa para tentar reduzir as referidas consequências é a utilização de modelos computacionais para simular possíveis cenários, e assim, poder auxiliar no planejamento das operações agrícolas. Pelo exposto, esse trabalho tem como objetivo gerar cenários climáticos e estimar seus possíveis efeitos no número de dias agronomicamente viáveis para realização das operações de semeadura da soja em alguns municípios do estado de Mato Grosso.","['Rafael Cesar Tieppo', 'Erivelto Mercante', 'ROMANELLI, THIAGO L.', 'Ronicely Pereira da Rocha', 'MORAES DIAS, VANESSA RAKEL', 'Rivanildo Dallacort']","['SIM', 'NAO', 'NAO', 'NAO', 'NAO', 'NAO']",['VAZIO-VAZIO'],Universidade do Estado de Mato Grosso,841500000008,Rafael Cesar Tieppo,Tieppo,"TIEPPO, R. C.;TIEPPO, RAFAEL CESAR;TIEPPO, RAFAEL CÉSAR;R. C. TIEPPO;TIEPPO, RAFAEL",Cascavel,PR,"Rafael Tieppo possui graduação em Engenharia Agícola pela Universidade Estadual do Oeste do Paraná (2001), mestrado em Engenharia Agrícola pela Universidade Estadual do Oeste do Paraná (2004) e doutorado em Engenharia de Sistemas Agrícolas pela Universidade de São Paulo, ESALQ-USP com período sanduíche na Aarhus University - Dinamarca. Atualmente é professor adjunto da Universidade do Estado de Mato Grosso. Tem experiência na área de Engenharia Agrícola, atuando no momento com os seguintes temas: agricultura digital, análise espacial e gestão com visão sistêmica dos sistemas produtivos, dando suporte às políticas públicas e ao planejamento macro e micro de empreendimentos do agronegócio.",31-10-2024,Universidade do Estado de Mato Grosso,http://orcid.org/0000-0001-8132-4813,841500000008,1,SIM,0,IN
3275865819287843,Redução de perdas na produtividade (soja milho) devido a variabilidade climática no Mato Grosso},24,2022,2026,EM_ANDAMENTO,PESQUISA,,"['Rafael Cesar Tieppo', 'Santino Seabra Júnior', 'Rivanildo Dallacort', 'Ronicely Pereira da Rocha', 'Marco Antônio Camilo de Carvalho', 'MORAES DIAS, VANESSA RAKEL', 'Oscar Mitsuo Yamashita']","['NAO', 'NAO', 'SIM', 'NAO', 'NAO', 'NAO', 'NAO']",['VAZIO-VAZIO'],Universidade do Estado de Mato Grosso,841500000008,Rafael Cesar Tieppo,Tieppo,"TIEPPO, R. C.;TIEPPO, RAFAEL CESAR;TIEPPO, RAFAEL CÉSAR;R. C. TIEPPO;TIEPPO, RAFAEL",Cascavel,PR,"Rafael Tieppo possui graduação em Engenharia Agícola pela Universidade Estadual do Oeste do Paraná (2001), mestrado em Engenharia Agrícola pela Universidade Estadual do Oeste do Paraná (2004) e doutorado em Engenharia de Sistemas Agrícolas pela Universidade de São Paulo, ESALQ-USP com período sanduíche na Aarhus University - Dinamarca. Atualmente é professor adjunto da Universidade do Estado de Mato Grosso. Tem experiência na área de Engenharia Agrícola, atuando no momento com os seguintes temas: agricultura digital, análise espacial e gestão com visão sistêmica dos sistemas produtivos, dando suporte às políticas públicas e ao planejamento macro e micro de empreendimentos do agronegócio.",31-10-2024,Universidade do Estado de Mato Grosso,http://orcid.org/0000-0001-8132-4813,841500000008,1,NAO,1,IN
3275865819287843,GeoclimaMT: Monitoramento e difusão de informações meteorológicas para o desenvolvimento agroambiental do estado de Mato Grosso,23,2022,2023,CONCLUIDO,EXTENSAO,,"['Rafael Cesar Tieppo', 'Adalberto Santi', 'MORAES DIAS, VANESSA RAKEL', 'Rivanildo Dallacort']","['NAO', 'NAO', 'NAO', 'SIM']",['VAZIO-VAZIO'],Universidade do Estado de Mato Grosso,841500000008,Rafael Cesar Tieppo,Tieppo,"TIEPPO, R. C.;TIEPPO, RAFAEL CESAR;TIEPPO, RAFAEL CÉSAR;R. C. TIEPPO;TIEPPO, RAFAEL",Cascavel,PR,"Rafael Tieppo possui graduação em Engenharia Agícola pela Universidade Estadual do Oeste do Paraná (2001), mestrado em Engenharia Agrícola pela Universidade Estadual do Oeste do Paraná (2004) e doutorado em Engenharia de Sistemas Agrícolas pela Universidade de São Paulo, ESALQ-USP com período sanduíche na Aarhus University - Dinamarca. Atualmente é professor adjunto da Universidade do Estado de Mato Grosso. Tem experiência na área de Engenharia Agrícola, atuando no momento com os seguintes temas: agricultura digital, análise espacial e gestão com visão sistêmica dos sistemas produtivos, dando suporte às políticas públicas e ao planejamento macro e micro de empreendimentos do agronegócio.",31-10-2024,Universidade do Estado de Mato Grosso,http://orcid.org/0000-0001-8132-4813,841500000008,1,NAO,1,IN
3275865819287843,"GeoClimaMT: Vídeos, Cursos e Palestras para difusão de conhecimento técnico",21,2022,2023,CONCLUIDO,EXTENSAO,,"['Rafael Cesar Tieppo', 'MORAES DIAS, VANESSA RAKEL', 'Rivanildo Dallacort', 'Danielle Storck Tonon']","['SIM', 'NAO', 'NAO', 'NAO']",['VAZIO-VAZIO'],Universidade do Estado de Mato Grosso,841500000008,Rafael Cesar Tieppo,Tieppo,"TIEPPO, R. C.;TIEPPO, RAFAEL CESAR;TIEPPO, RAFAEL CÉSAR;R. C. TIEPPO;TIEPPO, RAFAEL",Cascavel,PR,"Rafael Tieppo possui graduação em Engenharia Agícola pela Universidade Estadual do Oeste do Paraná (2001), mestrado em Engenharia Agrícola pela Universidade Estadual do Oeste do Paraná (2004) e doutorado em Engenharia de Sistemas Agrícolas pela Universidade de São Paulo, ESALQ-USP com período sanduíche na Aarhus University - Dinamarca. Atualmente é professor adjunto da Universidade do Estado de Mato Grosso. Tem experiência na área de Engenharia Agrícola, atuando no momento com os seguintes temas: agricultura digital, análise espacial e gestão com visão sistêmica dos sistemas produtivos, dando suporte às políticas públicas e ao planejamento macro e micro de empreendimentos do agronegócio.",31-10-2024,Universidade do Estado de Mato Grosso,http://orcid.org/0000-0001-8132-4813,841500000008,1,SIM,0,IN
3275865819287843,GeoClimaMT: Centro de acesso a tecnologias para inclusão social,22,2022,2023,CONCLUIDO,EXTENSAO,,"['Rafael Cesar Tieppo', 'MORAES DIAS, VANESSA RAKEL', 'Rivanildo Dallacort', 'Edenir Maria Serigatto']","['NAO', 'SIM', 'NAO', 'NAO']",['VAZIO-VAZIO'],Universidade do Estado de Mato Grosso,841500000008,Rafael Cesar Tieppo,Tieppo,"TIEPPO, R. C.;TIEPPO, RAFAEL CESAR;TIEPPO, RAFAEL CÉSAR;R. C. TIEPPO;TIEPPO, RAFAEL",Cascavel,PR,"Rafael Tieppo possui graduação em Engenharia Agícola pela Universidade Estadual do Oeste do Paraná (2001), mestrado em Engenharia Agrícola pela Universidade Estadual do Oeste do Paraná (2004) e doutorado em Engenharia de Sistemas Agrícolas pela Universidade de São Paulo, ESALQ-USP com período sanduíche na Aarhus University - Dinamarca. Atualmente é professor adjunto da Universidade do Estado de Mato Grosso. Tem experiência na área de Engenharia Agrícola, atuando no momento com os seguintes temas: agricultura digital, análise espacial e gestão com visão sistêmica dos sistemas produtivos, dando suporte às políticas públicas e ao planejamento macro e micro de empreendimentos do agronegócio.",31-10-2024,Universidade do Estado de Mato Grosso,http://orcid.org/0000-0001-8132-4813,841500000008,1,NAO,1,IN
3275865819287843,"Uso de geotecnologias como suporte no desenvolvimento social, econômico e ambiental",29,2023,2026,EM_ANDAMENTO,PESQUISA,"Este projeto de pesquisa tem como objetivo estudar o desenvolvimento sócio econômico e agrícola no estado de Mato Grosso. Serão utilizadas recursos tecnológicos como sistemas de informação geográfica (SIG), sensoriamento remoto e análise espacial para coletar, processar e analisar dados geográficos relevantes. O estudo abordará questões como distribuição espacial de indicadores socioeconômicos, uso da terra, produtividade agrícola, entre outros. A partir dessas análises, espera-se  identificar padrões espaciais, tendências e desafios específicos da região em relação ao desenvolvimento socioeconômico e à gestão agrícola.","['Rafael Cesar Tieppo', 'Erivelto Mercante', 'Rivanildo Dallacort', 'Maria Carolina da Silva Andrea', 'Ronicely Pereira da Rocha', 'MORAES DIAS, VANESSA RAKEL', 'Raimundo Nonato Cunha de França', 'Raquel Santos de Andrade Cachone', 'LAURO MULLER QUEIROZ']","['SIM', 'NAO', 'NAO', 'NAO', 'NAO', 'NAO', 'NAO', 'NAO', 'NAO']",['VAZIO-VAZIO'],Universidade do Estado de Mato Grosso,841500000008,Rafael Cesar Tieppo,Tieppo,"TIEPPO, R. C.;TIEPPO, RAFAEL CESAR;TIEPPO, RAFAEL CÉSAR;R. C. TIEPPO;TIEPPO, RAFAEL",Cascavel,PR,"Rafael Tieppo possui graduação em Engenharia Agícola pela Universidade Estadual do Oeste do Paraná (2001), mestrado em Engenharia Agrícola pela Universidade Estadual do Oeste do Paraná (2004) e doutorado em Engenharia de Sistemas Agrícolas pela Universidade de São Paulo, ESALQ-USP com período sanduíche na Aarhus University - Dinamarca. Atualmente é professor adjunto da Universidade do Estado de Mato Grosso. Tem experiência na área de Engenharia Agrícola, atuando no momento com os seguintes temas: agricultura digital, análise espacial e gestão com visão sistêmica dos sistemas produtivos, dando suporte às políticas públicas e ao planejamento macro e micro de empreendimentos do agronegócio.",31-10-2024,Universidade do Estado de Mato Grosso,http://orcid.org/0000-0001-8132-4813,841500000008,1,SIM,0,IN
3275865819287843,Mais Ciência: Divulgação Científica e Tecnológica,27,2023,2026,EM_ANDAMENTO,EXTENSAO,"Este projeto de pesquisa tem como objetivo estudar o desenvolvimento sócio econômico e agrícola no estado de Mato Grosso. Serão utilizadas recursos tecnológicos como sistemas de informação geográfica (SIG), sensoriamento remoto e análise espacial para coletar, processar e analisar dados geográficos relevantes. O estudo abordará questões como distribuição espacial de indicadores socioeconômicos, uso da terra, produtividade agrícola, entre outros. A partir dessas análises, espera-se  identificar padrões espaciais, tendências e desafios específicos da região em relação ao desenvolvimento socioeconômico e à gestão agrícola.","['Rafael Cesar Tieppo', 'MORAES DIAS, VANESSA RAKEL', 'Rivanildo Dallacort', 'Edenir Maria Serigatto']","['NAO', 'SIM', 'NAO', 'NAO']",['VAZIO-VAZIO'],Universidade do Estado de Mato Grosso,841500000008,Rafael Cesar Tieppo,Tieppo,"TIEPPO, R. C.;TIEPPO, RAFAEL CESAR;TIEPPO, RAFAEL CÉSAR;R. C. TIEPPO;TIEPPO, RAFAEL",Cascavel,PR,"Rafael Tieppo possui graduação em Engenharia Agícola pela Universidade Estadual do Oeste do Paraná (2001), mestrado em Engenharia Agrícola pela Universidade Estadual do Oeste do Paraná (2004) e doutorado em Engenharia de Sistemas Agrícolas pela Universidade de São Paulo, ESALQ-USP com período sanduíche na Aarhus University - Dinamarca. Atualmente é professor adjunto da Universidade do Estado de Mato Grosso. Tem experiência na área de Engenharia Agrícola, atuando no momento com os seguintes temas: agricultura digital, análise espacial e gestão com visão sistêmica dos sistemas produtivos, dando suporte às políticas públicas e ao planejamento macro e micro de empreendimentos do agronegócio.",31-10-2024,Universidade do Estado de Mato Grosso,http://orcid.org/0000-0001-8132-4813,841500000008,1,NAO,1,IN
3275865819287843,GeoclimaMT: Centro de acesso a tecnologias para inclusão social 2023/24,26,2023,2026,EM_ANDAMENTO,EXTENSAO,"Este projeto de pesquisa tem como objetivo estudar o desenvolvimento sócio econômico e agrícola no estado de Mato Grosso. Serão utilizadas recursos tecnológicos como sistemas de informação geográfica (SIG), sensoriamento remoto e análise espacial para coletar, processar e analisar dados geográficos relevantes. O estudo abordará questões como distribuição espacial de indicadores socioeconômicos, uso da terra, produtividade agrícola, entre outros. A partir dessas análises, espera-se  identificar padrões espaciais, tendências e desafios específicos da região em relação ao desenvolvimento socioeconômico e à gestão agrícola.","['Rafael Cesar Tieppo', 'Rivanildo Dallacort', 'MORAES DIAS, VANESSA RAKEL', 'Edenir Maria Serigatto']","['NAO', 'NAO', 'SIM', 'NAO']",['VAZIO-VAZIO'],Universidade do Estado de Mato Grosso,841500000008,Rafael Cesar Tieppo,Tieppo,"TIEPPO, R. C.;TIEPPO, RAFAEL CESAR;TIEPPO, RAFAEL CÉSAR;R. C. TIEPPO;TIEPPO, RAFAEL",Cascavel,PR,"Rafael Tieppo possui graduação em Engenharia Agícola pela Universidade Estadual do Oeste do Paraná (2001), mestrado em Engenharia Agrícola pela Universidade Estadual do Oeste do Paraná (2004) e doutorado em Engenharia de Sistemas Agrícolas pela Universidade de São Paulo, ESALQ-USP com período sanduíche na Aarhus University - Dinamarca. Atualmente é professor adjunto da Universidade do Estado de Mato Grosso. Tem experiência na área de Engenharia Agrícola, atuando no momento com os seguintes temas: agricultura digital, análise espacial e gestão com visão sistêmica dos sistemas produtivos, dando suporte às políticas públicas e ao planejamento macro e micro de empreendimentos do agronegócio.",31-10-2024,Universidade do Estado de Mato Grosso,http://orcid.org/0000-0001-8132-4813,841500000008,1,NAO,1,IN
3275865819287843,"GeoClimaMT: Vídeos, Cursos e Palestras para difusão de conhecimento técnico 2023/24",28,2023,2026,EM_ANDAMENTO,EXTENSAO,"Este projeto de pesquisa tem como objetivo estudar o desenvolvimento sócio econômico e agrícola no estado de Mato Grosso. Serão utilizadas recursos tecnológicos como sistemas de informação geográfica (SIG), sensoriamento remoto e análise espacial para coletar, processar e analisar dados geográficos relevantes. O estudo abordará questões como distribuição espacial de indicadores socioeconômicos, uso da terra, produtividade agrícola, entre outros. A partir dessas análises, espera-se  identificar padrões espaciais, tendências e desafios específicos da região em relação ao desenvolvimento socioeconômico e à gestão agrícola.","['Rafael Cesar Tieppo', 'Rivanildo Dallacort', 'MORAES DIAS, VANESSA RAKEL', 'Danielle Storck Tonon']","['SIM', 'NAO', 'NAO', 'NAO']",['VAZIO-VAZIO'],Universidade do Estado de Mato Grosso,841500000008,Rafael Cesar Tieppo,Tieppo,"TIEPPO, R. C.;TIEPPO, RAFAEL CESAR;TIEPPO, RAFAEL CÉSAR;R. C. TIEPPO;TIEPPO, RAFAEL",Cascavel,PR,"Rafael Tieppo possui graduação em Engenharia Agícola pela Universidade Estadual do Oeste do Paraná (2001), mestrado em Engenharia Agrícola pela Universidade Estadual do Oeste do Paraná (2004) e doutorado em Engenharia de Sistemas Agrícolas pela Universidade de São Paulo, ESALQ-USP com período sanduíche na Aarhus University - Dinamarca. Atualmente é professor adjunto da Universidade do Estado de Mato Grosso. Tem experiência na área de Engenharia Agrícola, atuando no momento com os seguintes temas: agricultura digital, análise espacial e gestão com visão sistêmica dos sistemas produtivos, dando suporte às políticas públicas e ao planejamento macro e micro de empreendimentos do agronegócio.",31-10-2024,Universidade do Estado de Mato Grosso,http://orcid.org/0000-0001-8132-4813,841500000008,1,SIM,0,IN
3330957069068672,"Early prediction  of leprosy in household contacts by measurement of peripheral autonomic nerve dysfunction in relation to clinical, immunological and molecular parameters: a follow-up study, 2004-2009.",12,2004,2012,CONCLUIDO,PESQUISA,"Estudo de acompanhamento voltado à  previsão precoce da hanseníase em contatos domiciliares por medição de disfunção autonômica periférica dos nervos em relação aos parâmetros clínicos, imunológicos e moleculares.","['Euzenir Nunes Sarno', 'Elizabeth Pereira Sampaio', 'Ximena Illarramendi Rojas']","['SIM', 'NAO', 'NAO']",['VAZIO-VAZIO'],Netherlands Leprosy Relief,IWQ200000009,Euzenir Nunes Sarno,Sarno,"SARNO, E. N.;Sarno, Euzenir N.;Sarno, Euzenir Nunes;Sarno, Euzenir&nbsp;N.;Sarno, Euzenir N;SARNO, E.N.;EN, SARNO;NUNES SARNO, EUZENIR;SARNO, EUZENIR;Sarno EN;EN, Euzenir;Euzenir M. Sarno;Sarno, Euzenir M;SARNO, EUZENIR M.",Rio de Janeiro,RJ,"Médica, patologista, professora de patologia, fisiopatologia e pesquisadora. Experiência maior em patologia e imunopatologia de doenças infecciosas, entre elas hepatite B, lepra e tuberculose. Nos últimos anos dedica-se à pesquisa na área de imunopatologia e neuropatologia da hanseníase.",20-07-2024,Fundação Oswaldo Cruz,,003900000001,1,SIM,0,IN
3330957069068672,"Estudos complementares para subisidiarem intervenções visando o controle da hanseníase em municípios do cluster nº. 4 (ES, BA e MG)",4,2008,2012,CONCLUIDO,PESQUISA,"Conhecer a história de ocupação desses municípios e a situação epidemiológica da área de interesse em relação à hanseníase, definindo e aplicando metodologia para cálculo e acompanhamento da prevalência oculta, relacionando os resultados com os aspectos operacionais observados a partir da avaliação dos serviços prestados à população.&#10;A integração das ações de controle da hanseníase na atenção básica, como objeto da estratégia de saúde da família, é aspecto fundamental a ser contemplado.","['Euzenir Nunes Sarno', 'Alice de Miranda Machado', 'Maria Eugenia Noviski Gallo', 'Elizabeth Pereira Sampaio', 'José Augusto da Costa Nery', 'Milton Ozório Moraes', 'Nadia Cristina Duppre', 'Edson C A Albuquerque', 'Leila de Mendonça Lima', 'Philip Noel Suffys', 'Samira Buhrer-Sekula', 'Maria Lúcia Fernandes Penna', 'Mariana de Andrea Vilas Boas Hacker', 'Adriana Kelly santos', 'Alberto Novaes Ramos Júnior', 'Aryon de Almeida Barbosa Junior']","['SIM', 'NAO', 'NAO', 'NAO', 'NAO', 'NAO', 'NAO', 'NAO', 'NAO', 'NAO', 'NAO', 'NAO', 'NAO', 'NAO', 'NAO', 'NAO']",['Conselho Nacional de Desenvolvimento Científico e Tecnológico-AUXILIO_FINANCEIRO'],Conselho Nacional de Desenvolvimento Científico e Tecnológico,002200000000,Euzenir Nunes Sarno,Sarno,"SARNO, E. N.;Sarno, Euzenir N.;Sarno, Euzenir Nunes;Sarno, Euzenir&nbsp;N.;Sarno, Euzenir N;SARNO, E.N.;EN, SARNO;NUNES SARNO, EUZENIR;SARNO, EUZENIR;Sarno EN;EN, Euzenir;Euzenir M. Sarno;Sarno, Euzenir M;SARNO, EUZENIR M.",Rio de Janeiro,RJ,"Médica, patologista, professora de patologia, fisiopatologia e pesquisadora. Experiência maior em patologia e imunopatologia de doenças infecciosas, entre elas hepatite B, lepra e tuberculose. Nos últimos anos dedica-se à pesquisa na área de imunopatologia e neuropatologia da hanseníase.",20-07-2024,Fundação Oswaldo Cruz,,003900000001,1,SIM,0,IN
3330957069068672,"Papel da Indoleamina 2,3 dioxigenase na modulação da resposta imune em pacientes com hanseníase",5,2008,2011,EM_ANDAMENTO,PESQUISA,"Avaliar o efeito da exposição ao M. leprae em células de pacientes com hanseníase nas formas clínicas lepromatosa, tuberculóide e durante os episódios reacionais in vivo e in vitro.",['Euzenir Nunes Sarno'],['SIM'],['Conselho Nacional de Desenvolvimento Científico e Tecnológico-AUXILIO_FINANCEIRO'],Conselho Nacional de Desenvolvimento Científico e Tecnológico,002200000000,Euzenir Nunes Sarno,Sarno,"SARNO, E. N.;Sarno, Euzenir N.;Sarno, Euzenir Nunes;Sarno, Euzenir&nbsp;N.;Sarno, Euzenir N;SARNO, E.N.;EN, SARNO;NUNES SARNO, EUZENIR;SARNO, EUZENIR;Sarno EN;EN, Euzenir;Euzenir M. Sarno;Sarno, Euzenir M;SARNO, EUZENIR M.",Rio de Janeiro,RJ,"Médica, patologista, professora de patologia, fisiopatologia e pesquisadora. Experiência maior em patologia e imunopatologia de doenças infecciosas, entre elas hepatite B, lepra e tuberculose. Nos últimos anos dedica-se à pesquisa na área de imunopatologia e neuropatologia da hanseníase.",20-07-2024,Fundação Oswaldo Cruz,,003900000001,1,SIM,0,IN
3330957069068672,Lesão neural na hanseníase: imunopatogênese da fibrose tecidual.,7,2008,2010,CONCLUIDO,PESQUISA,"Compreensão geral do distúrbio inflamatório que ocorre no nervo periférico de pacientes com hanseníase, impedindo a regeneração neural, criando assim uma base para elaboração de estratégias futuras que venham contribuir para a prevenção das incapacidades e a para a recuperação das lesões neurais.",['Euzenir Nunes Sarno'],['SIM'],['Conselho Nacional de Desenvolvimento Científico e Tecnológico-AUXILIO_FINANCEIRO'],Fundação Oswaldo Cruz,003900000001,Euzenir Nunes Sarno,Sarno,"SARNO, E. N.;Sarno, Euzenir N.;Sarno, Euzenir Nunes;Sarno, Euzenir&nbsp;N.;Sarno, Euzenir N;SARNO, E.N.;EN, SARNO;NUNES SARNO, EUZENIR;SARNO, EUZENIR;Sarno EN;EN, Euzenir;Euzenir M. Sarno;Sarno, Euzenir M;SARNO, EUZENIR M.",Rio de Janeiro,RJ,"Médica, patologista, professora de patologia, fisiopatologia e pesquisadora. Experiência maior em patologia e imunopatologia de doenças infecciosas, entre elas hepatite B, lepra e tuberculose. Nos últimos anos dedica-se à pesquisa na área de imunopatologia e neuropatologia da hanseníase.",20-07-2024,Fundação Oswaldo Cruz,,003900000001,1,SIM,0,IN
3330957069068672,"Estudo multicêntrico: UFF, FIOCRUZ e USP-RB para o estudo da dor neuropática na hanseníase",2,2008,2010,CONCLUIDO,PESQUISA,Avaliação da eficácia e da segurança de esquemas terapêuticos  para tratamento da dor neuropática na hanseníase.,"['Euzenir Nunes Sarno', 'Osvaldo J M Nascimento']","['NAO', 'SIM']",['Financiadora de Estudos e Projetos-AUXILIO_FINANCEIRO'],Financiadora de Estudos e Projetos,869700000001,Euzenir Nunes Sarno,Sarno,"SARNO, E. N.;Sarno, Euzenir N.;Sarno, Euzenir Nunes;Sarno, Euzenir&nbsp;N.;Sarno, Euzenir N;SARNO, E.N.;EN, SARNO;NUNES SARNO, EUZENIR;SARNO, EUZENIR;Sarno EN;EN, Euzenir;Euzenir M. Sarno;Sarno, Euzenir M;SARNO, EUZENIR M.",Rio de Janeiro,RJ,"Médica, patologista, professora de patologia, fisiopatologia e pesquisadora. Experiência maior em patologia e imunopatologia de doenças infecciosas, entre elas hepatite B, lepra e tuberculose. Nos últimos anos dedica-se à pesquisa na área de imunopatologia e neuropatologia da hanseníase.",20-07-2024,Fundação Oswaldo Cruz,,003900000001,1,NAO,1,IN
3330957069068672,Estados reacionais na co-infecção da hanseníase e HIV: Interação dos componentes tissulares da resposta imune.,8,2009,2011,EM_ANDAMENTO,PESQUISA,"A Hanseníase e a AIDS continuam sendo um problema de saúde pública, especialmente no Brasil. Sabe-se que as manifestações clínicas destas doenças são devido às interações com o sistema imune e que pacientes com HIV são mais susceptíveis às infecções pelas micobactérias. Porém, a associação entre o HIV e a hanseníase é ainda bastante discutida e não está totalmente esclarecida. As células dendríticas são células-chaves na resposta inata e determinam o padrão de resposta imune adaptativa a muitos patógenos. Considerando a imunopatologia das lesões tuberculóides e reacionais, hipotetizamos que nestes pacientes co-infectados, estas células mantêm o padrão observado em pacientes não portadores de HIV e, desta forma, explicaria o comportamento clinico destes pacientes. Portanto, o objetivo do projeto é investigar os componentes celulares envolvidos no padrão de resposta imune in situ em pacientes co-infectados. Para isso serão usadas biópsias de 40 pacientes registrados no ambulatório de Hanseníase da Fiocruz. Serão avaliadas: 10 biópsias de pacientes co-infectados que não apresentam reação, 10 biópsias de pacientes co-infectados com reação, 10 biópsias de pacientes com hanseníase (borderline tuberculóide - BT) sem reação e 10 biópsias de pacientes com hanseníase (BT) com reação tipo I ou reação reversa. As amostras serão avaliadas através de um estudo morfológico com as técnicas histoquímicas de rotina (hematoxilina-eosina, tricrômico de Gomori e Wade) e através da imunohistoquímica para avaliarmos o fenótipo e a distribuição das células do infiltrado inflamatório (linfócitos e macrófagos), bem como a distribuição das diferentes populações de células dendríticas. Para a avaliação do percentual de células dendríticas usaremos a quantificação através do método estereológico. Com isso, poderemos esclarecer os mecanismos envolvidos no desencadeamento dos episódios reacionais, assim como alguns aspectos da imunopatologia do HIV.","['Euzenir Nunes Sarno', 'Alice de Miranda Machado', 'José Augusto da Costa Nery', 'Helen Ferreira', 'Thaís Porto Amadeu', 'Pamela Cristina Ribeiro Rodrigues']","['SIM', 'NAO', 'NAO', 'NAO', 'NAO', 'NAO']",['Conselho Nacional de Desenvolvimento Científico e Tecnológico-AUXILIO_FINANCEIRO'],Fundação Oswaldo Cruz,003900000001,Euzenir Nunes Sarno,Sarno,"SARNO, E. N.;Sarno, Euzenir N.;Sarno, Euzenir Nunes;Sarno, Euzenir&nbsp;N.;Sarno, Euzenir N;SARNO, E.N.;EN, SARNO;NUNES SARNO, EUZENIR;SARNO, EUZENIR;Sarno EN;EN, Euzenir;Euzenir M. Sarno;Sarno, Euzenir M;SARNO, EUZENIR M.",Rio de Janeiro,RJ,"Médica, patologista, professora de patologia, fisiopatologia e pesquisadora. Experiência maior em patologia e imunopatologia de doenças infecciosas, entre elas hepatite B, lepra e tuberculose. Nos últimos anos dedica-se à pesquisa na área de imunopatologia e neuropatologia da hanseníase.",20-07-2024,Fundação Oswaldo Cruz,,003900000001,1,SIM,0,IN
3330957069068672,"(ENS-015) - Análise imunológica, genética e epidemiológica na história natural da hanseníase: Estratégias para diagnóstico precoce e manejo das reações hansênicas",6,2010,2012,CONCLUIDO,PESQUISA,"A hanseníase é uma doença infecciosa crônica que persiste como importante problema de saúde pública no Brasil devido à taxa de prevalência de aproximadamente 2,4 indivíduos para cada 10.000 habitantes e às altas taxas de morbidade associadas à doença decorrente dos danos neurais.&#10;A doença é caracterizada por um espectro de formas clínicas determinado pelo tipo de resposta imune do hospedeiro contra o Mycobacterium leprae. &#10;Os aspectos genéticos das relações do agente etiológico com o meio ambiente e dos mecanismos de transmissão ainda permanecem desconhecidos na hanseníase.&#10;Acredita-se que o tempo de incubação da hanseníase possa variar de 2 a 10 anos, e que os indivíduos infectados sejam capazes de transmitir a doença ainda na fase assintomática da doença. &#10;Evidências clínicas e epidemiológicas têm demonstrado que existe influência genética do indivíduo (suscetibilidade/resistência) na resposta à hanseníase, visto que o M. Leprae possui uma baixa diversidade genética, logo, sugere-se que não poderia determinar as grandes diversidades clínicas da doença; e que apenas 1% dos indivíduos expostos ao bacilo acabam adoecendo. &#10;Durante o curso crônico da doença, os pacientes hansenianos podem desenvolver estados reacionais que constituem episódios agudos de resposta imuno-inflamatória cujos mecanismos fisiológicos ainda são desconhecidos.  &#10;O objetivo do projeto é de investigar uma população de pacientes com hanseníase e seus contatos domiciliares e avaliar técnicas moleculares, para a detecção de DNA e RNA de Mycobacterium leprae além de métodos imunológicos para o diagnóstico precoce de doença em contatos. Em adição serão estudados novos métodos de diagnóstico de formas neurais puras da hanseníase; avaliar a produção de marcadores moleculares (expressão gênica) para o prognóstico de gravidade associada às reações inflamatórias do nervo e da pele; avaliar o background genético do hospedeiro e do patógeno que podem conferir suscetibilidade genética ao desenvolvimento da doença.","['Euzenir Nunes Sarno', 'Alice de Miranda Machado', 'Leila Maria Machado Vieira', 'José Augusto da Costa Nery', 'Milton Ozório Moraes', 'Ximena Illarramendi', 'Danuza Esquenazi', 'Sergio Luiz  Gomes Antunes', 'Maria Cristina Vidal Pessolani', 'Geraldo Moura Batista Pereira', 'Marcia Maria Rodrgues Jardim', 'Nádia Crisitina Duppre', 'Harrison Magdinier Gomes', 'Roberta Olmo Pinheiro', 'Mariana de Andrea Vilas Boas Hacker', 'Flávio Alves Lara', 'Egon Luiz Rodrigues Daxbacher', 'Leila Maria Cardao Chimelli', 'Sandra Maria Barbosa Durães']","['SIM', 'NAO', 'NAO', 'NAO', 'NAO', 'NAO', 'NAO', 'NAO', 'NAO', 'NAO', 'NAO', 'NAO', 'NAO', 'NAO', 'NAO', 'NAO', 'NAO', 'NAO', 'NAO']",['Fundação Carlos Chagas Filho de Amparo à Pesquisa do Estado do RJ-AUXILIO_FINANCEIRO'],Fundação Oswaldo Cruz,003900000001,Euzenir Nunes Sarno,Sarno,"SARNO, E. N.;Sarno, Euzenir N.;Sarno, Euzenir Nunes;Sarno, Euzenir&nbsp;N.;Sarno, Euzenir N;SARNO, E.N.;EN, SARNO;NUNES SARNO, EUZENIR;SARNO, EUZENIR;Sarno EN;EN, Euzenir;Euzenir M. Sarno;Sarno, Euzenir M;SARNO, EUZENIR M.",Rio de Janeiro,RJ,"Médica, patologista, professora de patologia, fisiopatologia e pesquisadora. Experiência maior em patologia e imunopatologia de doenças infecciosas, entre elas hepatite B, lepra e tuberculose. Nos últimos anos dedica-se à pesquisa na área de imunopatologia e neuropatologia da hanseníase.",20-07-2024,Fundação Oswaldo Cruz,,003900000001,1,SIM,0,IN
3330957069068672,Identificação de possíveis alvos terapêuticos para o tratamento do Eritema Nodoso Leproso: perfil de expressão gênica nas lesões reacionais antes e após tratamento com a talidomida e descrição de funções biológicas envolvidas.,10,2010,2015,EM_ANDAMENTO,PESQUISA,"A reação do tipo 2, é a principal causa de morbidade na hanseníase, além de poder comprometer os nervos periféricos também se manifesta de forma sistêmica afetando diversos órgãos, tal como olhos, testículos e rins. O tratamento deste tipo de reação é feito de forma imediata sempre que diagnosticado para evitar danos maiores aos pacientes. Entretanto, alguns casos desenvolvem reação crônica subentrante que requer vários cursos de tratamento com a talidomida e/ou prednisona. Com o objetivo de identificar um perfil de leitura de expressão gênica em lesões de pacientes com hanseníase que possa indicar ou predizer a resposta à terapia reacional, investigaremos a expressão gênica global em lesões de pele e em células mononucleares de sangue periférico pela técnica de microarranjo de cDNA, avaliando principalmente pacientes durante o surto do ENL e durante seu tratamento com talidomida. A possibilidade de resultados mais imediatos obtidos pós-analise dos experimentos por ?microarray? compreende: a eleição de genes como possíveis marcadores de prognóstico do ENL; validação através de ensaios de expressão do RNAm através do método de RT-PCR por tempo real, e ensaios funcionais de identificação de proteínas/moléculas candidatas por citometria de fluxo e imunohistoquímica nas lesões. A correlação entre os níveis de expressão gênica, características clínicas e marcadores solúveis no plasma/soro desses pacientes também será feita com o genótipo dos pacientes referente aos polimorfismos de genes correlacionados com a hanseníase, tal como TNF, IL-10, TLR entre outros. Testaremos novas moléculas análogas à talidomida sobre o seu potencial imunomodulador e anti-angiogênico, com o objetivo de patentear moléculas e motivos estruturais com potencial terapêutico. Esperamos trazer através desse projeto benefícios imediatos para os pacientes acompanhados no estudo, uma vez que a avaliação clínica será feita de forma bastante detalhada, padronizada, semanal e auxiliada através da investig","['Euzenir Nunes Sarno', 'Alice de Miranda Machado', 'Elizabeth Pereira Sampaio', 'José Augusto da Costa Nery', 'Milton Ozório Moraes', 'Daniel Serra de Carvalho', 'Sergio Luiz  Gomes Antunes', 'Roberta Olmo Pinheiro', 'Lídia Moreira Lima', 'Eliezer Jesus de Lacerda Barreiro']","['SIM', 'NAO', 'NAO', 'NAO', 'NAO', 'NAO', 'NAO', 'NAO', 'NAO', 'NAO']",['Coordenação de Aperfeiçoamento de Pessoal de Nível Superior-AUXILIO_FINANCEIRO'],Fundação Oswaldo Cruz,003900000001,Euzenir Nunes Sarno,Sarno,"SARNO, E. N.;Sarno, Euzenir N.;Sarno, Euzenir Nunes;Sarno, Euzenir&nbsp;N.;Sarno, Euzenir N;SARNO, E.N.;EN, SARNO;NUNES SARNO, EUZENIR;SARNO, EUZENIR;Sarno EN;EN, Euzenir;Euzenir M. Sarno;Sarno, Euzenir M;SARNO, EUZENIR M.",Rio de Janeiro,RJ,"Médica, patologista, professora de patologia, fisiopatologia e pesquisadora. Experiência maior em patologia e imunopatologia de doenças infecciosas, entre elas hepatite B, lepra e tuberculose. Nos últimos anos dedica-se à pesquisa na área de imunopatologia e neuropatologia da hanseníase.",20-07-2024,Fundação Oswaldo Cruz,,003900000001,1,SIM,0,IN
3330957069068672,(ENS-018) Estudos de biomarcadores do Eritema Nodoso Leproso,17,2011,2013,CONCLUIDO,PESQUISA,Estudar possíveis marcadores imunológicos que possam servir de biomarcadores e auxiliar no diagnóstico e/ou prognóstico da hanseníase.,['Euzenir Nunes Sarno'],['SIM'],['Fundação Carlos Chagas Filho de Amparo à Pesquisa do Estado do RJ-AUXILIO_FINANCEIRO'],Fundação Oswaldo Cruz,003900000001,Euzenir Nunes Sarno,Sarno,"SARNO, E. N.;Sarno, Euzenir N.;Sarno, Euzenir Nunes;Sarno, Euzenir&nbsp;N.;Sarno, Euzenir N;SARNO, E.N.;EN, SARNO;NUNES SARNO, EUZENIR;SARNO, EUZENIR;Sarno EN;EN, Euzenir;Euzenir M. Sarno;Sarno, Euzenir M;SARNO, EUZENIR M.",Rio de Janeiro,RJ,"Médica, patologista, professora de patologia, fisiopatologia e pesquisadora. Experiência maior em patologia e imunopatologia de doenças infecciosas, entre elas hepatite B, lepra e tuberculose. Nos últimos anos dedica-se à pesquisa na área de imunopatologia e neuropatologia da hanseníase.",20-07-2024,Fundação Oswaldo Cruz,,003900000001,1,SIM,0,IN
3330957069068672,(ENS-020) A coinfecção HIV/Mycobacterium leprae: aspectos clínicos e imunológicos envolvidos antes e durante os estados reacionais,16,2011,2014,CONCLUIDO,PESQUISA,Estudar possíveis marcadores imunológicos que possam servir de biomarcadores e auxiliar no diagnóstico e/ou prognóstico da hanseníase.,"['Euzenir Nunes Sarno', 'Alice de Miranda Machado', 'José Augusto da Costa Nery', 'Anna Maria Sales', 'Edson C A Albuquerque', 'Ariane Leite Oliveira', 'Mariana de Andrea Vilas Boas Hacker', 'Emanoel Rangel', 'Menezes, Vinicius Martins', 'Thaís Porto Amadeu', 'Olmo Pinheiro, Roberta', 'Andressa Cristina de França Gomes']","['SIM', 'NAO', 'NAO', 'NAO', 'NAO', 'NAO', 'NAO', 'NAO', 'NAO', 'NAO', 'NAO', 'NAO']",['Fundação Carlos Chagas Filho de Amparo à Pesquisa do Estado do RJ-AUXILIO_FINANCEIRO'],Fundação Oswaldo Cruz,003900000001,Euzenir Nunes Sarno,Sarno,"SARNO, E. N.;Sarno, Euzenir N.;Sarno, Euzenir Nunes;Sarno, Euzenir&nbsp;N.;Sarno, Euzenir N;SARNO, E.N.;EN, SARNO;NUNES SARNO, EUZENIR;SARNO, EUZENIR;Sarno EN;EN, Euzenir;Euzenir M. Sarno;Sarno, Euzenir M;SARNO, EUZENIR M.",Rio de Janeiro,RJ,"Médica, patologista, professora de patologia, fisiopatologia e pesquisadora. Experiência maior em patologia e imunopatologia de doenças infecciosas, entre elas hepatite B, lepra e tuberculose. Nos últimos anos dedica-se à pesquisa na área de imunopatologia e neuropatologia da hanseníase.",20-07-2024,Fundação Oswaldo Cruz,,003900000001,1,SIM,0,IN
3330957069068672,As micobactérias e sua interação com o ser humano:  Novas abordagens moleculares e imunológicas para o controle da hanseníase e tuberculose,15,2011,2013,CONCLUIDO,DESENVOLVIMENTO,Estudar possíveis marcadores imunológicos que possam servir de biomarcadores e auxiliar no diagnóstico e/ou prognóstico da hanseníase.,"['Euzenir Nunes Sarno', 'Alice de Miranda Machado', 'José Augusto da Costa Nery', 'Daniel Serra de Carvalho', 'Sergio Luiz  Gomes Antunes', 'Maria Cristina Vidal Pessolani', 'Philip Noel Suffys', 'Maria Helena Feres Saad', 'Harrison Magdinier Gomes', 'Roberta Olmo Pinheiro', 'Mariana de Andrea Vilas Boas Hacker', 'Flávio Alves Lara', 'Katherine Antunes Mattos', 'Luciana Silva Rodrigues']","['SIM', 'NAO', 'NAO', 'NAO', 'NAO', 'NAO', 'NAO', 'NAO', 'NAO', 'NAO', 'NAO', 'NAO', 'NAO', 'NAO']",['Fundação Carlos Chagas Filho de Amparo à Pesquisa do Estado do RJ-AUXILIO_FINANCEIRO'],Fundação Oswaldo Cruz,003900000001,Euzenir Nunes Sarno,Sarno,"SARNO, E. N.;Sarno, Euzenir N.;Sarno, Euzenir Nunes;Sarno, Euzenir&nbsp;N.;Sarno, Euzenir N;SARNO, E.N.;EN, SARNO;NUNES SARNO, EUZENIR;SARNO, EUZENIR;Sarno EN;EN, Euzenir;Euzenir M. Sarno;Sarno, Euzenir M;SARNO, EUZENIR M.",Rio de Janeiro,RJ,"Médica, patologista, professora de patologia, fisiopatologia e pesquisadora. Experiência maior em patologia e imunopatologia de doenças infecciosas, entre elas hepatite B, lepra e tuberculose. Nos últimos anos dedica-se à pesquisa na área de imunopatologia e neuropatologia da hanseníase.",20-07-2024,Fundação Oswaldo Cruz,,003900000001,1,SIM,0,IN
3330957069068672,Análise genética de isolados de Mycobacterium leprae para uma melhor compreensão das características da doença e a prevalência da resistência às drogas entre os pacientes,18,2011,2026,EM_ANDAMENTO,PESQUISA,"DETAILED AIMS AND OBJECTIVES OF RESEARCH&#10;&#10;(i)&#09;To perform genotyping using 16 STR containing targets on material from leprosy &#09;patients from three different endemic settings (RJ, CE and MT) of the disease for better &#09;understanding of disease characteristics&#10;&#10;&#09;For typing of diseased contacts and comparison with index cases&#10;&#10;&#09;For better understanding of region associated genotyping characteristics&#10;&#10;For the performance of a molecular epidemiologic study in the city of Fortaleza, Ceara, with the availability of skin biopsy samples of 50% of all new MB cases, with the objective to (i) establish the implantation of a social network analysis aided by genotyping, (ii) better define stringency needed for detection of risk factors for transmission and (iii) perform secondary investigation of  clustered cases&#10;&#10;(ii)&#09;To evaluate genotypes as defined by SNP typing and compare with STR defined &#09;genotypes&#10;&#10;To further elucidate the relation between different type of markers, namely SNPs and STRs&#10;&#10;&#10;(iii)&#09;To evaluate genotypes in different kind of clinical samples&#10;&#10;To compare genotypes obtained in M. leprae present on slit skin smears, skin biopsies and the nose&#10;&#10;To confirm or not our preliminary data that different SNP defined genotypes are present in different types of tissue&#10;&#10;(iv)&#09;To develop perform initial experiments for next generation sequencing&#10;&#10;Evaluate efficiency of M. leprae extraction from infected mouse footpad and the possibility to extract DNA that is useful for whole genome sequencing&#10;&#10;(v)&#09;To evaluate primary resistance against antibiotics&#10;&#10;By performing direct PCR sequencing in the sample collection of the three regions&#10;&#10;(vi)&#09;To develop new procedures for detection of resistance&#10;&#10;By comparing direct PCR sequencing, initially in the samples from the 140 relapse cases from RJ&#10;To evaluate methodological particularities of the different techniques and sensitivity regarding detection of mixed populations of DR and S populations, result of sec","['Euzenir Nunes Sarno', 'Milton Ozório Moraes', 'Philip Noel Suffys', 'Harrison Magdinier Gomes', 'Amanda Nogueira Brum Fontes', 'Ida Maria Foschiani Dias Baptista', 'Varalakshmi D. Vissa', 'Adalgiza da Silva Rocha', 'Ligia Kerr Pontes', 'Ana Carolina Barreto', 'Patrícia Rosa']","['NAO', 'NAO', 'SIM', 'NAO', 'NAO', 'NAO', 'NAO', 'NAO', 'NAO', 'NAO', 'NAO']",['Damien Foundation-AUXILIO_FINANCEIRO'],Fundação Oswaldo Cruz,003900000001,Euzenir Nunes Sarno,Sarno,"SARNO, E. N.;Sarno, Euzenir N.;Sarno, Euzenir Nunes;Sarno, Euzenir&nbsp;N.;Sarno, Euzenir N;SARNO, E.N.;EN, SARNO;NUNES SARNO, EUZENIR;SARNO, EUZENIR;Sarno EN;EN, Euzenir;Euzenir M. Sarno;Sarno, Euzenir M;SARNO, EUZENIR M.",Rio de Janeiro,RJ,"Médica, patologista, professora de patologia, fisiopatologia e pesquisadora. Experiência maior em patologia e imunopatologia de doenças infecciosas, entre elas hepatite B, lepra e tuberculose. Nos últimos anos dedica-se à pesquisa na área de imunopatologia e neuropatologia da hanseníase.",20-07-2024,Fundação Oswaldo Cruz,,003900000001,1,NAO,1,IN
3330957069068672,(ENS-019) Diagnóstico molecular da hanseníase,25,2011,2013,CONCLUIDO,PESQUISA,"Nos últimos anos, as técnicas avançaram significativamente de forma a possibilitar métodos moleculares muito sensíveis também que é devido ao aumento da confiabilidade e eficiência da técnica da PCR quantitativa (qPCR) para hanseníase. Assim, a aplicação direta de qPCR em hanseníase vem sendo utilizada aumentando o diagnóstico em pacientes com formas clínicas de difícil diagnóstico. A próxima etapa desse processo é implementar a detecção molecular para todos os contatos domiciliares dos pacientes bem como de pacientes apresentações dermatológicas de difícil diagnóstico. Para isso, estabeleceremos uma rotina de armazenamento de amostras, extração de DNA semi-automatizadas e PCR em tempo real para amplificação de alvos de M. leprae em todos os pacientes e contatos domiciliares do ambulatório Souza Araújo. Esses indivíduos serão acompanhados de acordo com os resultados obtidos nas análises do teste de PCR para validação do método na rotina e de acordo com critérios de custo-efetividade para implementação junto ao Ministério da Saúde de protocolo para diagnóstico e profilaxia ou tratamento quando adequado.",['Euzenir Nunes Sarno'],['SIM'],['VAZIO-VAZIO'],Fundação Oswaldo Cruz,003900000001,Euzenir Nunes Sarno,Sarno,"SARNO, E. N.;Sarno, Euzenir N.;Sarno, Euzenir Nunes;Sarno, Euzenir&nbsp;N.;Sarno, Euzenir N;SARNO, E.N.;EN, SARNO;NUNES SARNO, EUZENIR;SARNO, EUZENIR;Sarno EN;EN, Euzenir;Euzenir M. Sarno;Sarno, Euzenir M;SARNO, EUZENIR M.",Rio de Janeiro,RJ,"Médica, patologista, professora de patologia, fisiopatologia e pesquisadora. Experiência maior em patologia e imunopatologia de doenças infecciosas, entre elas hepatite B, lepra e tuberculose. Nos últimos anos dedica-se à pesquisa na área de imunopatologia e neuropatologia da hanseníase.",20-07-2024,Fundação Oswaldo Cruz,,003900000001,1,SIM,0,IN
3330957069068672,Investigação de sub-populações de linfócitos T e de mediadores pró-inflamatórios envolvidos na patogênese de episódios reacionais da hanseníase.,19,2012,2014,CONCLUIDO,PESQUISA,"Investigação do fenótipo e do perfil funcional de subpopulações de linfócitos T produtores de citocinas pró-inflamatórias de pacientes recém-diagnosticados, em início de tratamento poliquimioterápico e sem sintomatologia reacional e após abertura dos episódios reacionais, e em indivíduos sadios de área endêmica da hanseníase.","['Euzenir Nunes Sarno', 'José Augusto da Costa Nery', 'Danuza Esquenazi', 'Pinheiro, Roberta Olmo', 'Pedro Henrique Lopes da Silva']","['SIM', 'NAO', 'NAO', 'NAO', 'NAO']",['Conselho Nacional de Desenvolvimento Científico e Tecnológico-AUXILIO_FINANCEIRO'],Fundação Oswaldo Cruz,003900000001,Euzenir Nunes Sarno,Sarno,"SARNO, E. N.;Sarno, Euzenir N.;Sarno, Euzenir Nunes;Sarno, Euzenir&nbsp;N.;Sarno, Euzenir N;SARNO, E.N.;EN, SARNO;NUNES SARNO, EUZENIR;SARNO, EUZENIR;Sarno EN;EN, Euzenir;Euzenir M. Sarno;Sarno, Euzenir M;SARNO, EUZENIR M.",Rio de Janeiro,RJ,"Médica, patologista, professora de patologia, fisiopatologia e pesquisadora. Experiência maior em patologia e imunopatologia de doenças infecciosas, entre elas hepatite B, lepra e tuberculose. Nos últimos anos dedica-se à pesquisa na área de imunopatologia e neuropatologia da hanseníase.",20-07-2024,Fundação Oswaldo Cruz,,003900000001,1,SIM,0,IN
3330957069068672,Identificação de biomarcadores inatos e adaptativos da hanseníase e das reações por uma nova abordagem funcional e transcricional,20,2012,2026,EM_ANDAMENTO,PESQUISA,"O projeto pretende identificar sinais precoces que indiquem a iminência de uma reação na hanseníase, para isso será investigado como se comporta cineticamente a expressão de genes envolvidos em imunidade inata nos pacientes que não estão acometidos por um processo reacional, assim como nos mesmos pacientes durante a vigência de reação, e finalmente no período após a remissão dessa intercorrência.  O estudo escolheu monitorar a expressão dos genes envolvidos nas respostas inatas e adaptativas baseado na hipótese de que esses genes sejam os principais terminantes das reações inflamatórias do quadro reacional.","['Euzenir Nunes Sarno', 'Milton Ozório Moraes', 'A.M. Sales', 'A. Geluk', 'Eliane Barbosa de Oliveira', 'Roberta Olmo Pinheiro', 'da Costa Nery, José Augusto', 'Thomas H M Ottenhoff']","['SIM', 'NAO', 'NAO', 'NAO', 'NAO', 'NAO', 'NAO', 'NAO']",['VAZIO-VAZIO'],Fundação Oswaldo Cruz,003900000001,Euzenir Nunes Sarno,Sarno,"SARNO, E. N.;Sarno, Euzenir N.;Sarno, Euzenir Nunes;Sarno, Euzenir&nbsp;N.;Sarno, Euzenir N;SARNO, E.N.;EN, SARNO;NUNES SARNO, EUZENIR;SARNO, EUZENIR;Sarno EN;EN, Euzenir;Euzenir M. Sarno;Sarno, Euzenir M;SARNO, EUZENIR M.",Rio de Janeiro,RJ,"Médica, patologista, professora de patologia, fisiopatologia e pesquisadora. Experiência maior em patologia e imunopatologia de doenças infecciosas, entre elas hepatite B, lepra e tuberculose. Nos últimos anos dedica-se à pesquisa na área de imunopatologia e neuropatologia da hanseníase.",20-07-2024,Fundação Oswaldo Cruz,,003900000001,1,SIM,0,IN
3330957069068672,"(ENS-021) Avaliação estendida de coorte de contatos de pacientes com hanseníase por parâmetros clínicos, neurofisiológicos e laboratoriais",21,2012,2014,EM_ANDAMENTO,PESQUISA,"O projeto pretende identificar sinais precoces que indiquem a iminência de uma reação na hanseníase, para isso será investigado como se comporta cineticamente a expressão de genes envolvidos em imunidade inata nos pacientes que não estão acometidos por um processo reacional, assim como nos mesmos pacientes durante a vigência de reação, e finalmente no período após a remissão dessa intercorrência.  O estudo escolheu monitorar a expressão dos genes envolvidos nas respostas inatas e adaptativas baseado na hipótese de que esses genes sejam os principais terminantes das reações inflamatórias do quadro reacional.","['Euzenir Nunes Sarno', 'Alice de Miranda Machado', 'José Augusto da Costa Nery', 'Milton Ozório Moraes', 'Anna Maria Sales', 'Daniel Serra de Carvalho', 'Danuza Esquenazi', 'Sergio Luiz  Gomes Antunes', 'Geraldo Moura Batista Pereira', 'Ariane Leite Oliveira', 'E Rangel', 'Marcia Maria Rodrgues Jardim', 'Roberta Olmo Pinheiro', 'Mariana de Andrea Vilas Boas Hacker', 'Ximena Illarramendi Rojas', 'Nadia Cristina Duppre', 'Edson Albuquerque', 'Jorgenilce de Souza Sales', 'Anna Beatriz Robottom Ferreira', 'Juliana Ribeiro Gomes', 'Rita Maria de Oliveira Pereira', 'Vinícius Martins de Menezes']","['SIM', 'NAO', 'NAO', 'NAO', 'NAO', 'NAO', 'NAO', 'NAO', 'NAO', 'NAO', 'NAO', 'NAO', 'NAO', 'NAO', 'NAO', 'NAO', 'NAO', 'NAO', 'NAO', 'NAO', 'NAO', 'NAO']",['VAZIO-VAZIO'],Fundação Oswaldo Cruz,003900000001,Euzenir Nunes Sarno,Sarno,"SARNO, E. N.;Sarno, Euzenir N.;Sarno, Euzenir Nunes;Sarno, Euzenir&nbsp;N.;Sarno, Euzenir N;SARNO, E.N.;EN, SARNO;NUNES SARNO, EUZENIR;SARNO, EUZENIR;Sarno EN;EN, Euzenir;Euzenir M. Sarno;Sarno, Euzenir M;SARNO, EUZENIR M.",Rio de Janeiro,RJ,"Médica, patologista, professora de patologia, fisiopatologia e pesquisadora. Experiência maior em patologia e imunopatologia de doenças infecciosas, entre elas hepatite B, lepra e tuberculose. Nos últimos anos dedica-se à pesquisa na área de imunopatologia e neuropatologia da hanseníase.",20-07-2024,Fundação Oswaldo Cruz,,003900000001,1,SIM,0,IN
3330957069068672,"Análise da Distribuição geográfica dos casos de hanseníase. Rio de Janeiro, 1989 a 2012.",26,2012,2014,CONCLUIDO,PESQUISA,"Estudo da distribuição geográfica dos casos de hanseníase diagnosticados nos municípios do Estado do Rio de Janeiro notificados no Sistema Nacional de Agravos de Notificação (SINAN)  e  da distribuição geográfica dos casos de hanseníase  diagnosticados no Ambulatório Souza Araújo ? Fiocruz no período de 1989 a 2012, segundo o município de residência da região metropolitana e segundo o bairro do município do Rio de Janeiro.","['Euzenir Nunes Sarno', 'Anna Maria Sales', 'Mariana de Andrea Vilas Boas Hacker', 'Nadia Cristina Duppre', 'Jose Augusto da Costa Nery']","['NAO', 'NAO', 'SIM', 'NAO', 'NAO']",['VAZIO-VAZIO'],Fundação Oswaldo Cruz,003900000001,Euzenir Nunes Sarno,Sarno,"SARNO, E. N.;Sarno, Euzenir N.;Sarno, Euzenir Nunes;Sarno, Euzenir&nbsp;N.;Sarno, Euzenir N;SARNO, E.N.;EN, SARNO;NUNES SARNO, EUZENIR;SARNO, EUZENIR;Sarno EN;EN, Euzenir;Euzenir M. Sarno;Sarno, Euzenir M;SARNO, EUZENIR M.",Rio de Janeiro,RJ,"Médica, patologista, professora de patologia, fisiopatologia e pesquisadora. Experiência maior em patologia e imunopatologia de doenças infecciosas, entre elas hepatite B, lepra e tuberculose. Nos últimos anos dedica-se à pesquisa na área de imunopatologia e neuropatologia da hanseníase.",20-07-2024,Fundação Oswaldo Cruz,,003900000001,1,NAO,1,IN
3330957069068672,"(ENS-023) A plasticidade da célula de Schwann em diferentes modelos de lesão neural: Infecção pelo  Mycobacterium leprae, doença inflamatória crônica e trauma",21,2013,2026,EM_ANDAMENTO,PESQUISA,"A célula de Schwann (CS) possui uma extraordinária plasticidade podendo desdiferenciar, proliferar e migrar. Devido a essa plasticidade, o nervo periférico exibe uma relevante capacidade de regeneração. O estudo da resposta da CS tem se mostrado bastante complexo, envolvendo vários grupos de genes, e já se sabe que a reprogramação do seu fenótipo influencia diretamente na resolução do processo patológico. O presente estudo pretende esclarecer aspectos básicos da biologia da CS quando submetida a diferentes tipos de lesão. Por isso, nesse projeto serão estudados in vivo três situações patológicas em que o nervo periférico sofre agressões e responde de forma ativa à plasticidade da CS: a hanseníase, uma doença infecciosa causada pelo Mycobacterium leprae (ML) que acomete predominantemente o sistema nervoso periférico, a polineuropatia inflamatória desmielinizante crônica (CIDP), causada por distúrbios auto-imunes que levam à desmielinização do nervo periférico e o neuroma induzido por trauma ao nervo periférico. Além disso, esse trabalho compreenderá um estudo in vitro, no qual estudaremos a resposta plástica das CS primárias e da linhagem ST88-14 mediante a um estímulo patológico, tal como a infecção pelo ML. Além disso, analisaremos a capacidade do ML e de seus componentes na perturbação da interação da CS com os diferentes componentes da matriz extracelular. Para isso, nesse projeto serão realizadas metodologias bem estabelecidas pelo nosso grupo, que compreendem em análises morfológicas, bioquímicas e moleculares. O entendimento desses mecanismos nos dará a oportunidade de intervir em possíveis alvos específicos alterando o destino celular, assim como poderá propiciar a emergência de fenótipos mais adequados para a resolução do processo de cura das doenças associadas ao sistema nervoso periférico.","['Euzenir Nunes Sarno', 'Sergio Antunes', 'Milton Ozório Moraes', 'Suzana Corte-Real Faria', 'Maria Cristina Vidal Pessolani', 'M R Jardim', 'Flávio Alves Lara', 'Thaís Porto Amadeu', 'Leila Maria Cardao Chimelli', 'PETITO, RAFAEL B.', 'Bernardo Miguel de Oliveira Pascarelli', 'Marcus André Acioly de Sousa']","['SIM', 'NAO', 'NAO', 'NAO', 'NAO', 'NAO', 'NAO', 'NAO', 'NAO', 'NAO', 'NAO', 'NAO']",['Fundação Carlos Chagas Filho de Amparo à Pesquisa do Estado do RJ-AUXILIO_FINANCEIRO'],Fundação Oswaldo Cruz,003900000001,Euzenir Nunes Sarno,Sarno,"SARNO, E. N.;Sarno, Euzenir N.;Sarno, Euzenir Nunes;Sarno, Euzenir&nbsp;N.;Sarno, Euzenir N;SARNO, E.N.;EN, SARNO;NUNES SARNO, EUZENIR;SARNO, EUZENIR;Sarno EN;EN, Euzenir;Euzenir M. Sarno;Sarno, Euzenir M;SARNO, EUZENIR M.",Rio de Janeiro,RJ,"Médica, patologista, professora de patologia, fisiopatologia e pesquisadora. Experiência maior em patologia e imunopatologia de doenças infecciosas, entre elas hepatite B, lepra e tuberculose. Nos últimos anos dedica-se à pesquisa na área de imunopatologia e neuropatologia da hanseníase.",20-07-2024,Fundação Oswaldo Cruz,,003900000001,1,SIM,0,IN
3330957069068672,(ENS-017) Mecanismos envolvidos na progressão da lesão neural na hanseníase: Papel do TGF-b e da matriz extracelular,23,2013,2026,EM_ANDAMENTO,PESQUISA,"A célula de Schwann (CS) possui uma extraordinária plasticidade podendo desdiferenciar, proliferar e migrar. Devido a essa plasticidade, o nervo periférico exibe uma relevante capacidade de regeneração. O estudo da resposta da CS tem se mostrado bastante complexo, envolvendo vários grupos de genes, e já se sabe que a reprogramação do seu fenótipo influencia diretamente na resolução do processo patológico. O presente estudo pretende esclarecer aspectos básicos da biologia da CS quando submetida a diferentes tipos de lesão. Por isso, nesse projeto serão estudados in vivo três situações patológicas em que o nervo periférico sofre agressões e responde de forma ativa à plasticidade da CS: a hanseníase, uma doença infecciosa causada pelo Mycobacterium leprae (ML) que acomete predominantemente o sistema nervoso periférico, a polineuropatia inflamatória desmielinizante crônica (CIDP), causada por distúrbios auto-imunes que levam à desmielinização do nervo periférico e o neuroma induzido por trauma ao nervo periférico. Além disso, esse trabalho compreenderá um estudo in vitro, no qual estudaremos a resposta plástica das CS primárias e da linhagem ST88-14 mediante a um estímulo patológico, tal como a infecção pelo ML. Além disso, analisaremos a capacidade do ML e de seus componentes na perturbação da interação da CS com os diferentes componentes da matriz extracelular. Para isso, nesse projeto serão realizadas metodologias bem estabelecidas pelo nosso grupo, que compreendem em análises morfológicas, bioquímicas e moleculares. O entendimento desses mecanismos nos dará a oportunidade de intervir em possíveis alvos específicos alterando o destino celular, assim como poderá propiciar a emergência de fenótipos mais adequados para a resolução do processo de cura das doenças associadas ao sistema nervoso periférico.",['Euzenir Nunes Sarno'],['SIM'],['Fundação Carlos Chagas Filho de Amparo à Pesquisa do Estado do RJ-AUXILIO_FINANCEIRO'],Fundação Oswaldo Cruz,003900000001,Euzenir Nunes Sarno,Sarno,"SARNO, E. N.;Sarno, Euzenir N.;Sarno, Euzenir Nunes;Sarno, Euzenir&nbsp;N.;Sarno, Euzenir N;SARNO, E.N.;EN, SARNO;NUNES SARNO, EUZENIR;SARNO, EUZENIR;Sarno EN;EN, Euzenir;Euzenir M. Sarno;Sarno, Euzenir M;SARNO, EUZENIR M.",Rio de Janeiro,RJ,"Médica, patologista, professora de patologia, fisiopatologia e pesquisadora. Experiência maior em patologia e imunopatologia de doenças infecciosas, entre elas hepatite B, lepra e tuberculose. Nos últimos anos dedica-se à pesquisa na área de imunopatologia e neuropatologia da hanseníase.",20-07-2024,Fundação Oswaldo Cruz,,003900000001,1,SIM,0,IN
3330957069068672,(ENS-022) Avaliação do envolvimento da resposta imune inata no estabelecimento da reação reversa em pacientes com hanseníase co-infectados pelo HIV,22,2013,2026,EM_ANDAMENTO,PESQUISA,"A célula de Schwann (CS) possui uma extraordinária plasticidade podendo desdiferenciar, proliferar e migrar. Devido a essa plasticidade, o nervo periférico exibe uma relevante capacidade de regeneração. O estudo da resposta da CS tem se mostrado bastante complexo, envolvendo vários grupos de genes, e já se sabe que a reprogramação do seu fenótipo influencia diretamente na resolução do processo patológico. O presente estudo pretende esclarecer aspectos básicos da biologia da CS quando submetida a diferentes tipos de lesão. Por isso, nesse projeto serão estudados in vivo três situações patológicas em que o nervo periférico sofre agressões e responde de forma ativa à plasticidade da CS: a hanseníase, uma doença infecciosa causada pelo Mycobacterium leprae (ML) que acomete predominantemente o sistema nervoso periférico, a polineuropatia inflamatória desmielinizante crônica (CIDP), causada por distúrbios auto-imunes que levam à desmielinização do nervo periférico e o neuroma induzido por trauma ao nervo periférico. Além disso, esse trabalho compreenderá um estudo in vitro, no qual estudaremos a resposta plástica das CS primárias e da linhagem ST88-14 mediante a um estímulo patológico, tal como a infecção pelo ML. Além disso, analisaremos a capacidade do ML e de seus componentes na perturbação da interação da CS com os diferentes componentes da matriz extracelular. Para isso, nesse projeto serão realizadas metodologias bem estabelecidas pelo nosso grupo, que compreendem em análises morfológicas, bioquímicas e moleculares. O entendimento desses mecanismos nos dará a oportunidade de intervir em possíveis alvos específicos alterando o destino celular, assim como poderá propiciar a emergência de fenótipos mais adequados para a resolução do processo de cura das doenças associadas ao sistema nervoso periférico.",['Euzenir Nunes Sarno'],['SIM'],['Fundação Carlos Chagas Filho de Amparo à Pesquisa do Estado do RJ-AUXILIO_FINANCEIRO'],Fundação Oswaldo Cruz,003900000001,Euzenir Nunes Sarno,Sarno,"SARNO, E. N.;Sarno, Euzenir N.;Sarno, Euzenir Nunes;Sarno, Euzenir&nbsp;N.;Sarno, Euzenir N;SARNO, E.N.;EN, SARNO;NUNES SARNO, EUZENIR;SARNO, EUZENIR;Sarno EN;EN, Euzenir;Euzenir M. Sarno;Sarno, Euzenir M;SARNO, EUZENIR M.",Rio de Janeiro,RJ,"Médica, patologista, professora de patologia, fisiopatologia e pesquisadora. Experiência maior em patologia e imunopatologia de doenças infecciosas, entre elas hepatite B, lepra e tuberculose. Nos últimos anos dedica-se à pesquisa na área de imunopatologia e neuropatologia da hanseníase.",20-07-2024,Fundação Oswaldo Cruz,,003900000001,1,SIM,0,IN
3330957069068672,Integração de métodos sorológicos e moleculares para diagnóstico com novas estratégias de vigilância de médio e de longo prazo para acompanhamento de contatos de pacientes com hanseníase,23,2013,2026,EM_ANDAMENTO,PESQUISA,"Embora ainda haja alguma controvérsia na literatura, pode-se assumir que a hanseníase seja uma doença cuja transmissão ocorre ativamente entre um indivíduo doente e um indivíduo sadio, ou seja, é uma doença de contato entre humanos e não há hospedeiros intermediários epidemiologicamente relevantes ou vetores que transmitam o bacilo. O número de casos novos no Brasil é relativamente estável há pelo menos 20 anos, e varia em torno de 35-45 mil pacientes/ano. Estudo recente em que a estratégia de visitas domiciliares aos pacientes, diagnosticados em anos anteriores (5 a 10 anos), foi utilizada para a busca ativa de casos novos evidenciou que pelo menos 25% dos domicílios apresentava um novo caso de hanseníase (Durães et al 2010). Esse resultado indica a ocorrência de falhas nas políticas de saúde para vigilância de contatos domiciliares, sabidamente a população e maior risco de desenvolver a doença. Neste contexto, estudo realizado na Nigéria, sugere que a estratégia mais custo-efetiva para diagnosticar hanseníase é o exame dos contatos domiciliares dos pacientes (Ezenduka et al 2012), que poderia possibilitar a identificação precoce de casos novos de hanseníase e, com isso, reduzir a transmissão. A partir do acompanhamento por 25 anos de pacientes no ambulatório Souza Araújo/FIOCRUZ Rio de Janeiro, observou-se que 1) os contatos são diagnosticados mais jovens que pacientes da demanda espontânea e, com isso, há menos incapacidades e casos complicados neste grupo (Hacker et al, 2012); 2) os contatos desenvolvem a doença em até 7 anos após o diagnóstico do caso índice (Duppre et al, 2012), portanto, o acompanhamento intensivo por prazos relativamente longos (7-8 anos) seria capaz de controlar a endemia, o que indica que os serviços necessitam de estratégias operacionais contínuas e de longo prazo; 3) a revacinação com BCG protege contatos das formas disseminadas (lepromatosas), sugerindo que o seguimento das recomendações do Ministério da Saúde poderia prevenir o desenvolvimento das formas infectivas bem como interromper a cadeia de transmissão da doença. Portanto, o acompanhamento e a vigilância de contatos domiciliares poderiam identificar precocemente novos casos e, com isso, reduzir a transmissão, contribuindo para o efetivo controle da endemia. Mais recentemente com financiamento do DECIT 2008 nosso grupo de pesquisa combinou a utilização de novas ferramentas baseadas em métodos sorológicos e moleculares com a formação continuada de gestores e profissionais de saúde como estratégias complementares para facilitar o diagnóstico precoce. Com os resultados do projeto percebemos a necessidade da continuidade do nosso estudo com ênfase em aspectos que possibilitem desdobramentos reais com impacto na vigilância de contatos.","['Euzenir Nunes Sarno', 'Milton Ozório Moraes', 'Antônio Guilherme Pacheco', 'Francisco Carlos Felix Lana', 'Lúcia Alves de Oliveira Fraga']","['NAO', 'SIM', 'NAO', 'NAO', 'NAO']",['VAZIO-VAZIO'],Fundação Oswaldo Cruz,003900000001,Euzenir Nunes Sarno,Sarno,"SARNO, E. N.;Sarno, Euzenir N.;Sarno, Euzenir Nunes;Sarno, Euzenir&nbsp;N.;Sarno, Euzenir N;SARNO, E.N.;EN, SARNO;NUNES SARNO, EUZENIR;SARNO, EUZENIR;Sarno EN;EN, Euzenir;Euzenir M. Sarno;Sarno, Euzenir M;SARNO, EUZENIR M.",Rio de Janeiro,RJ,"Médica, patologista, professora de patologia, fisiopatologia e pesquisadora. Experiência maior em patologia e imunopatologia de doenças infecciosas, entre elas hepatite B, lepra e tuberculose. Nos últimos anos dedica-se à pesquisa na área de imunopatologia e neuropatologia da hanseníase.",20-07-2024,Fundação Oswaldo Cruz,,003900000001,1,NAO,1,IN
3330957069068672,O papel da reação em Cadeia da Polimerase na identificação de infecção subclínica em contatos de pacientes com hanseníase e no diagnóstico das formas paucibacilares,27,2014,2026,EM_ANDAMENTO,PESQUISA,"Estabelecimento do papel da PCR no diagnóstico da infecção subclínica nos contatos e na hanseníase paucibacilar, demonstrando:&#10;O papel da PCR na identificação dos contatos de pacientes com hanseníase com maior risco de adoecimento.&#10;Avaliar a evolução clínica dos casos suspeitos de hanseníase paucibacilar, submetidos e não submetidos à poliquimioterapia, diagnosticados com base no resultado da PCR.&#10;Avaliar o risco de adoecimento nos contatos de pacientes de hanseníase multibacilares submetidos e não submetidos à quimioprofilaxia segundo o resultado da PCR.","['Euzenir Nunes Sarno', 'Milton Ozório Moraes', 'Anna Maria Sales', 'Nádia Crisitina Duppre', 'Jose Augusto da Costa Nery', 'Raquel Rodrigues Barbieri', 'Lilian Pinheiro Rodrigues do Nascimento']","['SIM', 'NAO', 'NAO', 'NAO', 'NAO', 'NAO', 'NAO']",['VAZIO-VAZIO'],Fundação Oswaldo Cruz,003900000001,Euzenir Nunes Sarno,Sarno,"SARNO, E. N.;Sarno, Euzenir N.;Sarno, Euzenir Nunes;Sarno, Euzenir&nbsp;N.;Sarno, Euzenir N;SARNO, E.N.;EN, SARNO;NUNES SARNO, EUZENIR;SARNO, EUZENIR;Sarno EN;EN, Euzenir;Euzenir M. Sarno;Sarno, Euzenir M;SARNO, EUZENIR M.",Rio de Janeiro,RJ,"Médica, patologista, professora de patologia, fisiopatologia e pesquisadora. Experiência maior em patologia e imunopatologia de doenças infecciosas, entre elas hepatite B, lepra e tuberculose. Nos últimos anos dedica-se à pesquisa na área de imunopatologia e neuropatologia da hanseníase.",20-07-2024,Fundação Oswaldo Cruz,,003900000001,1,SIM,0,IN
3330957069068672,(ENS-025) Análise da função de células imunes em lesões de hanseníase,28,2014,2026,EM_ANDAMENTO,PESQUISA,"Estudo de pacientes com hanseníase para definir os mecanismos imunológicos que contribuem para a resistência versus susceptibilidade à infecção generalizada no local da atividade da doença. Para isto temos os objetivos de investigar os mecanismos pelos quais a IL-32 induz a apresentação cruzada de Ags de mLEP secretados aos linfócitos T CD8+. Determinação do mecanismo pelo qual os linfócitos T CD8+ reconhecem monócitos/macrófagos infectados por mLEP, incluindo o papel da vitamina D na apresentação cruzada. Investigação do papel funcional dos linfócitos T CD8+ na defesa do hospedeiro na hanseníase. A investigação da apresentação cruzada, IL-32 e linfócitos T CD8+ na defesa do hospedeiro na hanseníase, assim como o papel do IFN-beta e IL-10 no bloqueio da via de apresentação cruzada identificarão potenciais alvos terapêuticos em donças infecciosas humanas. Juntos, estes estudos proporcionarão uma nova visão sobre os mecanismos de regulação imune em resposta à infecção microbiana em humanos.","['Euzenir Nunes Sarno', 'Robert L Modlin', 'Ximena Illarramendi', 'Rosane Magda Brandao Teles', 'Roberta Olmo Pinheiro', 'Priscila Ribeiro Andrade', 'Luciana Nahar dos Santos', 'Cristiane Regina de Araujo Barboza']","['SIM', 'NAO', 'NAO', 'NAO', 'NAO', 'NAO', 'NAO', 'NAO']",['VAZIO-VAZIO'],Fundação Oswaldo Cruz,003900000001,Euzenir Nunes Sarno,Sarno,"SARNO, E. N.;Sarno, Euzenir N.;Sarno, Euzenir Nunes;Sarno, Euzenir&nbsp;N.;Sarno, Euzenir N;SARNO, E.N.;EN, SARNO;NUNES SARNO, EUZENIR;SARNO, EUZENIR;Sarno EN;EN, Euzenir;Euzenir M. Sarno;Sarno, Euzenir M;SARNO, EUZENIR M.",Rio de Janeiro,RJ,"Médica, patologista, professora de patologia, fisiopatologia e pesquisadora. Experiência maior em patologia e imunopatologia de doenças infecciosas, entre elas hepatite B, lepra e tuberculose. Nos últimos anos dedica-se à pesquisa na área de imunopatologia e neuropatologia da hanseníase.",20-07-2024,Fundação Oswaldo Cruz,,003900000001,1,SIM,0,IN
3330957069068672,(ENS-024) - Identificação de marcadores imunológicos e metabólicos de infecção subclínica em contatos de pacientes com a forma multibaciliar da hanseníase,24,2014,2026,EM_ANDAMENTO,PESQUISA,Avaliação da efetividade da combinação das intervenções quimioprofilática e imunoprofilática através da avaliação de marcadores imunológicos e metabólicos indicativos de infecção subclínica em grupo de contatos de pacientes multibacilares de hanseníase.,"['Euzenir Nunes Sarno', 'Milton Ozório Moraes', 'Anna Maria Sales', 'Danuza Esquenazi', 'Roberta Olmo Pinheiro', 'Mariana de Andrea Vilas Boas Hacker', 'Flávio Alves Lara', 'Thaís Porto Amadeu', 'Nádia Cristina Duppre', 'Jose Augusto da Costa Nery']","['SIM', 'NAO', 'NAO', 'NAO', 'NAO', 'NAO', 'NAO', 'NAO', 'NAO', 'NAO']",['Fundação Carlos Chagas Filho de Amparo à Pesquisa do Estado do RJ-AUXILIO_FINANCEIRO'],Instituto Oswaldo Cruz,000500000999,Euzenir Nunes Sarno,Sarno,"SARNO, E. N.;Sarno, Euzenir N.;Sarno, Euzenir Nunes;Sarno, Euzenir&nbsp;N.;Sarno, Euzenir N;SARNO, E.N.;EN, SARNO;NUNES SARNO, EUZENIR;SARNO, EUZENIR;Sarno EN;EN, Euzenir;Euzenir M. Sarno;Sarno, Euzenir M;SARNO, EUZENIR M.",Rio de Janeiro,RJ,"Médica, patologista, professora de patologia, fisiopatologia e pesquisadora. Experiência maior em patologia e imunopatologia de doenças infecciosas, entre elas hepatite B, lepra e tuberculose. Nos últimos anos dedica-se à pesquisa na área de imunopatologia e neuropatologia da hanseníase.",20-07-2024,Fundação Oswaldo Cruz,,003900000001,1,SIM,0,IN
3330957069068672,Avaliação dos mecanismos imunopatogênicos associados com a desmielinização na hanseníase,29,2016,2026,EM_ANDAMENTO,PESQUISA,"A Hanseníase é uma doença infecciosa crônica causada pelo patógeno intracelular obrigatório Mycobacterium leprae, que acomete preferencialmente células de Schwann e macrófagos, e que pode levar a deformidades e incapacidade física. A desmielinização é o mecanismo de partida da doença, sendo, portanto, necessário explorar os mecanismos relacionados à disfunção de mielina. Após a injúria, a célula adquire fenótipo de desdiferenciação, bem como ocorre um progressivo processo de destruição definido como degeneração Walleriana. Estudos indicam que este processo está associado ao mecanismo de autofagia. Genes relacionados à biogênese do autofagossomo (ATG7, ATG9 e complexo ULK) são ativados durante a lesão de nervo, além da modulação de proteínas relacionadas à autofagia (ATG7, WIPI2 e Beclina-1) e mielina (MPZ e MBP) sugerindo o envolvimento da autofagia nos primeiros estágios da desmielinização. Entretanto, os mecanismos celulares e moleculares que desencadeiam a autofagia ainda não estão bem estabelecidos. Nosso grupo demonstrou que o M. leprae utiliza o bloqueio da autofagia da célula hospedeira como mecanismo imunológico de escape por um mecanismo associado ao aumento da expressão de OASL e da proteína anti-apoptótica Bcl-2. Em conjunto, nossos dados preliminares sugerem que moléculas pró-inflamatórias como o TNF induzem desmielinização focal em nervos de pacientes com Hanseníase. Assim, o presente projeto justifica-se pela necessidade de avaliarmos o envolvimento da autofagia na desmielinização observada em pacientes com Hanseníase, bem como os mecanismos de indução de autofagia na célula de Schwann. Os resultados alcançados no presente estudo poderão contribuir para a geração de novos alvos moleculares a serem utilizados na busca de ferramentas terapêuticas e/ou diagnóstico..","['Euzenir Nunes Sarno', 'Flávio Alves Lara', 'Márcia Maria Jardim Rodrigues', 'Roberta Olmo-Pinheiro', 'Bruno de Siqueira Mietto', 'Beatriz Junqueira de Souza']","['SIM', 'NAO', 'NAO', 'NAO', 'NAO', 'NAO']",['VAZIO-VAZIO'],Fundação Oswaldo Cruz,003900000001,Euzenir Nunes Sarno,Sarno,"SARNO, E. N.;Sarno, Euzenir N.;Sarno, Euzenir Nunes;Sarno, Euzenir&nbsp;N.;Sarno, Euzenir N;SARNO, E.N.;EN, SARNO;NUNES SARNO, EUZENIR;SARNO, EUZENIR;Sarno EN;EN, Euzenir;Euzenir M. Sarno;Sarno, Euzenir M;SARNO, EUZENIR M.",Rio de Janeiro,RJ,"Médica, patologista, professora de patologia, fisiopatologia e pesquisadora. Experiência maior em patologia e imunopatologia de doenças infecciosas, entre elas hepatite B, lepra e tuberculose. Nos últimos anos dedica-se à pesquisa na área de imunopatologia e neuropatologia da hanseníase.",20-07-2024,Fundação Oswaldo Cruz,,003900000001,1,SIM,0,IN
5401789813032087,Recuperação do acervo histórico sobre tratores agrícolas,1,2009,2010,CONCLUIDO,DESENVOLVIMENTO,"O presente projeto visa colaborar com a organização dos acervos sobre tratores agrícolas, existentes no setor de Mecânica e Máquinas Agrícolas do Departamento de Engenharia Rural, através da digitalização e classificação desse acervo. A recuperação de informações presentes em documentos, como manuais, panfletos e catálogos, subsidia as investigações quanto à evolução de tratores por estudantes e pesquisadores, propiciado pelo acesso à esse tipo de material.&#10;Pretende-se ainda com esse trabalho ajudar os alunos a entender a evolução da constituição de trator através de exemplos concretos, observar os conceitos que se mantém e a evolução de conceitos como a ergonomia nas máquinas agrícolas.","['Thiago Libório Romanelli', 'Anibal Deboni Neto']","['SIM', 'NAO']",['Pró-Reitoria de Graduação / USP-BOLSA'],Escola Superior de Agricultura &quot;Luiz de Queiroz&quot;,000200000993,Thiago Libório Romanelli,Romanelli,"ROMANELLI, T. L.;Romanelli, Thiago L.;Romanelli, Thiago Libório;ROMANELLI, THIAGO;Libório Romanelli, Thiago",Piracicaba,SP,"Professor Titular do Departamento de Engenharia de Biossistemas (LEB), Esalq/USP. Atua nos temas: Fluxos de Materiais e de Energia em Sistemas de Produção, Sustentabilidade, Análises de Ciclo de Vida e Viabilidade econômica de adoção de tecnologia. É Engenheiro Agrônomo pela Universidade de São Paulo (2000), mestre em Máquinas Agrícolas pela Universidade de São Paulo (2003) e doutor em Recursos Florestais pela Universidade de São Paulo (2007), tendo sido Research Associate do Center for Environmental Policy da University of Florida (2005-2006),  Professor Doutor (2008-2013) e Livre Docente em Mecânica e Máquinas Motoras pela Universidade de São Paulo (2013) . Fulbright Scholar - Cátedra de Ciências Agrárias na University of Nebraska/Lincoln (2017). Foi Chefe e Vice-Chefe do LEB, Presidente da Comissão de Relações Internacionais, Coodenador de Curso de Graduação, Vice-Diretor do Centro de Informática &quot;Luiz de Queiroz&quot; e atualmente é Presidente da Comissão de Graduação e Presidente da Comissão de Administração, Orçamento e Patrimônio da Esalq/USP.",21-11-2023,Universidade de São Paulo,https://orcid.org/0000-0001-5407-9031,006700000002,1,SIM,0,IN
5401789813032087,Projeto Rede FertBrasil,4,2009,2012,EM_ANDAMENTO,PESQUISA,"Projeto Rede FertBrasil no Macroprograma 1 da Embrapa&#10;Vinicius de Melo Benites / Embrapa Solos&#10;&#10;Projeto Componente 4: Avaliação ambiental&#10;Coordenadora: Cláudia Pozzi Jantalia&#10;&#10;Plano de Ação 4: Avaliação do Ciclo de Vida da Produção e Uso de fertilizantes &#10;Coordenadora: Joyce Maria Guimarães Monteiro / Embrapa Solos&#10;&#10;Atividade: Avaliação do Ciclo de Vida de Fertilizantes Nitrogenados e Fosfatados Selecionados&#10;Colaborador / Responsável pela atividade: Thiago Libório Romanelli&#10;Duração: 16 meses a começar do mês 24&#10;Descrição: A Avaliação do Ciclo de Vida é uma técnica para avaliação dos aspectos ambientais e dos impactos potenciais associados a um produto, compreendendo as etapas que vão desde a retirada da natureza das matérias-primas elementares que entram no sistema produtivo até a disposição do produto final, considerando inclusive: a produção de energia; os processos que envolvem a manufatura; as questões relacionadas com as embalagens; o transporte; o consumo de energia não renovável; os impactos relacionados com o uso. Através dos dados obtidos no inventário desses fertilizantes, onde serão determinados os fluxos de material, serão determinados os fluxos de energia dos mesmos. Essa abordagem visa estabelecer os fluxos de energia, identificando a demanda total, a eficiência refletida pelo ganho líquido e pela relação produção/demanda, além da quantidade necessária para produzir os fertilizantes. Tais dados propiciarão conhecimento de como os sistemas de produção agrícolas gastam energia, o que é fundamental para a definição de políticas de estímulo à produção, ou de restrição do consumo, principalmente no tocantes às culturas de finalidade energética. Vale ressaltar que os fertilizantes são uma das principais causas na demanda de energia em sistemas agrícolas, principalmente os nitrogenados. Outro conceito que é adequado para a ACV dos fertilizantes é o conceito de emergia  pois ele contabiliza apropriadamente a qualidade dos fluxos de matéria, energia","['Thiago Libório Romanelli', 'Vinicus de Melo Benites', 'Joyce Maria Guimarães Monteiro', 'Adriana Marlene Moreno Pires']","['NAO', 'SIM', 'NAO', 'NAO']",['Empresa Brasileira de Pesquisa Agropecuária-OUTRO'],Escola Superior de Agricultura &quot;Luiz de Queiroz&quot;,000200000993,Thiago Libório Romanelli,Romanelli,"ROMANELLI, T. L.;Romanelli, Thiago L.;Romanelli, Thiago Libório;ROMANELLI, THIAGO;Libório Romanelli, Thiago",Piracicaba,SP,"Professor Titular do Departamento de Engenharia de Biossistemas (LEB), Esalq/USP. Atua nos temas: Fluxos de Materiais e de Energia em Sistemas de Produção, Sustentabilidade, Análises de Ciclo de Vida e Viabilidade econômica de adoção de tecnologia. É Engenheiro Agrônomo pela Universidade de São Paulo (2000), mestre em Máquinas Agrícolas pela Universidade de São Paulo (2003) e doutor em Recursos Florestais pela Universidade de São Paulo (2007), tendo sido Research Associate do Center for Environmental Policy da University of Florida (2005-2006),  Professor Doutor (2008-2013) e Livre Docente em Mecânica e Máquinas Motoras pela Universidade de São Paulo (2013) . Fulbright Scholar - Cátedra de Ciências Agrárias na University of Nebraska/Lincoln (2017). Foi Chefe e Vice-Chefe do LEB, Presidente da Comissão de Relações Internacionais, Coodenador de Curso de Graduação, Vice-Diretor do Centro de Informática &quot;Luiz de Queiroz&quot; e atualmente é Presidente da Comissão de Graduação e Presidente da Comissão de Administração, Orçamento e Patrimônio da Esalq/USP.",21-11-2023,Universidade de São Paulo,https://orcid.org/0000-0001-5407-9031,006700000002,1,NAO,1,IN
5401789813032087,Ecologia e manejo florestal para uso múltiplo de várzeas do estuário amazônico,5,2009,2012,EM_ANDAMENTO,PESQUISA,"Projeto Rede FertBrasil no Macroprograma 1 da Embrapa&#10;Vinicius de Melo Benites / Embrapa Solos&#10;&#10;Projeto Componente 4: Avaliação ambiental&#10;Coordenadora: Cláudia Pozzi Jantalia&#10;&#10;Plano de Ação 4: Avaliação do Ciclo de Vida da Produção e Uso de fertilizantes &#10;Coordenadora: Joyce Maria Guimarães Monteiro / Embrapa Solos&#10;&#10;Atividade: Avaliação do Ciclo de Vida de Fertilizantes Nitrogenados e Fosfatados Selecionados&#10;Colaborador / Responsável pela atividade: Thiago Libório Romanelli&#10;Duração: 16 meses a começar do mês 24&#10;Descrição: A Avaliação do Ciclo de Vida é uma técnica para avaliação dos aspectos ambientais e dos impactos potenciais associados a um produto, compreendendo as etapas que vão desde a retirada da natureza das matérias-primas elementares que entram no sistema produtivo até a disposição do produto final, considerando inclusive: a produção de energia; os processos que envolvem a manufatura; as questões relacionadas com as embalagens; o transporte; o consumo de energia não renovável; os impactos relacionados com o uso. Através dos dados obtidos no inventário desses fertilizantes, onde serão determinados os fluxos de material, serão determinados os fluxos de energia dos mesmos. Essa abordagem visa estabelecer os fluxos de energia, identificando a demanda total, a eficiência refletida pelo ganho líquido e pela relação produção/demanda, além da quantidade necessária para produzir os fertilizantes. Tais dados propiciarão conhecimento de como os sistemas de produção agrícolas gastam energia, o que é fundamental para a definição de políticas de estímulo à produção, ou de restrição do consumo, principalmente no tocantes às culturas de finalidade energética. Vale ressaltar que os fertilizantes são uma das principais causas na demanda de energia em sistemas agrícolas, principalmente os nitrogenados. Outro conceito que é adequado para a ACV dos fertilizantes é o conceito de emergia  pois ele contabiliza apropriadamente a qualidade dos fluxos de matéria, energia","['Thiago Libório Romanelli', 'Marcelino Carneiro Guedes', 'Eleneide Doff Sotta']","['NAO', 'SIM', 'NAO']",['Empresa Brasileira de Pesquisa Agropecuária-OUTRO'],Escola Superior de Agricultura &quot;Luiz de Queiroz&quot;,000200000993,Thiago Libório Romanelli,Romanelli,"ROMANELLI, T. L.;Romanelli, Thiago L.;Romanelli, Thiago Libório;ROMANELLI, THIAGO;Libório Romanelli, Thiago",Piracicaba,SP,"Professor Titular do Departamento de Engenharia de Biossistemas (LEB), Esalq/USP. Atua nos temas: Fluxos de Materiais e de Energia em Sistemas de Produção, Sustentabilidade, Análises de Ciclo de Vida e Viabilidade econômica de adoção de tecnologia. É Engenheiro Agrônomo pela Universidade de São Paulo (2000), mestre em Máquinas Agrícolas pela Universidade de São Paulo (2003) e doutor em Recursos Florestais pela Universidade de São Paulo (2007), tendo sido Research Associate do Center for Environmental Policy da University of Florida (2005-2006),  Professor Doutor (2008-2013) e Livre Docente em Mecânica e Máquinas Motoras pela Universidade de São Paulo (2013) . Fulbright Scholar - Cátedra de Ciências Agrárias na University of Nebraska/Lincoln (2017). Foi Chefe e Vice-Chefe do LEB, Presidente da Comissão de Relações Internacionais, Coodenador de Curso de Graduação, Vice-Diretor do Centro de Informática &quot;Luiz de Queiroz&quot; e atualmente é Presidente da Comissão de Graduação e Presidente da Comissão de Administração, Orçamento e Patrimônio da Esalq/USP.",21-11-2023,Universidade de São Paulo,https://orcid.org/0000-0001-5407-9031,006700000002,1,NAO,1,IN
5401789813032087,"Sistemas de monitoramento, tomada de decisão, recomendação e intervenções para aplicação de fertilizantes em taxa variável e avaliação de indicadores de qualidade em lavouras com o uso de sensores de refletância para plantas e solo.",3,2009,2014,CONCLUIDO,PESQUISA,": O esforço conjunto da equipe que desenvolve o projeto tem como objetivo atuar em uma ampla frente de trabalho relacionada com uma série de tipos de sensores e conceitos de sensoriamento aplicados ao manejo de lavouras e integração de informações de diferentes fontes e níveis em sistemas que permitam tomadas de decisão rápida, segura e acessível ao usuário agricultor. Os objetivos específicos são: - estudar amplamente o potencial de utilização de sensores óticos ativos para sensoriamento remoto próximo visando à decisão para aplicação de fertilizantes nitrogenados em culturas anuais e perenes, bem como a sua utilização específica para monitoramento de lavouras de cana-de-açúcar após o plantio para a mensuração de falhas paralelamente à operação de recobrimento ( quebra-lombo ); - paralelamente desenvolver as mesmas aplicações de sensoriamento remoto por imagens aéreas e orbitais visando à decisão para aplicação de fertilizantes nitrogenados em culturas anuais e perenes; - avaliar o potencial da utilização de sensores de solo, eletroquímicos e óticos, para a implementação de algoritmos de decisão para a aplicação, numa primeira fase, de corretivos de solo, em tempo real ou quase real; - conduzir estudos complementares envolvendo aspectos de qualidade de operações mecanizadas visando o futuro desenvolvimento de sensores para monitoramento de indicadores de qualidade em tempo real; - integrar estudos que abordem o conceito de balanço energético espacializado de sistemas de produção agrícola, contemplando prioritariamente a aplicação variável de insumos; - desenvolver um sistema de apoio a decisão para AP, disponível via web que permita aos usuários ter acesso a dados e a processamentos diversos, auxiliando na quantificação, no entendimento e no gerenciamento da variabilidade espaço-temporal em campo, integrando o conhecimento, os processos e os dados desenvolvidos/obtidos pela equipe do projeto.","['Thiago Libório Romanelli', 'Marcos Milan', 'José Paulo Molin', 'Carlos Alberto Vettorazzi', 'Antonio Mauro Saraiva', 'Rubens Angulo Filho', 'José Alexandre Melo Demattê', 'Carlos Eduardo Cugnasca', 'Peterson Ricardo Fiorio', 'Andre Riyhuiti Hirakawa', 'Pedro Luiz Pizzigatti Correa']","['NAO', 'NAO', 'SIM', 'NAO', 'NAO', 'NAO', 'NAO', 'NAO', 'NAO', 'NAO', 'NAO']","['Máquinas Agrícolas JACTO S.A.-COOPERACAO', 'Financiadora de Estudos e Projetos-AUXILIO_FINANCEIRO']",Escola Superior de Agricultura &quot;Luiz de Queiroz&quot;,000200000993,Thiago Libório Romanelli,Romanelli,"ROMANELLI, T. L.;Romanelli, Thiago L.;Romanelli, Thiago Libório;ROMANELLI, THIAGO;Libório Romanelli, Thiago",Piracicaba,SP,"Professor Titular do Departamento de Engenharia de Biossistemas (LEB), Esalq/USP. Atua nos temas: Fluxos de Materiais e de Energia em Sistemas de Produção, Sustentabilidade, Análises de Ciclo de Vida e Viabilidade econômica de adoção de tecnologia. É Engenheiro Agrônomo pela Universidade de São Paulo (2000), mestre em Máquinas Agrícolas pela Universidade de São Paulo (2003) e doutor em Recursos Florestais pela Universidade de São Paulo (2007), tendo sido Research Associate do Center for Environmental Policy da University of Florida (2005-2006),  Professor Doutor (2008-2013) e Livre Docente em Mecânica e Máquinas Motoras pela Universidade de São Paulo (2013) . Fulbright Scholar - Cátedra de Ciências Agrárias na University of Nebraska/Lincoln (2017). Foi Chefe e Vice-Chefe do LEB, Presidente da Comissão de Relações Internacionais, Coodenador de Curso de Graduação, Vice-Diretor do Centro de Informática &quot;Luiz de Queiroz&quot; e atualmente é Presidente da Comissão de Graduação e Presidente da Comissão de Administração, Orçamento e Patrimônio da Esalq/USP.",21-11-2023,Universidade de São Paulo,https://orcid.org/0000-0001-5407-9031,006700000002,1,NAO,1,IN
5401789813032087,Projeto Rondon - Operação Carajás,7,2010,2011,CONCLUIDO,EXTENSAO,"Esse projeto de extensão visa o desenvolvimento de atividades que auxiliem a comunidade local a melhorar a qualidade de vida no tocante à produção agrícola, alimentação e na diminuição dos impactos negativos ao ambiente. Uma viagem precursora foi realizada entre 07 e 13/11/2010 e a operação da equipe entre 14 e 30/01/2011.","['Thiago Libório Romanelli', 'Laura Alves Martirani']","['SIM', 'NAO']",['Ministério da Defesa-OUTRO'],Escola Superior de Agricultura &quot;Luiz de Queiroz&quot;,000200000993,Thiago Libório Romanelli,Romanelli,"ROMANELLI, T. L.;Romanelli, Thiago L.;Romanelli, Thiago Libório;ROMANELLI, THIAGO;Libório Romanelli, Thiago",Piracicaba,SP,"Professor Titular do Departamento de Engenharia de Biossistemas (LEB), Esalq/USP. Atua nos temas: Fluxos de Materiais e de Energia em Sistemas de Produção, Sustentabilidade, Análises de Ciclo de Vida e Viabilidade econômica de adoção de tecnologia. É Engenheiro Agrônomo pela Universidade de São Paulo (2000), mestre em Máquinas Agrícolas pela Universidade de São Paulo (2003) e doutor em Recursos Florestais pela Universidade de São Paulo (2007), tendo sido Research Associate do Center for Environmental Policy da University of Florida (2005-2006),  Professor Doutor (2008-2013) e Livre Docente em Mecânica e Máquinas Motoras pela Universidade de São Paulo (2013) . Fulbright Scholar - Cátedra de Ciências Agrárias na University of Nebraska/Lincoln (2017). Foi Chefe e Vice-Chefe do LEB, Presidente da Comissão de Relações Internacionais, Coodenador de Curso de Graduação, Vice-Diretor do Centro de Informática &quot;Luiz de Queiroz&quot; e atualmente é Presidente da Comissão de Graduação e Presidente da Comissão de Administração, Orçamento e Patrimônio da Esalq/USP.",21-11-2023,Universidade de São Paulo,https://orcid.org/0000-0001-5407-9031,006700000002,1,SIM,0,IN
5401789813032087,Incorporação de energia na vida útil de uma colhedora autopropelida de cana-de-açúcar,11,2010,2012,CONCLUIDO,PESQUISA,"A cana-de-açúcar é a segunda maior fonte de energia da matriz energética brasileira, atrás somente do petróleo e seus derivados, tendo ultrapassado a participação das usinas hidrelétricas. Devido às leis ambientais a colheita manual, que demanda a queima dos canaviais, a colheita mecanizada tem expandido e conseqüentemente o uso das colhedoras autopropelidas. A mecanização apresenta um papel fundamental na utilização de energia no sistema de produção agrícola, sendo essa energia demandada não apenas pelo combustível consumido, mas na fabricação e manutenção do maquinário. O presente projeto visa determinar a demanda energética ao longo de toda a vida útil de uma colhedora autopropelida de cana-de-açúcar. Os resultados esperados são que a energia incorporada da colhedora seja determinada, bem como os fluxos de materiais, que poderão ser utilizados por outras metodologias que também se baseiam no ponto de vista físico de um processo para avaliá-lo.","['Thiago Libório Romanelli', 'Filipe Alonso Saad', 'Edemilson José Mantoam']","['SIM', 'NAO', 'NAO']",['Fundação de Amparo à Pesquisa do Estado de São Paulo-AUXILIO_FINANCEIRO'],Escola Superior de Agricultura &quot;Luiz de Queiroz&quot;,000200000993,Thiago Libório Romanelli,Romanelli,"ROMANELLI, T. L.;Romanelli, Thiago L.;Romanelli, Thiago Libório;ROMANELLI, THIAGO;Libório Romanelli, Thiago",Piracicaba,SP,"Professor Titular do Departamento de Engenharia de Biossistemas (LEB), Esalq/USP. Atua nos temas: Fluxos de Materiais e de Energia em Sistemas de Produção, Sustentabilidade, Análises de Ciclo de Vida e Viabilidade econômica de adoção de tecnologia. É Engenheiro Agrônomo pela Universidade de São Paulo (2000), mestre em Máquinas Agrícolas pela Universidade de São Paulo (2003) e doutor em Recursos Florestais pela Universidade de São Paulo (2007), tendo sido Research Associate do Center for Environmental Policy da University of Florida (2005-2006),  Professor Doutor (2008-2013) e Livre Docente em Mecânica e Máquinas Motoras pela Universidade de São Paulo (2013) . Fulbright Scholar - Cátedra de Ciências Agrárias na University of Nebraska/Lincoln (2017). Foi Chefe e Vice-Chefe do LEB, Presidente da Comissão de Relações Internacionais, Coodenador de Curso de Graduação, Vice-Diretor do Centro de Informática &quot;Luiz de Queiroz&quot; e atualmente é Presidente da Comissão de Graduação e Presidente da Comissão de Administração, Orçamento e Patrimônio da Esalq/USP.",21-11-2023,Universidade de São Paulo,https://orcid.org/0000-0001-5407-9031,006700000002,1,SIM,0,IN
5401789813032087,Cooperação franco-brasileira da formação de engenheiros agrônomos,12,2012,2016,CONCLUIDO,OUTRA,"Projeto para viabilizar a mobilidade de estudantes de graduação e professores aprovado segundo normas do edital CAPES/DRI/CGCI 014/2012, programa BRAFAGRI. Projeto estabelecido entre a ESALQ/USP (Prof. Dr. Thiago Libório Romanelli) e a Fédération des Écoles Supérieures d'Ingénieurs en Agriculture? ? FESIA (Prof. M.Sc. Stephane Brochier).","['Thiago Libório Romanelli', 'João Gomes Martines Filho', 'Celso Omoto', 'Marcos Vinícius Folegatti', 'Stephane Brochier', 'Helaine Carrer', 'Paulo Eduardo Moruzzi Marques', 'Florence Malaise', 'Marine Pobel', 'Marie-Odile Bisch']","['SIM', 'NAO', 'NAO', 'NAO', 'NAO', 'NAO', 'NAO', 'NAO', 'NAO', 'NAO']",['Coordenação de Aperfeiçoamento de Pessoal de Nível Superior-BOLSA'],Escola Superior de Agricultura &quot;Luiz de Queiroz&quot;,000200000993,Thiago Libório Romanelli,Romanelli,"ROMANELLI, T. L.;Romanelli, Thiago L.;Romanelli, Thiago Libório;ROMANELLI, THIAGO;Libório Romanelli, Thiago",Piracicaba,SP,"Professor Titular do Departamento de Engenharia de Biossistemas (LEB), Esalq/USP. Atua nos temas: Fluxos de Materiais e de Energia em Sistemas de Produção, Sustentabilidade, Análises de Ciclo de Vida e Viabilidade econômica de adoção de tecnologia. É Engenheiro Agrônomo pela Universidade de São Paulo (2000), mestre em Máquinas Agrícolas pela Universidade de São Paulo (2003) e doutor em Recursos Florestais pela Universidade de São Paulo (2007), tendo sido Research Associate do Center for Environmental Policy da University of Florida (2005-2006),  Professor Doutor (2008-2013) e Livre Docente em Mecânica e Máquinas Motoras pela Universidade de São Paulo (2013) . Fulbright Scholar - Cátedra de Ciências Agrárias na University of Nebraska/Lincoln (2017). Foi Chefe e Vice-Chefe do LEB, Presidente da Comissão de Relações Internacionais, Coodenador de Curso de Graduação, Vice-Diretor do Centro de Informática &quot;Luiz de Queiroz&quot; e atualmente é Presidente da Comissão de Graduação e Presidente da Comissão de Administração, Orçamento e Patrimônio da Esalq/USP.",21-11-2023,Universidade de São Paulo,https://orcid.org/0000-0001-5407-9031,006700000002,1,SIM,0,IN
5401789813032087,Estímulo ao Ensino de Recursos Energéticos e Ambiente para estudantes de Gestão Ambiental,13,2013,2014,CONCLUIDO,OUTRA,"A disciplina LEB0244 - Recursos Energéticos e Ambiente é dividida em duas partes: a primeira apresenta métodos de avaliação ambiental sob ponto de vista da energia, e a segunda apresenta os aspectos das fontes de energia existentes. Para os temas da primeira parte (fluxos de materiais, energia, emergia e análise de ciclo de vida), serão desenvolvidos estudos de caso para cada metodologia através da disponibilização de textos para leitura prévia e discussão em sala. Para a segunda parte a estruturação de textos base sobre as fontes de potência (petróleo, cana-de-açúcar, eólica, hidráulica, biodigestão, biodiesel, solar, cogeração, florestas), sendo os textos divididos em conceito e panorama atual. O testo referente panorama atual deve ser atualizado anualmente em função do constante aumento de consumo de energia e da busca por novas fontes.","['Thiago Libório Romanelli', 'Gabriela Mariano Mendonça']","['SIM', 'NAO']",['Pró-Reitoria de Graduação / USP-BOLSA'],Escola Superior de Agricultura &quot;Luiz de Queiroz&quot;,000200000993,Thiago Libório Romanelli,Romanelli,"ROMANELLI, T. L.;Romanelli, Thiago L.;Romanelli, Thiago Libório;ROMANELLI, THIAGO;Libório Romanelli, Thiago",Piracicaba,SP,"Professor Titular do Departamento de Engenharia de Biossistemas (LEB), Esalq/USP. Atua nos temas: Fluxos de Materiais e de Energia em Sistemas de Produção, Sustentabilidade, Análises de Ciclo de Vida e Viabilidade econômica de adoção de tecnologia. É Engenheiro Agrônomo pela Universidade de São Paulo (2000), mestre em Máquinas Agrícolas pela Universidade de São Paulo (2003) e doutor em Recursos Florestais pela Universidade de São Paulo (2007), tendo sido Research Associate do Center for Environmental Policy da University of Florida (2005-2006),  Professor Doutor (2008-2013) e Livre Docente em Mecânica e Máquinas Motoras pela Universidade de São Paulo (2013) . Fulbright Scholar - Cátedra de Ciências Agrárias na University of Nebraska/Lincoln (2017). Foi Chefe e Vice-Chefe do LEB, Presidente da Comissão de Relações Internacionais, Coodenador de Curso de Graduação, Vice-Diretor do Centro de Informática &quot;Luiz de Queiroz&quot; e atualmente é Presidente da Comissão de Graduação e Presidente da Comissão de Administração, Orçamento e Patrimônio da Esalq/USP.",21-11-2023,Universidade de São Paulo,https://orcid.org/0000-0001-5407-9031,006700000002,1,SIM,0,IN
5401789813032087,Integração de indicadores e de níveis de tomada de decisão nas práticas sustentáveis na agricultura de larga escala,14,2014,2026,EM_ANDAMENTO,EXTENSAO,"A menção dos termos ?agricultura sustentável? normalmente remete a sistemas de produção orgânicos ou biodinâmicos, porém a amplitude de tais sistemas é ínfima, em termos de produção e área, face aos sistemas de produção tidos como convencionais. Existem iniciativas no sentido do melhor uso dos recursos naturais (solo, água) ou antrópicos (fertilizante, óleo diesel), pois a maior eficiência leva ao aumento da lucratividade que torna as práticas sustentáveis no âmbito de ser repetida continuadamente. Pilares como governança, trabalho (legislação, escassez de mão-de-obra qualificada, treinamento), aumento da lucratividade (agregação de valor e/ou redução de custo), inserção nas cadeias de produção, tecnologia na gestão de informação, demanda de energia e materiais pelos sistemas de produção são abordados por iniciativas de diversas instituições (governo, empresas, ONGs, universidades) normalmente de forma descoordenada resultando em impasses por conta dos objetivos antagônicos dos pontos de vista individuais. Portanto, o projeto visa levantar o estado atual das práticas sustentáveis propostas (adesão voluntária) e impostas (leis) nos diversos níveis (governo, setor, propriedade). Com esse mapeamento será possível mapear como as certificações contemplam essas práticas e quais os indicadores chave que propiciem análises de multicritério dos sistemas de produção.","['Thiago Libório Romanelli', 'Marcos Milan', 'João Gomes Martines Filho']","['SIM', 'NAO', 'NAO']",['USP/Pró-Reitoria de Cultura e Extensão-BOLSA'],Escola Superior de Agricultura &quot;Luiz de Queiroz&quot;,000200000993,Thiago Libório Romanelli,Romanelli,"ROMANELLI, T. L.;Romanelli, Thiago L.;Romanelli, Thiago Libório;ROMANELLI, THIAGO;Libório Romanelli, Thiago",Piracicaba,SP,"Professor Titular do Departamento de Engenharia de Biossistemas (LEB), Esalq/USP. Atua nos temas: Fluxos de Materiais e de Energia em Sistemas de Produção, Sustentabilidade, Análises de Ciclo de Vida e Viabilidade econômica de adoção de tecnologia. É Engenheiro Agrônomo pela Universidade de São Paulo (2000), mestre em Máquinas Agrícolas pela Universidade de São Paulo (2003) e doutor em Recursos Florestais pela Universidade de São Paulo (2007), tendo sido Research Associate do Center for Environmental Policy da University of Florida (2005-2006),  Professor Doutor (2008-2013) e Livre Docente em Mecânica e Máquinas Motoras pela Universidade de São Paulo (2013) . Fulbright Scholar - Cátedra de Ciências Agrárias na University of Nebraska/Lincoln (2017). Foi Chefe e Vice-Chefe do LEB, Presidente da Comissão de Relações Internacionais, Coodenador de Curso de Graduação, Vice-Diretor do Centro de Informática &quot;Luiz de Queiroz&quot; e atualmente é Presidente da Comissão de Graduação e Presidente da Comissão de Administração, Orçamento e Patrimônio da Esalq/USP.",21-11-2023,Universidade de São Paulo,https://orcid.org/0000-0001-5407-9031,006700000002,1,SIM,0,IN
5401789813032087,Planejamento e dimensionamento do parque de máquinas agrícolas do Campus Luiz de Queiroz - USP/Piracicaba,16,2015,2015,DESATIVADO,EXTENSAO,"A finalidade do projeto é estabelecer a demanda de máquinas e operadores para as operações mecanizadas requeridas nas áreas de experimentação e produção no campus. A relevância principal é que seus resultados podem subsidiar o estabelecimento de uma central de máquinas para uso coletivo dos departamentos e para atender projetos que ao invés de se preocupar com a aquisição de equipamentos, pediriam recursos para cobrir os custos da utilização dessas máquinas. Outro ponto seria a revisão do número de funcionários que atuam formal ou informalmente na operação de máquinas. Além disso, seria criado um ambiente onde os estudantes poderiam ser treinados na gestão de máquinas agrícolas.","['Thiago Libório Romanelli', 'William Cesar Asmegas Sobrinho']","['SIM', 'NAO']",['VAZIO-VAZIO'],Escola Superior de Agricultura &quot;Luiz de Queiroz&quot;,000200000993,Thiago Libório Romanelli,Romanelli,"ROMANELLI, T. L.;Romanelli, Thiago L.;Romanelli, Thiago Libório;ROMANELLI, THIAGO;Libório Romanelli, Thiago",Piracicaba,SP,"Professor Titular do Departamento de Engenharia de Biossistemas (LEB), Esalq/USP. Atua nos temas: Fluxos de Materiais e de Energia em Sistemas de Produção, Sustentabilidade, Análises de Ciclo de Vida e Viabilidade econômica de adoção de tecnologia. É Engenheiro Agrônomo pela Universidade de São Paulo (2000), mestre em Máquinas Agrícolas pela Universidade de São Paulo (2003) e doutor em Recursos Florestais pela Universidade de São Paulo (2007), tendo sido Research Associate do Center for Environmental Policy da University of Florida (2005-2006),  Professor Doutor (2008-2013) e Livre Docente em Mecânica e Máquinas Motoras pela Universidade de São Paulo (2013) . Fulbright Scholar - Cátedra de Ciências Agrárias na University of Nebraska/Lincoln (2017). Foi Chefe e Vice-Chefe do LEB, Presidente da Comissão de Relações Internacionais, Coodenador de Curso de Graduação, Vice-Diretor do Centro de Informática &quot;Luiz de Queiroz&quot; e atualmente é Presidente da Comissão de Graduação e Presidente da Comissão de Administração, Orçamento e Patrimônio da Esalq/USP.",21-11-2023,Universidade de São Paulo,https://orcid.org/0000-0001-5407-9031,006700000002,1,SIM,0,IN
5401789813032087,Projeto Rondon - Operação Itacaiúnas,15,2015,2015,DESATIVADO,EXTENSAO,"A finalidade do projeto é estabelecer a demanda de máquinas e operadores para as operações mecanizadas requeridas nas áreas de experimentação e produção no campus. A relevância principal é que seus resultados podem subsidiar o estabelecimento de uma central de máquinas para uso coletivo dos departamentos e para atender projetos que ao invés de se preocupar com a aquisição de equipamentos, pediriam recursos para cobrir os custos da utilização dessas máquinas. Outro ponto seria a revisão do número de funcionários que atuam formal ou informalmente na operação de máquinas. Além disso, seria criado um ambiente onde os estudantes poderiam ser treinados na gestão de máquinas agrícolas.","['Thiago Libório Romanelli', 'José Otávio Machado Menten']","['SIM', 'NAO']",['VAZIO-VAZIO'],Escola Superior de Agricultura &quot;Luiz de Queiroz&quot;,000200000993,Thiago Libório Romanelli,Romanelli,"ROMANELLI, T. L.;Romanelli, Thiago L.;Romanelli, Thiago Libório;ROMANELLI, THIAGO;Libório Romanelli, Thiago",Piracicaba,SP,"Professor Titular do Departamento de Engenharia de Biossistemas (LEB), Esalq/USP. Atua nos temas: Fluxos de Materiais e de Energia em Sistemas de Produção, Sustentabilidade, Análises de Ciclo de Vida e Viabilidade econômica de adoção de tecnologia. É Engenheiro Agrônomo pela Universidade de São Paulo (2000), mestre em Máquinas Agrícolas pela Universidade de São Paulo (2003) e doutor em Recursos Florestais pela Universidade de São Paulo (2007), tendo sido Research Associate do Center for Environmental Policy da University of Florida (2005-2006),  Professor Doutor (2008-2013) e Livre Docente em Mecânica e Máquinas Motoras pela Universidade de São Paulo (2013) . Fulbright Scholar - Cátedra de Ciências Agrárias na University of Nebraska/Lincoln (2017). Foi Chefe e Vice-Chefe do LEB, Presidente da Comissão de Relações Internacionais, Coodenador de Curso de Graduação, Vice-Diretor do Centro de Informática &quot;Luiz de Queiroz&quot; e atualmente é Presidente da Comissão de Graduação e Presidente da Comissão de Administração, Orçamento e Patrimônio da Esalq/USP.",21-11-2023,Universidade de São Paulo,https://orcid.org/0000-0001-5407-9031,006700000002,1,SIM,0,IN
5401789813032087,As tendências da mecanização agrícola e da bioenergia no Brasil,23,2015,2016,CONCLUIDO,EXTENSAO,"Fornecer e analisar informações para a tomada de decisão com relação ao potencial de inserção de produtos no agronegócio, atendendo a visão de expansão global e antecipação de tendências mundiais da empresa.","['Thiago Libório Romanelli', 'Marcos Milan', 'Nelson Cerino Franco Junior', 'João Paulo Soto Veiga']","['SIM', 'NAO', 'NAO', 'NAO']",['Denso do Brasil-AUXILIO_FINANCEIRO'],Escola Superior de Agricultura &quot;Luiz de Queiroz&quot;,000200000993,Thiago Libório Romanelli,Romanelli,"ROMANELLI, T. L.;Romanelli, Thiago L.;Romanelli, Thiago Libório;ROMANELLI, THIAGO;Libório Romanelli, Thiago",Piracicaba,SP,"Professor Titular do Departamento de Engenharia de Biossistemas (LEB), Esalq/USP. Atua nos temas: Fluxos de Materiais e de Energia em Sistemas de Produção, Sustentabilidade, Análises de Ciclo de Vida e Viabilidade econômica de adoção de tecnologia. É Engenheiro Agrônomo pela Universidade de São Paulo (2000), mestre em Máquinas Agrícolas pela Universidade de São Paulo (2003) e doutor em Recursos Florestais pela Universidade de São Paulo (2007), tendo sido Research Associate do Center for Environmental Policy da University of Florida (2005-2006),  Professor Doutor (2008-2013) e Livre Docente em Mecânica e Máquinas Motoras pela Universidade de São Paulo (2013) . Fulbright Scholar - Cátedra de Ciências Agrárias na University of Nebraska/Lincoln (2017). Foi Chefe e Vice-Chefe do LEB, Presidente da Comissão de Relações Internacionais, Coodenador de Curso de Graduação, Vice-Diretor do Centro de Informática &quot;Luiz de Queiroz&quot; e atualmente é Presidente da Comissão de Graduação e Presidente da Comissão de Administração, Orçamento e Patrimônio da Esalq/USP.",21-11-2023,Universidade de São Paulo,https://orcid.org/0000-0001-5407-9031,006700000002,1,SIM,0,IN
5401789813032087,Adequação Ambiental dos Departamentos da ESALQ,35,2015,2016,CONCLUIDO,EXTENSAO,,['Thiago Libório Romanelli'],['SIM'],['Pró-Reitoria de Graduação/USP-BOLSA'],Universidade de São Paulo,006700000002,Thiago Libório Romanelli,Romanelli,"ROMANELLI, T. L.;Romanelli, Thiago L.;Romanelli, Thiago Libório;ROMANELLI, THIAGO;Libório Romanelli, Thiago",Piracicaba,SP,"Professor Titular do Departamento de Engenharia de Biossistemas (LEB), Esalq/USP. Atua nos temas: Fluxos de Materiais e de Energia em Sistemas de Produção, Sustentabilidade, Análises de Ciclo de Vida e Viabilidade econômica de adoção de tecnologia. É Engenheiro Agrônomo pela Universidade de São Paulo (2000), mestre em Máquinas Agrícolas pela Universidade de São Paulo (2003) e doutor em Recursos Florestais pela Universidade de São Paulo (2007), tendo sido Research Associate do Center for Environmental Policy da University of Florida (2005-2006),  Professor Doutor (2008-2013) e Livre Docente em Mecânica e Máquinas Motoras pela Universidade de São Paulo (2013) . Fulbright Scholar - Cátedra de Ciências Agrárias na University of Nebraska/Lincoln (2017). Foi Chefe e Vice-Chefe do LEB, Presidente da Comissão de Relações Internacionais, Coodenador de Curso de Graduação, Vice-Diretor do Centro de Informática &quot;Luiz de Queiroz&quot; e atualmente é Presidente da Comissão de Graduação e Presidente da Comissão de Administração, Orçamento e Patrimônio da Esalq/USP.",21-11-2023,Universidade de São Paulo,https://orcid.org/0000-0001-5407-9031,006700000002,1,SIM,0,IN
5401789813032087,INCORPORAÇÃO DE ENERGIA NO CICLO DE VIDA DE MÁQUINAS AGRÍCOLAS,31,2015,2017,CONCLUIDO,PESQUISA,"As inovações tecnológicas que visam o aumento da produtividade de biomassa, normalmente demandando mais energia nos sistemas de produção, devido ao uso de insumos, como as máquinas agrícolas. Assim, avaliar como os sistemas de produção demandam e disponibilizam energia é fundamental para definir políticas de gestão da produção, pois a energia é vital para todos os setores da economia. Os indicadores disponíveis são, na maioria, antigos, baseados na indústria automobilística dos Estados Unidos da América, para a década de 1960. Assim, verifica-se a necessidade de se fazer uma análise específica para a indústria de máquinas agrícolas, uma vez que há grandes diferenças na composição de automóveis e máquinas agrícolas. Indicadores mais recentes, estabelecidos para colhedoras de cana-de-açúcar, mostram grande discrepância em relação aos tradicionais, pois a determinação da energia incorporada foi feita considerando os insumos diretos, indiretos e os da manutenção e reparo, através da vida útil das colhedoras. Pela sua peculiaridade quanto ao tempo de uso anual e situação de trabalho, o que aumenta a demanda por manutenção torna a colhedora de cana de açúcar um exemplo que não pode ser extrapolado às demais máquinas. O projeto visa avaliar os insumos diretos e indiretos e os demandados na fase de manutenção e reparo, através da vida útil e determinar novos indicadores específicos para cada máquina, além de avaliar diferentes faixas de potência (trator), visando monitorar o comportamento da incorporação de materiais e de energia, em função da potência. As máquinas agrícolas a serem avaliadas são: colhedora de café, pulverizador autopropelido, semeadora-adubadora, colhedora combinada de grãos e tratores agrícolas com potência de 55, 90, 172 e 246 kW, abordando as fases de fabricação, manutenção e reparo. Os resultados esperados são: o detalhamento dos fluxos de materiais, visando colaborar com outras metodologias de cunho ambiental (Análise de ciclo de vida, síntese de emergia); a identificação dos pontos críticos do processo de fabricação; a comparação, do ponto de vista energético, entre a manutenção proposta pela montadora e a executada pelos produtores; e a verificação da relação entre os indicadores determinados e a potência dos tratores, para checar se ambientalmente a eficiência de tratores de diferentes dimensões.","['Thiago Libório Romanelli', 'Rafael Cesar Tieppo', 'Leandro Maria Gimenez']","['SIM', 'NAO', 'NAO']",['Fundação de Amparo à Pesquisa do Estado de São Paulo-AUXILIO_FINANCEIRO'],Universidade de São Paulo,006700000002,Thiago Libório Romanelli,Romanelli,"ROMANELLI, T. L.;Romanelli, Thiago L.;Romanelli, Thiago Libório;ROMANELLI, THIAGO;Libório Romanelli, Thiago",Piracicaba,SP,"Professor Titular do Departamento de Engenharia de Biossistemas (LEB), Esalq/USP. Atua nos temas: Fluxos de Materiais e de Energia em Sistemas de Produção, Sustentabilidade, Análises de Ciclo de Vida e Viabilidade econômica de adoção de tecnologia. É Engenheiro Agrônomo pela Universidade de São Paulo (2000), mestre em Máquinas Agrícolas pela Universidade de São Paulo (2003) e doutor em Recursos Florestais pela Universidade de São Paulo (2007), tendo sido Research Associate do Center for Environmental Policy da University of Florida (2005-2006),  Professor Doutor (2008-2013) e Livre Docente em Mecânica e Máquinas Motoras pela Universidade de São Paulo (2013) . Fulbright Scholar - Cátedra de Ciências Agrárias na University of Nebraska/Lincoln (2017). Foi Chefe e Vice-Chefe do LEB, Presidente da Comissão de Relações Internacionais, Coodenador de Curso de Graduação, Vice-Diretor do Centro de Informática &quot;Luiz de Queiroz&quot; e atualmente é Presidente da Comissão de Graduação e Presidente da Comissão de Administração, Orçamento e Patrimônio da Esalq/USP.",21-11-2023,Universidade de São Paulo,https://orcid.org/0000-0001-5407-9031,006700000002,1,SIM,0,IN
5401789813032087,Planejamento e ações para a melhoria da eficiência energética no Campus Luiz de Queiroz,33,2016,2026,EM_ANDAMENTO,PESQUISA,"O Plano Diretor Socioambiental Participativo do campus ?Luiz de Queiroz? é um grupo formado por toda a comunidade acadêmica, como estudantes, técnicos administrados e docentes, para juntos realizar o planejamento de ações socioambientais dentro do campus, com a finalidade de adequação ambiental e cumprimento dos termos das políticas ambientais.&#10;Atualmente composto por 12 grupos de trabalho que atuam em diferentes temáticas ambientais, buscando em conjunto a melhoria e a sustentabilidade do campus. Partindo desse objetivo, foi observado na revisão do Plano Diretor em 2013 a necessidade de introduzir ao documento novos grupos de trabalho. Entre estes está o GT Energia, que foi incorporado a partir da versão do relatório do Plano Diretor Socioambiental de 2018.&#10;Tendo em vista a crescente demanda mundial por energia e o papel da universidade dentro da sociedade, este GT terá como contribuição a busca pelo uso racional e eficiente de energia elétrica nos edifícios, trazendo uma abordagem energética, ações educativas, destinação correta de resíduos energéticos, assim como o estudo para implementação de fontes alternativas de energia no campus.","['Thiago Libório Romanelli', 'Ana Maria de Meira']","['SIM', 'NAO']",['Pró-Reitoria de Graduação/USP-BOLSA'],Universidade de São Paulo,006700000002,Thiago Libório Romanelli,Romanelli,"ROMANELLI, T. L.;Romanelli, Thiago L.;Romanelli, Thiago Libório;ROMANELLI, THIAGO;Libório Romanelli, Thiago",Piracicaba,SP,"Professor Titular do Departamento de Engenharia de Biossistemas (LEB), Esalq/USP. Atua nos temas: Fluxos de Materiais e de Energia em Sistemas de Produção, Sustentabilidade, Análises de Ciclo de Vida e Viabilidade econômica de adoção de tecnologia. É Engenheiro Agrônomo pela Universidade de São Paulo (2000), mestre em Máquinas Agrícolas pela Universidade de São Paulo (2003) e doutor em Recursos Florestais pela Universidade de São Paulo (2007), tendo sido Research Associate do Center for Environmental Policy da University of Florida (2005-2006),  Professor Doutor (2008-2013) e Livre Docente em Mecânica e Máquinas Motoras pela Universidade de São Paulo (2013) . Fulbright Scholar - Cátedra de Ciências Agrárias na University of Nebraska/Lincoln (2017). Foi Chefe e Vice-Chefe do LEB, Presidente da Comissão de Relações Internacionais, Coodenador de Curso de Graduação, Vice-Diretor do Centro de Informática &quot;Luiz de Queiroz&quot; e atualmente é Presidente da Comissão de Graduação e Presidente da Comissão de Administração, Orçamento e Patrimônio da Esalq/USP.",21-11-2023,Universidade de São Paulo,https://orcid.org/0000-0001-5407-9031,006700000002,1,SIM,0,IN
5401789813032087,Adequação da Biblioteca Central (DiBD) do Campus Luiz de Queiroz seguindo as diretrizes do Prêmio Paulista de Qualidade da Gestão (PPQG),36,2016,2017,CONCLUIDO,EXTENSAO,,"['Thiago Libório Romanelli', 'Nara Perobelli de Moraes']","['SIM', 'NAO']",['Pró-Reitoria de Graduação/USP-BOLSA'],Universidade de São Paulo,006700000002,Thiago Libório Romanelli,Romanelli,"ROMANELLI, T. L.;Romanelli, Thiago L.;Romanelli, Thiago Libório;ROMANELLI, THIAGO;Libório Romanelli, Thiago",Piracicaba,SP,"Professor Titular do Departamento de Engenharia de Biossistemas (LEB), Esalq/USP. Atua nos temas: Fluxos de Materiais e de Energia em Sistemas de Produção, Sustentabilidade, Análises de Ciclo de Vida e Viabilidade econômica de adoção de tecnologia. É Engenheiro Agrônomo pela Universidade de São Paulo (2000), mestre em Máquinas Agrícolas pela Universidade de São Paulo (2003) e doutor em Recursos Florestais pela Universidade de São Paulo (2007), tendo sido Research Associate do Center for Environmental Policy da University of Florida (2005-2006),  Professor Doutor (2008-2013) e Livre Docente em Mecânica e Máquinas Motoras pela Universidade de São Paulo (2013) . Fulbright Scholar - Cátedra de Ciências Agrárias na University of Nebraska/Lincoln (2017). Foi Chefe e Vice-Chefe do LEB, Presidente da Comissão de Relações Internacionais, Coodenador de Curso de Graduação, Vice-Diretor do Centro de Informática &quot;Luiz de Queiroz&quot; e atualmente é Presidente da Comissão de Graduação e Presidente da Comissão de Administração, Orçamento e Patrimônio da Esalq/USP.",21-11-2023,Universidade de São Paulo,https://orcid.org/0000-0001-5407-9031,006700000002,1,SIM,0,IN
5401789813032087,Indicadores de sustentabilidade e do sistema de monitoramento do Plano Diretor Socioambiental do campus Luiz de Queiroz,37,2016,2017,CONCLUIDO,EXTENSAO,,"['Thiago Libório Romanelli', 'Marcos Paulo Marcuz Venier', 'Matheus Rosa Taxa']","['SIM', 'NAO', 'NAO']",['Pró-Reitoria de Graduação/USP-BOLSA'],Universidade de São Paulo,006700000002,Thiago Libório Romanelli,Romanelli,"ROMANELLI, T. L.;Romanelli, Thiago L.;Romanelli, Thiago Libório;ROMANELLI, THIAGO;Libório Romanelli, Thiago",Piracicaba,SP,"Professor Titular do Departamento de Engenharia de Biossistemas (LEB), Esalq/USP. Atua nos temas: Fluxos de Materiais e de Energia em Sistemas de Produção, Sustentabilidade, Análises de Ciclo de Vida e Viabilidade econômica de adoção de tecnologia. É Engenheiro Agrônomo pela Universidade de São Paulo (2000), mestre em Máquinas Agrícolas pela Universidade de São Paulo (2003) e doutor em Recursos Florestais pela Universidade de São Paulo (2007), tendo sido Research Associate do Center for Environmental Policy da University of Florida (2005-2006),  Professor Doutor (2008-2013) e Livre Docente em Mecânica e Máquinas Motoras pela Universidade de São Paulo (2013) . Fulbright Scholar - Cátedra de Ciências Agrárias na University of Nebraska/Lincoln (2017). Foi Chefe e Vice-Chefe do LEB, Presidente da Comissão de Relações Internacionais, Coodenador de Curso de Graduação, Vice-Diretor do Centro de Informática &quot;Luiz de Queiroz&quot; e atualmente é Presidente da Comissão de Graduação e Presidente da Comissão de Administração, Orçamento e Patrimônio da Esalq/USP.",21-11-2023,Universidade de São Paulo,https://orcid.org/0000-0001-5407-9031,006700000002,1,SIM,0,IN
5401789813032087,"Projeto de Implementação de um Sistema de Gestão Ambiental em Moradias dos Estudantes da ESALQ - USP, em Piracicaba.",24,2017,2018,CONCLUIDO,EXTENSAO,"Tendo em base que um grande número de estudantes do campus são naturais de outras cidades e vêm para Piracicaba apenas com objetivos estudantis e assim muitos destes, passam a ter residências que são maleáveis a projetos. Diante deste cenário o PANGeA procura realizar auditorias nestas residências que concordarem em participar do projeto de forma voluntária. A ideia de realizar o projeto em moradias estudantis inicialmente é pelo fato de saber que muitas possuem o interesse de se adequar à excelência ambiental, de ser mais flexível em relação a execução das tarefas, maior economia e eficiência no uso de recursos naturais, além da troca de conhecimentos e aprendizados. Tal execução seria realizada de forma paralela ao que ocorre na LEED (Leadership in Energy and Environmental Design), que é uma certificação para construções sustentáveis, que utiliza como critérios a racionalização de recursos.","['Thiago Libório Romanelli', 'Allan Patrick C. Carmo', 'Rafaela Duarte Pagliarini']","['SIM', 'NAO', 'NAO']",['USP/Pró-Reitoria de Cultura e Extensão-BOLSA'],Campus USP ?Luiz de Queiroz?,003500000993,Thiago Libório Romanelli,Romanelli,"ROMANELLI, T. L.;Romanelli, Thiago L.;Romanelli, Thiago Libório;ROMANELLI, THIAGO;Libório Romanelli, Thiago",Piracicaba,SP,"Professor Titular do Departamento de Engenharia de Biossistemas (LEB), Esalq/USP. Atua nos temas: Fluxos de Materiais e de Energia em Sistemas de Produção, Sustentabilidade, Análises de Ciclo de Vida e Viabilidade econômica de adoção de tecnologia. É Engenheiro Agrônomo pela Universidade de São Paulo (2000), mestre em Máquinas Agrícolas pela Universidade de São Paulo (2003) e doutor em Recursos Florestais pela Universidade de São Paulo (2007), tendo sido Research Associate do Center for Environmental Policy da University of Florida (2005-2006),  Professor Doutor (2008-2013) e Livre Docente em Mecânica e Máquinas Motoras pela Universidade de São Paulo (2013) . Fulbright Scholar - Cátedra de Ciências Agrárias na University of Nebraska/Lincoln (2017). Foi Chefe e Vice-Chefe do LEB, Presidente da Comissão de Relações Internacionais, Coodenador de Curso de Graduação, Vice-Diretor do Centro de Informática &quot;Luiz de Queiroz&quot; e atualmente é Presidente da Comissão de Graduação e Presidente da Comissão de Administração, Orçamento e Patrimônio da Esalq/USP.",21-11-2023,Universidade de São Paulo,https://orcid.org/0000-0001-5407-9031,006700000002,1,SIM,0,IN
5401789813032087,Revisão dos indicadores de sustentabilidade do Plano Diretor Socioambiental do campus Luiz de Queiroz segundo as Políticas Ambientais da USP.,38,2017,2018,CONCLUIDO,EXTENSAO,,['Thiago Libório Romanelli'],['SIM'],['Pró-Reitoria de Graduação/USP-BOLSA'],Universidade de São Paulo,006700000002,Thiago Libório Romanelli,Romanelli,"ROMANELLI, T. L.;Romanelli, Thiago L.;Romanelli, Thiago Libório;ROMANELLI, THIAGO;Libório Romanelli, Thiago",Piracicaba,SP,"Professor Titular do Departamento de Engenharia de Biossistemas (LEB), Esalq/USP. Atua nos temas: Fluxos de Materiais e de Energia em Sistemas de Produção, Sustentabilidade, Análises de Ciclo de Vida e Viabilidade econômica de adoção de tecnologia. É Engenheiro Agrônomo pela Universidade de São Paulo (2000), mestre em Máquinas Agrícolas pela Universidade de São Paulo (2003) e doutor em Recursos Florestais pela Universidade de São Paulo (2007), tendo sido Research Associate do Center for Environmental Policy da University of Florida (2005-2006),  Professor Doutor (2008-2013) e Livre Docente em Mecânica e Máquinas Motoras pela Universidade de São Paulo (2013) . Fulbright Scholar - Cátedra de Ciências Agrárias na University of Nebraska/Lincoln (2017). Foi Chefe e Vice-Chefe do LEB, Presidente da Comissão de Relações Internacionais, Coodenador de Curso de Graduação, Vice-Diretor do Centro de Informática &quot;Luiz de Queiroz&quot; e atualmente é Presidente da Comissão de Graduação e Presidente da Comissão de Administração, Orçamento e Patrimônio da Esalq/USP.",21-11-2023,Universidade de São Paulo,https://orcid.org/0000-0001-5407-9031,006700000002,1,SIM,0,IN
5401789813032087,Articulação e Apoio para a Implementação do Plano Diretor Socioambiental Participativo do Campus Luiz de Queiroz,34,2018,2026,EM_ANDAMENTO,EXTENSAO,"O campus ?Luiz de Queiroz? possui uma área total de 3.642,06 que corresponde a 48,8% do total do território da Universidade de São Paulo. O uso do solo do campus se configura um mosaico com diversos usos e diversas atividades antrópicas relacionando-se com o ambiente de entorno. Nesse sentido, o Plano Diretor consiste em um instrumento de extrema importância, contribuindo para nortear o processo de tomada de decisões dentro do campus. Este documento passou pelo seu processo de revisão entre os anos de 2017 e 2018, oficializando então a criação de novos Grupos de Trabalho e a renovação das diretrizes e metas de todo o documento. Em seguida, o principal intuito era de se padronizar a implementação dessas diretrizes propostas pelos GTs, onde é necessário realizar a avaliação do processo de implementação das diretrizes através dos seus indicadores para que consequentemente seja possível a criação de um banco de dados efetivo, proporcionando a todos uma real noção do andamento do Plano Diretor Socioambiental no campus ?Luiz de Queiroz?. Desse modo, o projeto visa executar um trabalho cujo objetivo é garantir o acompanhamento do avanço em direção a sustentabilidade e ao atendimento das exigências ambientais da universidade atingido pelo Plano Diretor Socioambiental do campus ?Luiz de Queiroz? e no cumprimento a Política Ambiental da USP, instituída por meio da Resolução 7.465 de 11 de janeiro de 2018.","['Thiago Libório Romanelli', 'Ana Maria de Meira']","['SIM', 'NAO']",['Pró-Reitoria de Graduação/USP-BOLSA'],Escola Superior de Agricultura &quot;Luiz de Queiroz&quot;,000200000993,Thiago Libório Romanelli,Romanelli,"ROMANELLI, T. L.;Romanelli, Thiago L.;Romanelli, Thiago Libório;ROMANELLI, THIAGO;Libório Romanelli, Thiago",Piracicaba,SP,"Professor Titular do Departamento de Engenharia de Biossistemas (LEB), Esalq/USP. Atua nos temas: Fluxos de Materiais e de Energia em Sistemas de Produção, Sustentabilidade, Análises de Ciclo de Vida e Viabilidade econômica de adoção de tecnologia. É Engenheiro Agrônomo pela Universidade de São Paulo (2000), mestre em Máquinas Agrícolas pela Universidade de São Paulo (2003) e doutor em Recursos Florestais pela Universidade de São Paulo (2007), tendo sido Research Associate do Center for Environmental Policy da University of Florida (2005-2006),  Professor Doutor (2008-2013) e Livre Docente em Mecânica e Máquinas Motoras pela Universidade de São Paulo (2013) . Fulbright Scholar - Cátedra de Ciências Agrárias na University of Nebraska/Lincoln (2017). Foi Chefe e Vice-Chefe do LEB, Presidente da Comissão de Relações Internacionais, Coodenador de Curso de Graduação, Vice-Diretor do Centro de Informática &quot;Luiz de Queiroz&quot; e atualmente é Presidente da Comissão de Graduação e Presidente da Comissão de Administração, Orçamento e Patrimônio da Esalq/USP.",21-11-2023,Universidade de São Paulo,https://orcid.org/0000-0001-5407-9031,006700000002,1,SIM,0,IN
5401789813032087,Impact Evaluation: Sustainability of Swiss Soy Imports,30,2019,2020,CONCLUIDO,PESQUISA,The envisaged study aims at identifying and assessing sustainability impacts of participation in soy-bean sustainability standards on farms in the Brazilian Cerrado. The Project is thus situated at the nexus of biodiversity protection and sustainable trade policies. Its relevance emanates from the con-text outlined below.,"['Thiago Libório Romanelli', 'Graciele Angnes', 'Jan Grenz']","['SIM', 'NAO', 'NAO']",['Swiss Federal Office for the Environment-AUXILIO_FINANCEIRO'],Escola Superior de Agricultura &quot;Luiz de Queiroz&quot;,000200000993,Thiago Libório Romanelli,Romanelli,"ROMANELLI, T. L.;Romanelli, Thiago L.;Romanelli, Thiago Libório;ROMANELLI, THIAGO;Libório Romanelli, Thiago",Piracicaba,SP,"Professor Titular do Departamento de Engenharia de Biossistemas (LEB), Esalq/USP. Atua nos temas: Fluxos de Materiais e de Energia em Sistemas de Produção, Sustentabilidade, Análises de Ciclo de Vida e Viabilidade econômica de adoção de tecnologia. É Engenheiro Agrônomo pela Universidade de São Paulo (2000), mestre em Máquinas Agrícolas pela Universidade de São Paulo (2003) e doutor em Recursos Florestais pela Universidade de São Paulo (2007), tendo sido Research Associate do Center for Environmental Policy da University of Florida (2005-2006),  Professor Doutor (2008-2013) e Livre Docente em Mecânica e Máquinas Motoras pela Universidade de São Paulo (2013) . Fulbright Scholar - Cátedra de Ciências Agrárias na University of Nebraska/Lincoln (2017). Foi Chefe e Vice-Chefe do LEB, Presidente da Comissão de Relações Internacionais, Coodenador de Curso de Graduação, Vice-Diretor do Centro de Informática &quot;Luiz de Queiroz&quot; e atualmente é Presidente da Comissão de Graduação e Presidente da Comissão de Administração, Orçamento e Patrimônio da Esalq/USP.",21-11-2023,Universidade de São Paulo,https://orcid.org/0000-0001-5407-9031,006700000002,1,SIM,0,IN
5401789813032087,PROJETO ESCOLAS PÚBLICAS NA ESALQ,39,2019,2020,CONCLUIDO,EXTENSAO,,['Thiago Libório Romanelli'],['SIM'],['Pró-Reitoria de Graduação/USP-BOLSA'],Universidade de São Paulo,006700000002,Thiago Libório Romanelli,Romanelli,"ROMANELLI, T. L.;Romanelli, Thiago L.;Romanelli, Thiago Libório;ROMANELLI, THIAGO;Libório Romanelli, Thiago",Piracicaba,SP,"Professor Titular do Departamento de Engenharia de Biossistemas (LEB), Esalq/USP. Atua nos temas: Fluxos de Materiais e de Energia em Sistemas de Produção, Sustentabilidade, Análises de Ciclo de Vida e Viabilidade econômica de adoção de tecnologia. É Engenheiro Agrônomo pela Universidade de São Paulo (2000), mestre em Máquinas Agrícolas pela Universidade de São Paulo (2003) e doutor em Recursos Florestais pela Universidade de São Paulo (2007), tendo sido Research Associate do Center for Environmental Policy da University of Florida (2005-2006),  Professor Doutor (2008-2013) e Livre Docente em Mecânica e Máquinas Motoras pela Universidade de São Paulo (2013) . Fulbright Scholar - Cátedra de Ciências Agrárias na University of Nebraska/Lincoln (2017). Foi Chefe e Vice-Chefe do LEB, Presidente da Comissão de Relações Internacionais, Coodenador de Curso de Graduação, Vice-Diretor do Centro de Informática &quot;Luiz de Queiroz&quot; e atualmente é Presidente da Comissão de Graduação e Presidente da Comissão de Administração, Orçamento e Patrimônio da Esalq/USP.",21-11-2023,Universidade de São Paulo,https://orcid.org/0000-0001-5407-9031,006700000002,1,SIM,0,IN
5401789813032087,OBTENÇÃO DE NOVOS INGREDIENTES ATIVOS A PARTIR DE RESÍDUOS DE ÓLEO DE ABACATE,32,2022,2026,EM_ANDAMENTO,PESQUISA,"O aumento do consumo de alimentos considerados Clean Label tem despertado o interesse por parte das indústrias em repensar formulações de alimentos já existentes no mercado. A procura por produtos provenientes de fontes sustentáveis e ambientalmente amigáveis tem forçado tanto a indústria de alimentos quanto a comunidade acadêmica a buscarem alternativas a antioxidantes sintéticos como o BHA, BHT e TBHQ. Paralelamente, o processamento de óleo a partir de diferentes fontes vegetais gera uma significativa quantidade de resíduos. Os resíduos gerados durante a produção do óleo de abacate são fontes promissoras de compostos ativos, com potencial de aplicação na indústria alimentícia e cosmética, devido ao alto teor de compostos fenólicos, propriedades funcionais e capacidade antioxidante apresentados. Apesar de inúmeras aplicações, a obtenção desses compostos de interesse deve ser estudada de forma holística, em que todas as etapas do processo de obtenção de ingredientes ativos sejam eficientes e amigáveis ao meio ambiente. O objetivo desse projeto é desenvolver processos para a recuperação de antioxidantes a partir dos resíduos mencionados, agregando valor aos materiais descartados, ampliando o conhecimento sobre a atividade antioxidante e antimicrobiana de produtos derivados de resíduos da extração de óleo de abate em emulsões lipídicas. Para tanto, métodos de otimização serão aplicados para seleção das condições que permitam a máxima extração dos compostos de interesse com uso de métodos combinados, reduzindo uso energético e de materiais. Visando a aplicação em sistemas-modelo, micropartículas provenientes dos extratos obtidos serão adicionadas a emulsões lipídicas e seu efeito frente à oxidação será determinado. Por se tratar de projeto para melhoria da qualidade de alimentos, a exploração de um novo ingrediente, que pode ser produzido no Brasil, abre a possibilidade para desenvolvimento de novos negócios no país. Além do mais, todos os esforços para que ingredientes e aditivos sejam sempre melhorados visado ao consumidor final estão relacionados ao bem-estar e saúde da população, aliado à valorização de materiais que ainda são tratados como resíduos pelo setor produtivo.","['Thiago Libório Romanelli', 'Thais Maria Ferreira de Souza Vieira', 'Juliana Maria Leite Nobrega de Moura Bell', 'LUIS FELIPE DE FREITAS FABRICIO']","['NAO', 'SIM', 'NAO', 'NAO']",['Fundação de Amparo à Pesquisa do Estado de São Paulo-AUXILIO_FINANCEIRO'],Universidade de São Paulo,006700000002,Thiago Libório Romanelli,Romanelli,"ROMANELLI, T. L.;Romanelli, Thiago L.;Romanelli, Thiago Libório;ROMANELLI, THIAGO;Libório Romanelli, Thiago",Piracicaba,SP,"Professor Titular do Departamento de Engenharia de Biossistemas (LEB), Esalq/USP. Atua nos temas: Fluxos de Materiais e de Energia em Sistemas de Produção, Sustentabilidade, Análises de Ciclo de Vida e Viabilidade econômica de adoção de tecnologia. É Engenheiro Agrônomo pela Universidade de São Paulo (2000), mestre em Máquinas Agrícolas pela Universidade de São Paulo (2003) e doutor em Recursos Florestais pela Universidade de São Paulo (2007), tendo sido Research Associate do Center for Environmental Policy da University of Florida (2005-2006),  Professor Doutor (2008-2013) e Livre Docente em Mecânica e Máquinas Motoras pela Universidade de São Paulo (2013) . Fulbright Scholar - Cátedra de Ciências Agrárias na University of Nebraska/Lincoln (2017). Foi Chefe e Vice-Chefe do LEB, Presidente da Comissão de Relações Internacionais, Coodenador de Curso de Graduação, Vice-Diretor do Centro de Informática &quot;Luiz de Queiroz&quot; e atualmente é Presidente da Comissão de Graduação e Presidente da Comissão de Administração, Orçamento e Patrimônio da Esalq/USP.",21-11-2023,Universidade de São Paulo,https://orcid.org/0000-0001-5407-9031,006700000002,1,NAO,1,IN
5401789813032087,Smart Farming e Produção Agroalimentar Sustentável,40,2023,2026,EM_ANDAMENTO,PESQUISA,"O projeto ?Smart Farming e Produção Agroalimentar Sustentável? propõe continuidade da parceria, do Brasil, entre PUCPR, UFRA e USP/Esalq e, da França, entre France Agro³ e ESA/Angers, que cooperam desde 2005. O projeto foca na preparação dos estudantes para novas tecnologias, como as smart farms.","['Thiago Libório Romanelli', 'Helaine Carrer', 'Carissa Michelle Goltara Bichara', 'Cristian Faturi', 'Edilberto Nunes de Moura', 'Renata Ernlund Freitas de Macedo', 'Cristina Santos Sotomaior']","['SIM', 'NAO', 'NAO', 'NAO', 'NAO', 'NAO', 'NAO']",['CAPES - Centro Anhanguera de Promoção e Educação Social-BOLSA'],Universidade de São Paulo,006700000002,Thiago Libório Romanelli,Romanelli,"ROMANELLI, T. L.;Romanelli, Thiago L.;Romanelli, Thiago Libório;ROMANELLI, THIAGO;Libório Romanelli, Thiago",Piracicaba,SP,"Professor Titular do Departamento de Engenharia de Biossistemas (LEB), Esalq/USP. Atua nos temas: Fluxos de Materiais e de Energia em Sistemas de Produção, Sustentabilidade, Análises de Ciclo de Vida e Viabilidade econômica de adoção de tecnologia. É Engenheiro Agrônomo pela Universidade de São Paulo (2000), mestre em Máquinas Agrícolas pela Universidade de São Paulo (2003) e doutor em Recursos Florestais pela Universidade de São Paulo (2007), tendo sido Research Associate do Center for Environmental Policy da University of Florida (2005-2006),  Professor Doutor (2008-2013) e Livre Docente em Mecânica e Máquinas Motoras pela Universidade de São Paulo (2013) . Fulbright Scholar - Cátedra de Ciências Agrárias na University of Nebraska/Lincoln (2017). Foi Chefe e Vice-Chefe do LEB, Presidente da Comissão de Relações Internacionais, Coodenador de Curso de Graduação, Vice-Diretor do Centro de Informática &quot;Luiz de Queiroz&quot; e atualmente é Presidente da Comissão de Graduação e Presidente da Comissão de Administração, Orçamento e Patrimônio da Esalq/USP.",21-11-2023,Universidade de São Paulo,https://orcid.org/0000-0001-5407-9031,006700000002,1,SIM,0,IN
5401789813032087,Viabilidade econômica da produção de biogás em substituição ao óleo diesel no setor sucroenergético,41,2023,2026,EM_ANDAMENTO,PESQUISA,"A inserção de novas tecnologias, no ambiente produtivo agrícola e agroindustrial, é algo recorrente e dinâmico, com surgimento de melhorias de processos, produção com maior eficiência, inserção de novos métodos e até criação de novos produtos derivados de culturas tradicionais, são uma realidade da agroindústria brasileira. Com 9,5 milhões de hectares de cana plantada, o setor sucroenergético é o segundo mais importante na matriz energética brasileira, desde 2007. Dentre as inovações viáveis a esse setor está a produção do biogás. A obtenção do biogás, bem como a sua transformação em biometano, equivalente ao GNV (Gás Natural Veicular), para posterior utilização na própria frota de pesados da usina demonstra o potencial de utilização desse coprodutor, uma vez que entrará como substituto direto do óleo diesel, que representa um dos maiores custos do processo produtivo no setor, além da possibilidade do próprio biogás poder ser também disponibilizado para a comercialização como biometano, ou como geração de eletricidade, por meio de sua combustão. Ao longo das últimas décadas, abordagens de caráter ambiental passaram a figurar nos mais variados setores da economia, porém o industrial se destaca pela contribuição na emissão de Gases de Efeito Estufa (GEE). Politicas baseadas na diminuição dos GEE, em especial na descarbonização, surgem como alternativas para atender os apelos da sociedade e de acordos globais (ex.: COP21), nos quais o compromisso firmado pelo brasileiro foi de reduzir suas emissões em 37% até 2025 e 43% até 2030, ano base 2005. Em linha com essa diminuição, há um tema que tem se destacado dentre às novas tecnologias do setor, e surge como uma opção para aproveitamento dos resíduos da produção do açúcar e etanol, podendo ser a protagonista de uma nova evolução sucroenergética, é a produção de biogás, por meio da vinhaça, inclusive podendo usar o biodigestor para dejetos, da pecuária e avicultura, conforme a economia regional de cada usina. A adoção dessa nova tecnologia do biogás da vinhaça gera incertezas pelo fato de ainda não ter alcançado larga escala, onde a maioria dos projetos são embrionários, porém isso está mudando, com a entrada de players nesse novo momento de produção do setor sucroenergético, e passando a criar plantas completas para essa geração de biogás, momento esse, também deverá ser favorecido pelo desenvolvimento de máquinas e veículos pesados compatíveis com esse biocombustível, que até então apenas possuíam versões movidas à diesel. O objetivo desse projeto é realizar uma análise comparativa do ponto de vista econômico e financeiro, sobre a viabilidade da geração e utilização do biogás, em planta anexa a usinas ou destilarias de etanol de primeira geração, como combustível substituto do óleo diesel para máquinas agrícolas e veículos pesados. Os cenários considerarão além da produção do biogás e a diminuição da aquisição de compra do óleo diesel, o potencial de remuneração pelos créditos de descarbonização criados pelo programa RenovaBio (CBios) e das emissões de Gases de Efeito Estufa evitadas. Os resultados esperados devem determinar os efeitos da maior independência energética e da remuneração por meio dos créditos de descarbonização criados pelo programa RenovaBio (CBios). Serão também considerados os efeitos indiretos do uso da vinhaça como matéria prima do biogás ao invés de ser aplicada como fonte de nutriente nos canaviais, bem como o efeito indireto do uso da torta de filtro para a produção de biogás.","['Thiago Libório Romanelli', 'Flávio Eduardo Fava']","['SIM', 'NAO']",['Conselho Nacional de Desenvolvimento Científico e Tecnológico-BOLSA'],Universidade de São Paulo,006700000002,Thiago Libório Romanelli,Romanelli,"ROMANELLI, T. L.;Romanelli, Thiago L.;Romanelli, Thiago Libório;ROMANELLI, THIAGO;Libório Romanelli, Thiago",Piracicaba,SP,"Professor Titular do Departamento de Engenharia de Biossistemas (LEB), Esalq/USP. Atua nos temas: Fluxos de Materiais e de Energia em Sistemas de Produção, Sustentabilidade, Análises de Ciclo de Vida e Viabilidade econômica de adoção de tecnologia. É Engenheiro Agrônomo pela Universidade de São Paulo (2000), mestre em Máquinas Agrícolas pela Universidade de São Paulo (2003) e doutor em Recursos Florestais pela Universidade de São Paulo (2007), tendo sido Research Associate do Center for Environmental Policy da University of Florida (2005-2006),  Professor Doutor (2008-2013) e Livre Docente em Mecânica e Máquinas Motoras pela Universidade de São Paulo (2013) . Fulbright Scholar - Cátedra de Ciências Agrárias na University of Nebraska/Lincoln (2017). Foi Chefe e Vice-Chefe do LEB, Presidente da Comissão de Relações Internacionais, Coodenador de Curso de Graduação, Vice-Diretor do Centro de Informática &quot;Luiz de Queiroz&quot; e atualmente é Presidente da Comissão de Graduação e Presidente da Comissão de Administração, Orçamento e Patrimônio da Esalq/USP.",21-11-2023,Universidade de São Paulo,https://orcid.org/0000-0001-5407-9031,006700000002,1,SIM,0,IN
5859946324646438,Modelo para predição de dias agronomicamente viáveis para operações agrícolas mecanizadas,1,2017,2026,EM_ANDAMENTO,PESQUISA,"O estado do Mato Grosso tem o setor agrícola, principalmente as culturas de soja e milho, como uma das principais fontes de geração de receita para sua economia. Nos últimos anos, mudanças no clima tem promovido alterações na incidência de pragas e doenças, no rendimento das culturas, entre outros fatores. A mecanização agrícola, que é um recurso que deve auxiliar no cumprimento dos processos de um sistema de produção, também tem sido afetada pelas alterações no clima. Uma das principais consequências é o não cumprimento da pontualidade das operações, o que pode acarretar em redução de receita, tanto do ponto de vista financeiro como do balanço energético. Uma alternativa para tentar reduzir as referidas consequências é a utilização de modelos computacionais para simular possíveis cenários, e assim, poder auxiliar no planejamento das operações agrícolas. Pelo exposto, esse trabalho tem como objetivo desenvolver um modelo computacional para a estimar o número de dias agronomicamente viáveis para realização das operações agrícolas mecanizadas. Com os resultados obtidos espera-se disponibilizar um produto (interface) via web ou software para produtores, profissionais do setor agrícola local e áreas afins, para que os mesmos possam fazer uso prático do modelo desenvolvido, assim como, gerar novas práticas no planejamento das operações agrícolas..&#10;Situação: Em andamento; Natureza: Pesquisa.&#10;Alunos envolvidos: Graduação: (4) / Mestrado acadêmico: (2) / Doutorado: (1) .","['Maria Carolina da Silva Andrea', 'Rafael Cesar Tieppo', 'Thiago Libório Romanelli', 'Rivanildo Dallacort', 'Adalberto Santi', 'Erivelto Mercante', 'André Tavares de Vasconcelos', 'João Danilo Barbieri', 'Emili Ferreira Campachi', 'Julia Gallo Barreto']","['NAO', 'SIM', 'NAO', 'NAO', 'NAO', 'NAO', 'NAO', 'NAO', 'NAO', 'NAO']",['Fundação de Amparo à Pesquisa do Estado de Mato Grosso-AUXILIO_FINANCEIRO'],Universidade do Estado de Mato Grosso,841500000008,Maria Carolina da Silva Andrea,Andrea,"ANDREA, M. C. S.;ANDREA, MARIA CAROLINA DA SILVA;DA S. ANDREA, MARIA CAROLINA;Andréa, M. C. S.",Ribeirao Preto,SP,"Possui graduação em Engenharia Agronômica, Mestrado e Doutorado pelo Programa de Engenharia de Sistemas Agrícolas, realizados pela Universidade de São Paulo (USP/ESALQ).&#10;Na graduação participou de pesquisa relacionada com o uso eficiente de água e nitrogênio na produção de forrageiras destinadas à produção de bioetanol. No mestrado avaliou a eficiência do uso de insumos do ciclo de produção de forrageiras. Durante o doutorado utilizou modelo de desenvolvimento de culturas para avaliar a quebra de produtividade e lucratividade da produção da cultura do milho relacionada à variabilidade climática e aplicação de fertilizante nitrogenado.&#10;Atuou como pesquisadora de Pós-doutorado na Universidade do Estado de Mato Grosso - UNEMAT, e como professora do ensino superior na Universidade do Estado de Mato Grosso - UNEMAT, ministrando disciplinas da área de engenharia agrícola para o curso de bacharelado em agronomia.&#10;Atualmente atua como cientista de dados.&#10;Linha de pesquisa em gestão de sistemas de produção, agrometeorologia, sustentabilidade de sistemas de produção,  uso de modelos de desenvolvimento de culturas.",15-07-2022,Universidade do Estado de Mato Grosso,https://orcid.org/0000-0001-9633-6622,841500000008,1,NAO,1,IN
